t_ms,state,th,psi,dth,dpsi,u,th_acc,exec_us
65481,0,0.02671,-0.50432,0.0074,0.0005,0.0000,0.01670,993
65491,2,0.02673,0.00000,0.0058,0.0000,0.0000,0.02457,1868
65501,2,0.02684,-0.00009,0.0116,-0.0037,2.7410,0.02664,1494
65511,2,0.02706,0.00166,-0.0113,0.0677,2.6985,0.04405,1463
65521,2,0.02644,0.00960,-0.0442,0.3583,3.0574,0.01719,1463
65531,2,0.02620,0.02094,0.0036,0.6688,4.4298,0.01236,1470
65541,2,0.02592,0.03569,-0.0198,0.9912,5.0292,0.02198,1475
65551,2,0.02581,0.05838,0.0063,1.5023,6.7263,0.01728,1490
65561,2,0.02551,0.08640,-0.0033,2.0220,8.0334,0.01211,1481
65571,2,0.02573,0.12043,0.0180,2.5746,9.8395,0.02740,1464
65581,2,0.02553,0.16406,-0.0043,3.2900,11.5658,0.01792,1466
65591,2,0.02574,0.21991,0.0074,4.2079,14.2829,0.03271,1465
65601,2,0.02632,0.28362,0.0004,5.0733,16.6980,0.05491,1471
65611,2,0.02667,0.36914,-0.0560,6.4647,19.9809,0.07199,1483
65621,2,0.02679,0.47115,-0.0794,7.9590,23.9216,0.07256,1489
65631,2,0.02545,0.60651,-0.1203,10.1898,29.5570,0.01867,1475
65641,2,0.02335,0.76968,-0.1565,12.6410,30.0000,-0.00352,1477
65651,2,0.02148,0.95897,-0.1038,15.1560,30.0000,-0.02007,1492
65661,2,0.01934,1.17722,-0.1102,17.8238,30.0000,-0.03220,1466
65671,2,0.01820,1.40839,0.0255,19.9411,30.0000,-0.05183,1478
65681,2,0.01819,1.65632,0.0909,21.8816,30.0000,-0.02774,1483
65691,2,0.01791,1.91463,0.1244,23.4613,30.0000,-0.05838,1475
65701,2,0.01923,2.18951,0.1260,25.0723,30.0000,0.02254,1506
65711,2,0.02027,2.45987,0.1830,25.8576,30.0000,-0.01935,1497
65721,2,0.02247,2.74454,0.1925,26.9013,30.0000,0.03633,1472
65731,2,0.02389,3.02893,0.1026,27.5165,30.0000,0.04362,1484
65741,2,0.02650,3.31700,0.0968,28.0327,30.0000,0.10841,1484
65751,2,0.02871,3.61021,0.0042,28.5478,30.0000,0.13704,1476
65761,2,0.02817,3.90160,-0.1102,28.7843,30.0000,0.05633,1466
65771,2,0.02692,4.19481,-0.1927,28.9991,30.0000,0.06067,1464
65781,2,0.02484,4.48200,-0.1432,28.8872,30.0000,-0.00760,1462
65791,2,0.02296,4.77173,-0.1187,28.9214,30.0000,-0.01152,1480
65801,2,0.02208,5.05535,0.0143,28.6977,30.0000,-0.02919,1478
65811,2,0.02115,5.34158,0.0664,28.6679,30.0000,-0.05837,1490
65821,2,0.02192,5.62433,0.0771,28.5106,30.0000,0.02166,1492
65831,2,0.02233,5.90620,0.0579,28.3811,30.0000,0.01426,1463
65841,2,0.02445,6.18806,0.0345,28.3034,30.0000,0.11322,1461
65851,2,0.02489,6.47081,-0.0155,28.2918,30.0000,0.05435,1470
65861,2,0.02436,6.75616,-0.0299,28.3893,30.0000,0.01303,1477
65871,2,0.02402,7.03804,-0.0192,28.3086,30.0000,0.01636,1490
65881,2,0.02379,7.32855,-0.0198,28.6056,30.0000,0.02242,1487
65891,2,0.02348,7.61565,-0.0144,28.6475,30.0000,0.01487,1465
65901,2,0.02247,7.90276,-0.0522,28.6728,30.0000,-0.00149,1466
65911,2,0.02211,8.19249,0.0058,28.7928,30.0000,0.00091,1464
65921,2,0.02214,8.49277,0.0207,29.2868,30.0000,0.01348,1471
65931,2,0.02218,8.78669,0.0611,29.3290,30.0000,-0.00657,1475
65941,2,0.02251,9.08008,0.0755,29.3329,30.0000,0.00158,1475
65951,2,0.02428,9.38377,0.0723,29.7473,30.0000,0.07648,1487
65961,2,0.02593,9.68047,0.0510,29.7166,30.0000,0.08281,1490
65971,2,0.02645,9.97351,-0.0017,29.5515,30.0000,0.05366,1466
65981,2,0.02680,10.27300,-0.0379,29.7106,30.0000,0.06278,1461
65991,2,0.02609,10.57399,-0.0607,29.8658,30.0000,0.02106,1477
66001,2,0.02620,10.86721,-0.0187,29.6483,30.0000,0.04111,1466
66011,2,0.02547,11.15598,-0.0033,29.3396,30.0000,-0.00911,1496
66021,2,0.02636,11.44762,0.0249,29.2694,30.0000,0.05811,1482
66031,2,0.02678,11.73385,0.0201,29.0109,30.0000,0.03800,1467
66041,2,0.02645,12.01825,0.0058,28.7826,30.0000,0.00703,1471
66051,2,0.02657,12.30631,0.0276,28.7921,30.0000,0.01870,1509
66061,2,0.02690,12.58810,0.0148,28.5466,30.0000,0.03582,1471
66071,2,0.02692,12.87354,0.0175,28.5458,30.0000,0.01927,1477
66081,2,0.02681,13.15804,-0.0006,28.5072,30.0000,0.02164,1481
66091,2,0.02750,13.44078,0.0185,28.4141,30.0000,0.05252,1489
66101,2,0.02827,13.73138,-0.0054,28.6726,30.0000,0.06956,1493
66111,2,0.02857,14.01674,0.0063,28.6178,30.0000,0.04065,1463
66121,2,0.02827,14.30550,0.0191,28.7213,30.0000,0.00361,1461
66131,2,0.02845,14.60405,-0.0113,29.1746,30.0000,0.04317,1475
66141,2,0.02856,14.90328,0.0239,29.4741,30.0000,0.02186,1479
66151,2,0.02830,15.19736,0.0409,29.4477,30.0000,-0.00494,1478
66161,2,0.02863,15.49853,0.0372,29.7152,30.0000,0.02625,1482
66171,2,0.02975,15.79523,0.0244,29.6974,30.0000,0.07353,1470
66181,2,0.03012,16.08836,0.0473,29.5433,30.0000,0.02511,1498
66191,2,0.03021,16.38602,-0.0091,29.6324,30.0000,0.03928,1470
66201,2,0.03035,16.68177,-0.0171,29.6096,30.0000,0.04588,1465
66211,2,0.03026,16.97507,0.0095,29.4976,30.0000,0.02114,1479
66221,2,0.03027,17.26820,-0.0198,29.4240,30.0000,0.04081,1477
66231,2,0.03066,17.55975,0.0308,29.3164,30.0000,0.03445,1496
66241,2,0.03083,17.84765,-0.0150,29.1057,30.0000,0.04719,1502
66251,2,0.03130,18.13048,0.0467,28.7766,30.0000,0.03109,1463
66261,2,0.03105,18.41576,0.0020,28.6771,30.0000,0.01767,1471
66271,2,0.03048,18.69772,-0.0038,28.4846,30.0000,0.00366,1480
66281,2,0.02956,18.98220,-0.0442,28.4702,30.0000,0.00592,1481
66291,2,0.02938,19.26408,0.0079,28.3571,30.0000,0.01635,1463
66301,2,0.02910,19.54943,0.0031,28.4285,30.0000,0.01339,1461
66311,2,0.02933,19.83741,-0.0214,28.5762,30.0000,0.05169,1464
66321,2,0.02891,20.11841,0.0084,28.3857,30.0000,0.00395,1471
66331,2,0.02895,20.41075,0.0329,28.7251,30.0000,0.01406,1483
66341,2,0.02872,20.70484,0.0058,28.9987,30.0000,0.01430,1487
66351,2,0.02827,20.99805,0.0090,29.1277,30.0000,0.00160,1463
66361,2,0.02932,21.29214,0.0675,29.2403,30.0000,0.04790,1461
66371,2,0.02937,21.58973,0.0122,29.4475,30.0000,0.02572,1465
66381,2,0.02932,21.88555,-0.0091,29.5014,30.0000,0.03175,1471
66391,2,0.02962,22.18401,0.0095,29.6390,30.0000,0.03987,1490
66401,2,0.02977,22.48071,0.0164,29.6517,30.0000,0.02892,1478
66411,2,0.02891,22.77567,-0.0379,29.5894,30.0000,0.00480,1489
66421,2,0.02814,23.07151,0.0020,29.5872,30.0000,-0.01131,1462
66431,2,0.02815,23.36996,0.0020,29.6905,30.0000,0.02742,1475
66441,2,0.02742,23.65968,-0.0363,29.4030,30.0000,0.00929,1459
66451,2,0.02688,23.94854,0.0063,29.1961,30.0000,-0.00357,1497
66461,2,0.02731,24.23914,-0.0017,29.1415,30.0000,0.04977,1484
66471,2,0.02766,24.52013,0.0366,28.7248,30.0000,0.02714,1467
66481,2,0.02748,24.80462,0.0052,28.6143,30.0000,0.01564,1471
66491,2,0.02759,25.08911,-0.0160,28.5483,30.0000,0.04091,1482
66501,2,0.02754,25.36749,0.0106,28.2639,30.0000,0.01977,1463
66511,2,0.02682,25.65372,0.0004,28.4076,30.0000,-0.00925,1475
66521,2,0.02625,25.93908,-0.0246,28.4591,30.0000,0.01028,1479
66531,2,0.02530,26.21834,0.0026,28.2458,30.0000,-0.02378,1475
66541,2,0.02480,26.50806,0.0084,28.5365,30.0000,-0.00453,1461
66551,2,0.02458,26.79779,-0.0097,28.7110,30.0000,0.01868,1509
66561,2,0.02509,27.08925,0.0462,28.8849,30.0000,0.02763,1458
66571,2,0.02556,27.38334,0.0542,29.0946,30.0000,0.02156,1475
66581,2,0.02493,27.68005,-0.0144,29.3250,30.0000,0.00066,1477
66591,2,0.02552,27.97239,0.0302,29.2887,30.0000,0.04018,1491
66601,2,0.02599,28.26910,0.0324,29.4415,30.0000,0.03322,1494
66611,2,0.02593,28.56842,-0.0043,29.6379,30.0000,0.02513,1463
66621,2,0.02519,28.86076,-0.0214,29.4765,30.0000,-0.00140,1458
66631,2,0.02584,29.15049,0.0233,29.2749,30.0000,0.04698,1470
66641,2,0.02590,29.45243,-0.0208,29.6426,30.0000,0.03917,1476
66651,2,0.02529,29.73953,-0.0192,29.2696,30.0000,0.00428,1491
66661,2,0.02520,30.03275,0.0132,29.2906,30.0000,0.01416,1485
66671,2,0.02569,30.32422,0.0106,29.2330,30.0000,0.04499,1463
66681,2,0.02516,30.60958,0.0100,28.9543,30.0000,-0.00616,1466
66691,2,0.02526,30.89581,-0.0171,28.8219,30.0000,0.03872,1463
66701,2,0.02524,31.18293,0.0127,28.7778,30.0000,0.01790,1471
66711,2,0.02537,31.46393,0.0004,28.5066,30.0000,0.03133,1466
66721,2,0.02635,31.75278,0.0148,28.6579,30.0000,0.06836,1471
66731,2,0.02667,32.03378,-0.0187,28.4347,30.0000,0.05165,1482
66741,2,0.02637,32.31477,0.0153,28.3007,30.0000,0.00401,1485
66751,2,0.02682,32.60537,0.0244,28.6043,30.0000,0.03697,1466
66761,2,0.02717,32.89160,0.0334,28.6119,30.0000,0.02783,1501
66771,2,0.02698,33.17871,0.0446,28.6515,30.0000,-0.00489,1464
66781,2,0.02724,33.47279,0.0175,28.9542,30.0000,0.03182,1471
66791,2,0.02783,33.76252,0.0122,28.9616,30.0000,0.05121,1482
66801,2,0.02734,34.06010,-0.0070,29.2803,30.0000,0.00602,1493
66811,2,0.02750,34.35419,0.0090,29.3315,30.0000,0.03139,1466
66821,0,0.02786,34.65089,0.0185,29.4672,0.0000,0.03666,2115
66841,0,0.02770,35.23122,0.0111,40.8932,0.0000,0.01417,1099
66851,0,0.02784,35.51658,0.0239,35.9504,0.0000,0.02270,1106
66861,0,0.02780,35.80281,0.0201,33.0195,0.0000,0.01551,1063
66871,0,0.02839,36.08643,0.0058,31.1563,0.0000,0.05541,1067
66881,0,0.02903,36.35957,0.0489,29.6197,0.0000,0.03649,1076
66891,0,0.02931,36.63097,0.0079,28.6278,0.0000,0.03924,1080
66901,0,0.02934,36.89626,-0.0059,27.7883,0.0000,0.03405,1084
66911,0,0.02933,37.15282,-0.0208,26.9354,0.0000,0.03893,1090
66921,0,0.02903,37.40851,0.0047,26.3886,0.0000,0.01157,1094
66931,0,0.02878,37.64849,0.0015,25.4325,0.0000,0.01595,1057
66941,0,0.02799,37.89110,-0.0006,24.9638,0.0000,-0.01138,1064
66951,0,0.02803,38.12498,0.0068,24.3334,0.0000,0.02654,1067
66961,0,0.02768,38.34925,0.0106,23.5710,0.0000,0.00508,1069
66971,0,0.02790,38.57265,0.0090,23.0785,0.0000,0.03450,1075
66981,0,0.02773,38.79169,0.0036,22.6087,0.0000,0.01724,1083
66991,0,0.02807,38.99850,0.0132,21.8379,0.0000,0.03821,1058
67001,0,0.02807,39.20358,0.0042,21.3059,0.0000,0.02633,1063
67011,0,0.02760,39.41302,-0.0075,21.1612,0.0000,0.00750,1058
67021,0,0.02715,39.61462,-0.0038,20.7604,0.0000,0.00665,1068
67031,0,0.02696,39.82056,-0.0033,20.6938,0.0000,0.01916,1071
67049,0,0.02783,40.18621,0.0553,27.0425,0.0000,0.04375,1100
67059,0,0.02779,40.37907,0.0143,23.9397,0.0000,0.01842,1059
67069,0,0.02801,40.56669,0.0425,21.8687,0.0000,0.01801,1059
67079,0,0.02804,40.75256,0.0090,20.5562,0.0000,0.02520,1065
67089,0,0.02812,40.93844,0.0031,19.7687,0.0000,0.03017,1073
67099,0,0.02790,41.12170,0.0244,19.1916,0.0000,0.00470,1060
67109,0,0.02899,41.29886,0.0116,18.6014,0.0000,0.07817,1068
67119,0,0.02868,41.47775,-0.0070,18.3166,0.0000,0.01636,1077
67129,0,0.02781,41.65228,-0.0043,17.9712,0.0000,-0.01353,1087
67139,0,0.02777,41.82071,0.0079,17.5198,0.0000,0.02207,1055
67149,0,0.02745,41.99000,-0.0033,17.2834,0.0000,0.01272,1059
67159,0,0.02794,42.14970,0.0521,16.7580,0.0000,0.02655,1056
67169,0,0.02823,42.31027,0.0100,16.4778,0.0000,0.03790,1062
67179,0,0.02830,42.46560,-0.0054,16.0998,0.0000,0.03421,1070
67189,0,0.02831,42.61745,0.0127,15.7338,0.0000,0.02269,1081
67199,0,0.02844,42.76144,0.0132,15.1998,0.0000,0.02847,1052
67209,0,0.02868,42.90281,0.0116,14.7748,0.0000,0.03462,1059
67219,0,0.02845,43.04417,0.0015,14.5195,0.0000,0.01651,1055
67229,0,0.02825,43.17944,0.0153,14.1225,0.0000,0.01036,1066
67239,0,0.02844,43.30685,0.0260,13.5699,0.0000,0.02509,1062
67258,0,0.02836,43.54160,-0.0001,17.5316,0.0000,0.02443,1122
67268,0,0.02758,43.65941,-0.0182,15.2315,0.0000,-0.00252,1074
67278,0,0.02697,43.76849,0.0223,13.5020,0.0000,-0.01491,1102
67288,0,0.02748,43.87932,0.0292,12.5345,0.0000,0.03858,1061
67298,0,0.02803,43.98229,-0.0267,11.6396,0.0000,0.06869,1074
67308,0,0.02818,44.09051,0.0031,11.3124,0.0000,0.03423,1074
67318,0,0.02769,44.19261,0.0010,10.8716,0.0000,0.00276,1081
67328,0,0.02771,44.28336,0.0558,10.1530,0.0000,0.00099,1061
67338,0,0.02825,44.37499,0.0207,9.7570,0.0000,0.04463,1070
67348,0,0.02845,44.45789,-0.0118,9.1702,0.0000,0.04449,1061
67358,0,0.02807,44.55040,-0.0240,9.2024,0.0000,0.02118,1070
67368,0,0.02728,44.63156,-0.0160,8.7679,0.0000,-0.00407,1071
67378,0,0.02732,44.70748,0.0553,8.2975,0.0000,0.00138,1088
67388,0,0.02747,44.77816,0.0515,7.8057,0.0000,0.00912,1078
67398,0,0.02830,44.84274,0.0451,7.2667,0.0000,0.04735,1086
67408,0,0.02941,44.90208,0.0116,6.7337,0.0000,0.07901,1061
67418,0,0.02931,44.96928,-0.0363,6.7282,0.0000,0.04245,1070
67428,0,0.02832,45.02512,-0.0597,6.2705,0.0000,0.00874,1061
67438,0,0.02717,45.08360,-0.0304,6.1012,0.0000,-0.01493,1070
67448,0,0.02667,45.13945,0.0185,5.8949,0.0000,-0.00778,1074
67467,0,0.02696,45.22584,0.0255,6.9924,0.0000,0.02890,1109
67477,0,0.02687,45.26860,0.0276,5.9060,0.0000,0.00839,1065
67487,0,0.02678,45.30090,-0.0027,4.8354,0.0000,0.02376,1068
67497,0,0.02689,45.32794,0.0207,3.9831,0.0000,0.02205,1073
67507,0,0.02766,45.35326,0.0494,3.4024,0.0000,0.04139,1077
67517,0,0.02789,45.36983,-0.0022,2.7043,0.0000,0.04029,1075
67527,0,0.02863,45.38292,-0.0070,2.1463,0.0000,0.06923,1082
67537,0,0.02835,45.39601,-0.0794,1.8114,0.0000,0.05406,1060
67547,0,0.02739,45.40997,-0.1129,1.6453,0.0000,0.03606,1070
67557,0,0.02525,45.42393,-0.0858,1.5457,0.0000,-0.03891,1076
67567,0,0.02415,45.43441,0.0052,1.3464,0.0000,-0.03329,1073
67577,0,0.02362,45.44139,0.0451,1.0871,0.0000,-0.02569,1073
67587,0,0.02452,45.44750,0.0877,0.8967,0.0000,0.02586,1080
67597,0,0.02581,45.45273,0.0659,0.7471,0.0000,0.05718,1060
67607,0,0.02693,45.45972,0.0446,0.7278,0.0000,0.06042,1065
67617,0,0.02702,45.46582,-0.0097,0.6808,0.0000,0.03646,1072
67627,0,0.02693,45.46931,0.0042,0.5483,0.0000,0.02030,1078
67637,0,0.02698,45.46931,0.0090,0.3290,0.0000,0.02515,1071
67647,0,0.02708,45.46757,0.0015,0.1275,0.0000,0.03105,1075
67657,0,0.02723,45.46320,0.0036,-0.0981,0.0000,0.03308,1076
67675,0,0.02645,45.45012,-0.0480,-0.5822,0.0000,0.01155,1113
67685,0,0.02569,45.44489,-0.0192,-0.5587,0.0000,-0.00268,1085
67695,0,0.02505,45.44139,0.0074,-0.4750,0.0000,-0.01090,1085
67705,0,0.02525,45.43964,0.0686,-0.3549,0.0000,0.00117,1079
67715,0,0.02595,45.43964,0.0632,-0.2129,0.0000,0.02941,1088
67725,0,0.02661,45.44052,0.0334,-0.0927,0.0000,0.04287,1061
67735,0,0.02707,45.44314,0.0100,0.0491,0.0000,0.04503,1075
67745,0,0.02703,45.44576,-0.0113,0.1341,0.0000,0.03063,1079
67755,0,0.02649,45.44925,-0.0230,0.2202,0.0000,0.01075,1088
67765,0,0.02609,45.45187,0.0084,0.2368,0.0000,0.00233,1081
67775,0,0.02618,45.45448,0.0382,0.2465,0.0000,0.01122,1085
67785,0,0.02644,45.45448,0.0271,0.1479,0.0000,0.02585,1072
67795,0,0.02669,45.45361,0.0079,0.0542,0.0000,0.03523,1082
67805,0,0.02674,45.45273,0.0026,-0.0029,0.0000,0.02824,1081
67815,0,0.02675,45.45100,0.0079,-0.0710,0.0000,0.02303,1070
67825,0,0.02652,45.45100,0.0068,-0.0426,0.0000,0.01155,1076
67835,0,0.02626,45.45100,0.0074,-0.0256,0.0000,0.00995,1092
67845,0,0.02651,45.45100,0.0393,-0.0153,0.0000,0.01918,1074
67855,0,0.02666,45.45187,0.0052,0.0256,0.0000,0.03144,1103
67865,0,0.02671,45.45273,-0.0001,0.0498,0.0000,0.02947,1062
67884,0,0.02638,45.45273,-0.0160,0.0299,0.0000,0.01781,1098
67894,0,0.02629,45.45187,0.0169,-0.0165,0.0000,0.01326,1079
67904,0,0.02629,45.45100,0.0159,-0.0447,0.0000,0.01828,1083
67914,0,0.02675,45.45100,0.0372,-0.0268,0.0000,0.03125,1069
67924,0,0.02700,45.45187,0.0074,0.0187,0.0000,0.03593,1073
67934,0,0.02710,45.45187,-0.0017,0.0112,0.0000,0.03266,1056
67944,0,0.02698,45.45187,-0.0086,0.0067,0.0000,0.02535,1065
67954,0,0.02657,45.45187,-0.0144,0.0040,0.0000,0.01326,1070
67964,0,0.02622,45.45187,0.0138,0.0024,0.0000,0.00225,1078
67974,0,0.02647,45.45187,0.0467,0.0015,0.0000,0.01542,1083
67984,0,0.02647,45.45187,0.0074,0.0009,0.0000,0.02273,1059
67994,0,0.02661,45.45187,0.0031,0.0005,0.0000,0.03185,1053
68004,0,0.02666,45.45187,0.0010,0.0003,0.0000,0.02865,1060
68014,0,0.02676,45.45187,0.0159,0.0002,0.0000,0.02381,1061
68024,0,0.02674,45.45187,0.0036,0.0001,0.0000,0.02419,1074
68034,0,0.02660,45.45187,0.0074,0.0001,0.0000,0.01611,1068
68044,0,0.02663,45.45187,0.0042,0.0000,0.0000,0.02567,1082
68054,0,0.02676,45.45187,0.0159,0.0000,0.0000,0.02530,1054
68064,0,0.02670,45.45187,0.0047,0.0000,0.0000,0.02130,1063
68074,0,0.02669,45.45187,0.0111,0.0000,0.0000,0.02092,1067
68093,0,0.02659,45.45187,0.0058,0.0000,0.0000,0.01860,1123
68103,0,0.02654,45.45187,0.0159,0.0000,0.0000,0.01600,1074
68113,0,0.02662,45.45187,0.0153,0.0000,0.0000,0.02306,1078
68123,0,0.02667,45.45187,0.0058,0.0000,0.0000,0.02637,1064
68133,0,0.02682,45.45187,0.0191,0.0000,0.0000,0.02468,1072
68143,0,0.02680,45.45187,0.0042,0.0000,0.0000,0.02396,1076
68153,0,0.02663,45.45187,0.0015,0.0000,0.0000,0.01725,1086
68163,0,0.02651,45.45187,0.0036,0.0000,0.0000,0.01849,1089
68173,0,0.02654,45.45187,0.0095,0.0000,0.0000,0.02341,1078
68183,0,0.02651,45.45187,0.0090,0.0000,0.0000,0.02056,1061
68193,0,0.02651,45.45187,0.0169,0.0000,0.0000,0.01794,1072
68203,0,0.02654,45.45187,0.0058,0.0000,0.0000,0.02502,1080
68213,0,0.02661,45.45187,0.0159,0.0000,0.0000,0.02250,1086
68223,0,0.02658,45.45187,0.0058,0.0000,0.0000,0.02184,1089
68233,0,0.02653,45.45187,0.0079,0.0000,0.0000,0.02031,1067
68243,0,0.02645,45.45187,0.0036,0.0000,0.0000,0.02042,1062
68253,0,0.02667,45.45187,0.0228,0.0000,0.0000,0.02661,1071
68263,0,0.02668,45.45187,0.0074,0.0000,0.0000,0.02318,1082
68273,0,0.02674,45.45187,0.0100,0.0000,0.0000,0.02485,1086
68283,0,0.02676,45.45187,0.0079,0.0000,0.0000,0.02401,1061
68302,0,0.02681,45.45187,0.0164,0.0000,0.0000,0.02090,1104
68312,0,0.02681,45.45187,0.0095,0.0000,0.0000,0.02225,1064
68322,0,0.02676,45.45187,0.0036,0.0000,0.0000,0.02251,1063
68332,0,0.02660,45.45187,0.0020,0.0000,0.0000,0.01750,1063
68342,0,0.02672,45.45187,0.0100,0.0000,0.0000,0.02772,1068
68352,0,0.02668,45.45187,-0.0022,0.0000,0.0000,0.02555,1077
68362,0,0.02668,45.45187,0.0063,0.0000,0.0000,0.02344,1073
68372,0,0.02658,45.45187,0.0068,0.0000,0.0000,0.01819,1082
68382,0,0.02665,45.45187,0.0185,0.0000,0.0000,0.02109,1084
68392,0,0.02665,45.45187,0.0052,0.0000,0.0000,0.02379,1065
68402,0,0.02658,45.45187,0.0127,0.0000,0.0000,0.01714,1074
68412,0,0.02645,45.45187,0.0116,0.0000,0.0000,0.01395,1078
68422,0,0.02654,45.45187,0.0095,0.0000,0.0000,0.02614,1064
68432,0,0.02656,45.45187,0.0010,0.0000,0.0000,0.02713,1066
68442,0,0.02661,45.45187,0.0079,0.0000,0.0000,0.02504,1078
68452,0,0.02671,45.45187,0.0143,0.0000,0.0000,0.02454,1082
68462,0,0.02662,45.45187,-0.0033,0.0000,0.0000,0.02404,1089
68472,0,0.02666,45.45187,0.0079,0.0000,0.0000,0.02446,1094
68482,0,0.02670,45.45187,0.0169,0.0000,0.0000,0.02043,1064
68492,0,0.02649,45.45187,-0.0097,0.0000,0.0000,0.02058,1063
68510,0,0.02638,45.45187,0.0047,0.0000,0.0000,0.01853,1129
68520,0,0.02641,45.45187,0.0079,0.0000,0.0000,0.02401,1072
68530,0,0.02644,45.45187,0.0127,0.0000,0.0000,0.02152,1085
68540,0,0.02637,45.45187,0.0010,0.0000,0.0000,0.02262,1053
68550,0,0.02639,45.45187,0.0084,0.0000,0.0000,0.02320,1059
68560,0,0.02641,45.45187,0.0090,0.0000,0.0000,0.02298,1056
68570,0,0.02649,45.45187,0.0122,0.0000,0.0000,0.02412,1061
68580,0,0.02633,45.45187,0.0068,0.0000,0.0000,0.01521,1070
68590,0,0.02636,45.45187,0.0095,0.0000,0.0000,0.02309,1083
68600,0,0.02638,45.45187,0.0164,0.0000,0.0000,0.01897,1053
68610,0,0.02632,45.45187,0.0111,0.0000,0.0000,0.01805,1059
68620,0,0.02626,45.45187,0.0042,0.0000,0.0000,0.02112,1057
68630,0,0.02624,45.45187,0.0004,0.0000,0.0000,0.02471,1068
68640,0,0.02627,45.45187,0.0074,0.0000,0.0000,0.02409,1060
68650,0,0.02644,45.45187,0.0201,0.0000,0.0000,0.02514,1071
68660,0,0.02639,45.45187,0.0063,0.0000,0.0000,0.02082,1068
68670,0,0.02645,45.45187,0.0106,0.0000,0.0000,0.02386,1075
68680,0,0.02655,45.45187,0.0196,0.0000,0.0000,0.02182,1091
68690,0,0.02653,45.45187,0.0100,0.0000,0.0000,0.02056,1099
68700,0,0.02656,45.45187,0.0090,0.0000,0.0000,0.02375,1057
68719,0,0.02654,45.45187,0.0084,0.0000,0.0000,0.02144,1101
68729,0,0.02628,45.45187,-0.0091,0.0000,0.0000,0.01747,1079
68739,0,0.02632,45.45187,0.0100,0.0000,0.0000,0.02334,1059
68749,0,0.02632,45.45187,0.0090,0.0000,0.0000,0.02176,1053
68759,0,0.02628,45.45187,0.0020,0.0000,0.0000,0.02356,1062
68769,0,0.02620,45.45187,0.0084,0.0000,0.0000,0.01806,1070
68779,0,0.02616,45.45187,0.0106,0.0000,0.0000,0.01874,1074
68789,0,0.02613,45.45187,0.0026,0.0000,0.0000,0.02308,1053
68799,0,0.02611,45.45187,0.0079,0.0000,0.0000,0.02162,1059
68809,0,0.02614,45.45187,0.0106,0.0000,0.0000,0.02206,1059
68819,0,0.02616,45.45187,0.0132,0.0000,0.0000,0.02047,1066
68829,0,0.02636,45.45187,0.0122,0.0000,0.0000,0.03024,1061
68839,0,0.02639,45.45187,0.0153,0.0000,0.0000,0.02057,1067
68849,0,0.02629,45.45187,0.0074,0.0000,0.0000,0.01738,1069
68859,0,0.02626,45.45187,0.0031,0.0000,0.0000,0.02331,1077
68869,0,0.02627,45.45187,-0.0006,0.0000,0.0000,0.02705,1064
68879,0,0.02614,45.45187,0.0004,0.0000,0.0000,0.01952,1074
68889,0,0.02606,45.45187,0.0068,0.0000,0.0000,0.01862,1057
68899,0,0.02600,45.45187,0.0052,0.0000,0.0000,0.02032,1059
68909,0,0.02596,45.45187,0.0111,0.0000,0.0000,0.01840,1065
68928,0,0.02591,45.45187,0.0127,0.0000,0.0000,0.01714,1100
68938,0,0.02595,45.45187,0.0090,0.0000,0.0000,0.02325,1087
68948,0,0.02607,45.45187,0.0068,0.0000,0.0000,0.02864,1061
68958,0,0.02611,45.45187,0.0095,0.0000,0.0000,0.02355,1050
68968,0,0.02612,45.45187,0.0084,0.0000,0.0000,0.02217,1061
68978,0,0.02618,45.45187,0.0074,0.0000,0.0000,0.02570,1064
68988,0,0.02629,45.45187,0.0122,0.0000,0.0000,0.02573,1073
68998,0,0.02632,45.45187,0.0116,0.0000,0.0000,0.02204,1050
69008,0,0.02627,45.45187,0.0132,0.0000,0.0000,0.01726,1061
69018,0,0.02628,45.45187,0.0116,0.0000,0.0000,0.02078,1054
69028,0,0.02620,45.45187,0.0004,0.0000,0.0000,0.02205,1064
69038,0,0.02618,45.45187,0.0095,0.0000,0.0000,0.02024,1074
69048,0,0.02618,45.45187,0.0175,0.0000,0.0000,0.01771,1074
69058,0,0.02609,45.45187,0.0036,0.0000,0.0000,0.01989,1069
69068,0,0.02617,45.45187,0.0185,0.0000,0.0000,0.02081,1076
69078,0,0.02594,45.45187,-0.0065,0.0000,0.0000,0.01738,1055
69088,0,0.02587,45.45187,0.0036,0.0000,0.0000,0.02054,1066
69098,0,0.02582,45.45187,0.0090,0.0000,0.0000,0.01875,1053
69108,0,0.02586,45.45187,0.0079,0.0000,0.0000,0.02423,1061
69118,0,0.02591,45.45187,0.0111,0.0000,0.0000,0.02261,1064
69137,0,0.02588,45.45187,0.0047,0.0000,0.0000,0.02212,1132
69147,0,0.02580,45.45187,0.0132,0.0000,0.0000,0.01509,1092
69157,0,0.02574,45.45187,0.0100,0.0000,0.0000,0.01793,1089
69167,0,0.02576,45.45187,0.0138,0.0000,0.0000,0.02001,1053
69177,0,0.02584,45.45187,0.0084,0.0000,0.0000,0.02524,1059
69187,0,0.02583,45.45187,0.0079,0.0000,0.0000,0.02172,1065
69197,0,0.02588,45.45187,0.0068,0.0000,0.0000,0.02477,1074
69207,0,0.02591,45.45187,0.0111,0.0000,0.0000,0.02180,1084
69217,0,0.02580,45.45187,0.0031,0.0000,0.0000,0.01906,1059
69227,0,0.02587,45.45187,0.0185,0.0000,0.0000,0.01996,1053
69237,0,0.02581,45.45187,0.0058,0.0000,0.0000,0.01966,1059
69247,0,0.02579,45.45187,0.0074,0.0000,0.0000,0.02139,1065
69257,0,0.02559,45.45187,-0.0027,0.0000,0.0000,0.01670,1071
69267,0,0.02563,45.45187,0.0090,0.0000,0.0000,0.02341,1053
69277,0,0.02555,45.45187,-0.0001,0.0000,0.0000,0.02137,1059
69287,0,0.02555,45.45187,0.0127,0.0000,0.0000,0.01909,1053
69297,0,0.02545,45.45187,0.0026,0.0000,0.0000,0.01942,1059
69307,0,0.02552,45.45187,0.0143,0.0000,0.0000,0.02163,1067
69317,0,0.02537,45.45187,0.0031,0.0000,0.0000,0.01670,1071
69327,0,0.02545,45.45187,0.0127,0.0000,0.0000,0.02294,1068
69345,0,0.02549,45.45187,0.0100,0.0000,0.0000,0.02252,1112
69355,0,0.02557,45.45187,0.0036,0.0000,0.0000,0.02759,1060
69365,0,0.02565,45.45187,0.0175,0.0000,0.0000,0.02119,1066
69375,0,0.02573,45.45187,0.0148,0.0000,0.0000,0.02236,1066
69385,0,0.02570,45.45187,0.0068,0.0000,0.0000,0.02082,1079
69395,0,0.02558,45.45187,0.0015,0.0000,0.0000,0.01874,1069
69405,0,0.02541,45.45187,0.0111,0.0000,0.0000,0.01132,1059
69415,0,0.02545,45.45187,0.0143,0.0000,0.0000,0.02034,1051
69425,0,0.02540,45.45187,0.0100,0.0000,0.0000,0.01773,1059
69435,0,0.02533,45.45187,0.0052,0.0000,0.0000,0.01903,1057
69445,0,0.02533,45.45187,0.0020,0.0000,0.0000,0.02444,1067
69455,0,0.02532,45.45187,0.0068,0.0000,0.0000,0.02140,1067
69465,0,0.02525,45.45187,0.0074,0.0000,0.0000,0.01831,1077
69475,0,0.02522,45.45187,0.0090,0.0000,0.0000,0.01886,1051
69485,0,0.02529,45.45187,0.0180,0.0000,0.0000,0.02020,1059
69495,0,0.02533,45.45187,0.0127,0.0000,0.0000,0.02061,1053
69505,0,0.02562,45.45187,0.0308,0.0000,0.0000,0.02472,1065
69515,0,0.02552,45.45187,0.0026,0.0000,0.0000,0.01955,1070
69525,0,0.02551,45.45187,-0.0038,0.0000,0.0000,0.02661,1076
69535,0,0.02548,45.45187,0.0100,0.0000,0.0000,0.01930,1062
69554,0,0.02536,45.45187,0.0090,0.0000,0.0000,0.01463,1100
69564,0,0.02524,45.45187,0.0031,0.0000,0.0000,0.01783,1075
69574,0,0.02522,45.45187,0.0052,0.0000,0.0000,0.02169,1059
69584,0,0.02508,45.45187,0.0031,0.0000,0.0000,0.01646,1053
69594,0,0.02508,45.45187,0.0036,0.0000,0.0000,0.02319,1059
69604,0,0.02511,45.45187,0.0068,0.0000,0.0000,0.02299,1061
69614,0,0.02508,45.45187,0.0127,0.0000,0.0000,0.01748,1069
69624,0,0.02504,45.45187,0.0068,0.0000,0.0000,0.01966,1072
69634,0,0.02514,45.45187,0.0169,0.0000,0.0000,0.02170,1074
69644,0,0.02511,45.45187,-0.0001,0.0000,0.0000,0.02329,1057
69654,0,0.02516,45.45187,0.0084,0.0000,0.0000,0.02375,1059
69664,0,0.02517,45.45187,0.0079,0.0000,0.0000,0.02180,1057
69674,0,0.02523,45.45187,0.0079,0.0000,0.0000,0.02425,1059
69684,0,0.02523,45.45187,0.0058,0.0000,0.0000,0.02228,1067
69694,0,0.02523,45.45187,0.0090,0.0000,0.0000,0.02047,1067
69704,0,0.02517,45.45187,0.0084,0.0000,0.0000,0.01829,1072
69714,0,0.02505,45.45187,0.0047,0.0000,0.0000,0.01680,1081
69724,0,0.02504,45.45187,0.0042,0.0000,0.0000,0.02250,1053
69734,0,0.02504,45.45187,0.0079,0.0000,0.0000,0.02110,1059
69744,0,0.02504,45.45187,0.0015,0.0000,0.0000,0.02392,1057
69762,0,0.02502,45.45187,0.0068,0.0000,0.0000,0.02092,1111
69772,0,0.02503,45.45187,0.0079,0.0000,0.0000,0.02158,1085
69782,0,0.02501,45.45187,0.0058,0.0000,0.0000,0.02090,1071
69792,0,0.02487,45.45187,-0.0027,0.0000,0.0000,0.01933,1067
69802,0,0.02488,45.45187,0.0132,0.0000,0.0000,0.01875,1071
69812,0,0.02488,45.45187,0.0090,0.0000,0.0000,0.02034,1076
69822,0,0.02489,45.45187,0.0090,0.0000,0.0000,0.02076,1087
69832,0,0.02496,45.45187,0.0132,0.0000,0.0000,0.02195,1084
69842,0,0.02505,45.45187,0.0106,0.0000,0.0000,0.02434,1093
69852,0,0.02508,45.45187,0.0079,0.0000,0.0000,0.02280,1066
69862,0,0.02507,45.45187,0.0058,0.0000,0.0000,0.02135,1071
69872,0,0.02498,45.45187,0.0026,0.0000,0.0000,0.01941,1072
69882,0,0.02498,45.45187,0.0047,0.0000,0.0000,0.02262,1080
69892,0,0.02505,45.45187,0.0095,0.0000,0.0000,0.02375,1083
69902,0,0.02519,45.45187,0.0148,0.0000,0.0000,0.02481,1087
69912,0,0.02517,45.45187,0.0100,0.0000,0.0000,0.01920,1105
69922,0,0.02521,45.45187,0.0084,0.0000,0.0000,0.02300,1071
69932,0,0.02500,45.45187,-0.0113,0.0000,0.0000,0.01990,1072
69942,0,0.02511,45.45187,0.0159,0.0000,0.0000,0.02295,1076
69952,0,0.02510,45.45187,0.0079,0.0000,0.0000,0.02068,1082
69971,0,0.02515,45.45187,0.0090,0.0000,0.0000,0.02308,1112
69981,0,0.02520,45.45187,0.0068,0.0000,0.0000,0.02398,1062
69991,0,0.02540,45.45187,0.0191,0.0000,0.0000,0.02609,1072
70001,0,0.02563,45.45187,0.0180,0.0000,0.0000,0.02800,1081
70011,0,0.02576,45.45187,0.0063,0.0000,0.0000,0.02917,1080
70021,0,0.02587,45.45187,0.0095,0.0000,0.0000,0.02674,1068
70031,0,0.02581,45.45187,0.0063,0.0000,0.0000,0.01937,1074
70041,0,0.02577,45.45187,0.0084,0.0000,0.0000,0.01955,1058
70051,0,0.02567,45.45187,0.0031,0.0000,0.0000,0.01909,1067
70061,0,0.02556,45.45187,0.0015,0.0000,0.0000,0.01952,1074
70071,0,0.02559,45.45187,0.0106,0.0000,0.0000,0.02192,1077
70081,0,0.02568,45.45187,0.0143,0.0000,0.0000,0.02307,1069
70091,0,0.02547,45.45187,-0.0107,0.0000,0.0000,0.02009,1075
70101,0,0.02553,45.45187,0.0143,0.0000,0.0000,0.02147,1055
70111,0,0.02562,45.45187,0.0100,0.0000,0.0000,0.02494,1063
70121,0,0.02573,45.45187,0.0095,0.0000,0.0000,0.02658,1072
70131,0,0.02570,45.45187,0.0079,0.0000,0.0000,0.02036,1079
70141,0,0.02563,45.45187,-0.0033,0.0000,0.0000,0.02366,1053
70151,0,0.02561,45.45187,-0.0006,0.0000,0.0000,0.02512,1060
70161,0,0.02570,45.45187,0.0074,0.0000,0.0000,0.02651,1053
70180,0,0.02578,45.45187,0.0217,0.0000,0.0000,0.01908,1123
70190,0,0.02566,45.45187,0.0052,0.0000,0.0000,0.01668,1074
70200,0,0.02574,45.45187,0.0159,0.0000,0.0000,0.02209,1083
70210,0,0.02580,45.45187,0.0036,0.0000,0.0000,0.02691,1058
70220,0,0.02582,45.45187,0.0100,0.0000,0.0000,0.02147,1056
70230,0,0.02595,45.45187,0.0239,0.0000,0.0000,0.02066,1054
70240,0,0.02596,45.45187,0.0084,0.0000,0.0000,0.02242,1061
70250,0,0.02590,45.45187,0.0063,0.0000,0.0000,0.01969,1071
70260,0,0.02584,45.45187,0.0036,0.0000,0.0000,0.02122,1083
70270,0,0.02581,45.45187,0.0079,0.0000,0.0000,0.01999,1058
70280,0,0.02582,45.45187,0.0111,0.0000,0.0000,0.02114,1067
70290,0,0.02576,45.45187,0.0111,0.0000,0.0000,0.01691,1054
70300,0,0.02565,45.45187,0.0052,0.0000,0.0000,0.01749,1063
70310,0,0.02569,45.45187,0.0138,0.0000,0.0000,0.02069,1069
70320,0,0.02567,45.45187,0.0116,0.0000,0.0000,0.01921,1076
70330,0,0.02571,45.45187,0.0132,0.0000,0.0000,0.02114,1084
70340,0,0.02573,45.45187,0.0079,0.0000,0.0000,0.02283,1073
70350,0,0.02575,45.45187,0.0042,0.0000,0.0000,0.02457,1051
70360,0,0.02582,45.45187,0.0074,0.0000,0.0000,0.02538,1068
70370,0,0.02574,45.45187,0.0068,0.0000,0.0000,0.01851,1069
70388,0,0.02558,45.45187,-0.0059,0.0000,0.0000,0.02045,1119
70398,0,0.02551,45.45187,0.0169,0.0000,0.0000,0.01349,1074
70408,0,0.02554,45.45187,0.0106,0.0000,0.0000,0.02194,1082
70418,0,0.02544,45.45187,0.0042,0.0000,0.0000,0.01818,1068
70428,0,0.02535,45.45187,0.0074,0.0000,0.0000,0.01726,1074
70438,0,0.02536,45.45187,0.0063,0.0000,0.0000,0.02272,1067
70448,0,0.02534,45.45187,-0.0001,0.0000,0.0000,0.02448,1067
70458,0,0.02528,45.45187,0.0095,0.0000,0.0000,0.01771,1070
70468,0,0.02527,45.45187,0.0111,0.0000,0.0000,0.01896,1074
70478,0,0.02528,45.45187,0.0068,0.0000,0.0000,0.02229,1065
70488,0,0.02520,45.45187,0.0063,0.0000,0.0000,0.01816,1068
70498,0,0.02499,45.45187,-0.0006,0.0000,0.0000,0.01475,1069
70508,0,0.02491,45.45187,0.0095,0.0000,0.0000,0.01599,1066
70518,0,0.02484,45.45187,0.0111,0.0000,0.0000,0.01622,1068
70528,0,0.02483,45.45187,0.0116,0.0000,0.0000,0.01824,1079
70538,0,0.02488,45.45187,0.0095,0.0000,0.0000,0.02274,1081
70548,0,0.02504,45.45187,0.0095,0.0000,0.0000,0.02799,1084
70558,0,0.02494,45.45187,0.0015,0.0000,0.0000,0.01956,1059
70568,0,0.02486,45.45187,0.0079,0.0000,0.0000,0.01702,1066
70578,0,0.02488,45.45187,0.0079,0.0000,0.0000,0.02183,1067
70597,0,0.02481,45.45187,0.0004,0.0000,0.0000,0.02070,1117
70607,0,0.02493,45.45187,0.0127,0.0000,0.0000,0.02460,1086
70617,0,0.02486,45.45187,0.0063,0.0000,0.0000,0.01827,1090
70627,0,0.02481,45.45187,0.0063,0.0000,0.0000,0.01957,1054
70637,0,0.02494,45.45187,0.0138,0.0000,0.0000,0.02433,1059
70647,0,0.02495,45.45187,0.0127,0.0000,0.0000,0.01910,1068
70657,0,0.02491,45.45187,0.0015,0.0000,0.0000,0.02208,1070
70667,0,0.02497,45.45187,0.0111,0.0000,0.0000,0.02225,1075
70677,0,0.02501,45.45187,0.0090,0.0000,0.0000,0.02271,1080
70687,0,0.02497,45.45187,0.0090,0.0000,0.0000,0.01862,1084
70697,0,0.02509,45.45187,0.0255,0.0000,0.0000,0.01841,1088
70707,0,0.02514,45.45187,0.0090,0.0000,0.0000,0.02310,1054
70717,0,0.02521,45.45187,0.0143,0.0000,0.0000,0.02126,1059
70727,0,0.02511,45.45187,0.0063,0.0000,0.0000,0.01736,1063
70737,0,0.02517,45.45187,0.0074,0.0000,0.0000,0.02436,1073
70747,0,0.02506,45.45187,-0.0006,0.0000,0.0000,0.01998,1082
70757,0,0.02513,45.45187,0.0122,0.0000,0.0000,0.02229,1065
70767,0,0.02520,45.45187,0.0122,0.0000,0.0000,0.02297,1068
70777,0,0.02527,45.45187,0.0074,0.0000,0.0000,0.02487,1074
70787,0,0.02529,45.45187,0.0058,0.0000,0.0000,0.02344,1061
70806,0,0.02526,45.45187,0.0052,0.0000,0.0000,0.02134,1124
70816,0,0.02518,45.45187,0.0047,0.0000,0.0000,0.01852,1078
70826,0,0.02524,45.45187,0.0148,0.0000,0.0000,0.02068,1061
70836,0,0.02532,45.45187,0.0180,0.0000,0.0000,0.02078,1052
70846,0,0.02545,45.45187,0.0111,0.0000,0.0000,0.02631,1060
70856,0,0.02547,45.45187,0.0010,0.0000,0.0000,0.02589,1064
70866,0,0.02540,45.45187,0.0052,0.0000,0.0000,0.01931,1065
70876,0,0.02534,45.45187,0.0079,0.0000,0.0000,0.01827,1072
70886,0,0.02544,45.45187,0.0164,0.0000,0.0000,0.02202,1085
70896,0,0.02554,45.45187,0.0143,0.0000,0.0000,0.02387,1052
70906,0,0.02545,45.45187,0.0031,0.0000,0.0000,0.01908,1060
70916,0,0.02554,45.45187,0.0122,0.0000,0.0000,0.02394,1052
70926,0,0.02551,45.45187,0.0010,0.0000,0.0000,0.02368,1061
70936,0,0.02551,45.45187,-0.0017,0.0000,0.0000,0.02615,1064
70946,0,0.02551,45.45187,0.0052,0.0000,0.0000,0.02322,1075
70956,0,0.02564,45.45187,0.0260,0.0000,0.0000,0.01907,1052
70966,0,0.02566,45.45187,0.0100,0.0000,0.0000,0.02172,1061
70976,0,0.02565,45.45187,0.0090,0.0000,0.0000,0.02023,1052
70986,0,0.02554,45.45187,0.0063,0.0000,0.0000,0.01715,1060
70996,0,0.02550,45.45187,0.0084,0.0000,0.0000,0.01941,1061
71014,0,0.02532,45.45187,-0.0017,0.0000,0.0000,0.01714,1123
71024,0,0.02542,45.45187,0.0159,0.0000,0.0000,0.02218,1081
71034,0,0.02538,45.45187,0.0122,0.0000,0.0000,0.01760,1081
71044,0,0.02550,45.45187,0.0074,0.0000,0.0000,0.02784,1060
71054,0,0.02553,45.45187,0.0047,0.0000,0.0000,0.02456,1065
71064,0,0.02554,45.45187,0.0090,0.0000,0.0000,0.02148,1060
71074,0,0.02556,45.45187,0.0159,0.0000,0.0000,0.01884,1066
71084,0,0.02553,45.45187,0.0063,0.0000,0.0000,0.02089,1072
71094,0,0.02547,45.45187,0.0047,0.0000,0.0000,0.01984,1081
71104,0,0.02544,45.45187,0.0068,0.0000,0.0000,0.02078,1060
71114,0,0.02547,45.45187,0.0047,0.0000,0.0000,0.02457,1066
71124,0,0.02545,45.45187,0.0036,0.0000,0.0000,0.02253,1060
71134,0,0.02541,45.45187,0.0020,0.0000,0.0000,0.02264,1066
71144,0,0.02540,45.45187,-0.0006,0.0000,0.0000,0.02518,1069
71154,0,0.02538,45.45187,0.0100,0.0000,0.0000,0.01918,1081
71164,0,0.02549,45.45187,0.0228,0.0000,0.0000,0.01976,1081
71174,0,0.02544,45.45187,0.0079,0.0000,0.0000,0.01886,1088
71184,0,0.02533,45.45187,-0.0043,0.0000,0.0000,0.02171,1060
71194,0,0.02523,45.45187,0.0047,0.0000,0.0000,0.01827,1065
71204,0,0.02522,45.45187,0.0100,0.0000,0.0000,0.01952,1069
71223,0,0.02520,45.45187,0.0068,0.0000,0.0000,0.02092,1122
71233,0,0.02534,45.45187,0.0068,0.0000,0.0000,0.02874,1083
71243,0,0.02542,45.45187,0.0138,0.0000,0.0000,0.02241,1065
71253,0,0.02542,45.45187,0.0058,0.0000,0.0000,0.02261,1068
71263,0,0.02548,45.45187,0.0074,0.0000,0.0000,0.02471,1075
71273,0,0.02547,45.45187,0.0100,0.0000,0.0000,0.02011,1062
71283,0,0.02542,45.45187,0.0100,0.0000,0.0000,0.01816,1070
71293,0,0.02539,45.45187,0.0079,0.0000,0.0000,0.01979,1053
71303,0,0.02536,45.45187,0.0084,0.0000,0.0000,0.01954,1060
71313,0,0.02538,45.45187,0.0036,0.0000,0.0000,0.02459,1064
71323,0,0.02545,45.45187,0.0095,0.0000,0.0000,0.02403,1093
71333,0,0.02546,45.45187,0.0116,0.0000,0.0000,0.02057,1054
71343,0,0.02540,45.45187,-0.0027,0.0000,0.0000,0.02356,1063
71353,0,0.02542,45.45187,0.0058,0.0000,0.0000,0.02365,1068
71363,0,0.02538,45.45187,0.0020,0.0000,0.0000,0.02225,1079
71373,0,0.02538,45.45187,0.0010,0.0000,0.0000,0.02474,1083
71383,0,0.02537,45.45187,0.0052,0.0000,0.0000,0.02238,1096
71393,0,0.02535,45.45187,0.0063,0.0000,0.0000,0.02111,1053
71403,0,0.02528,45.45187,0.0020,0.0000,0.0000,0.02078,1060
71413,0,0.02529,45.45187,0.0090,0.0000,0.0000,0.02162,1069
71432,0,0.02522,45.45187,-0.0017,0.0000,0.0000,0.02239,1107
71442,0,0.02521,45.45187,0.0100,0.0000,0.0000,0.01966,1060
71452,0,0.02529,45.45187,0.0052,0.0000,0.0000,0.02650,1061
71462,0,0.02524,45.45187,0.0020,0.0000,0.0000,0.02211,1059
71472,0,0.02531,45.45187,0.0138,0.0000,0.0000,0.02149,1068
71482,0,0.02534,45.45187,0.0106,0.0000,0.0000,0.02194,1074
71492,0,0.02531,45.45187,0.0036,0.0000,0.0000,0.02156,1083
71502,0,0.02528,45.45187,0.0031,0.0000,0.0000,0.02261,1052
71512,0,0.02519,45.45187,0.0063,0.0000,0.0000,0.01737,1060
71522,0,0.02524,45.45187,0.0122,0.0000,0.0000,0.02163,1059
71532,0,0.02517,45.45187,0.0020,0.0000,0.0000,0.02067,1066
71542,0,0.02503,45.45187,0.0063,0.0000,0.0000,0.01508,1072
71552,0,0.02507,45.45187,0.0084,0.0000,0.0000,0.02261,1081
71562,0,0.02505,45.45187,0.0090,0.0000,0.0000,0.01974,1052
71572,0,0.02507,45.45187,0.0074,0.0000,0.0000,0.02228,1060
71582,0,0.02507,45.45187,0.0084,0.0000,0.0000,0.02082,1060
71592,0,0.02522,45.45187,0.0191,0.0000,0.0000,0.02308,1069
71602,0,0.02519,45.45187,0.0063,0.0000,0.0000,0.02071,1077
71612,0,0.02506,45.45187,0.0026,0.0000,0.0000,0.01703,1087
71622,0,0.02509,45.45187,0.0185,0.0000,0.0000,0.01760,1052
71640,0,0.02501,45.45187,-0.0070,0.0000,0.0000,0.02420,1109
71650,0,0.02504,45.45187,0.0068,0.0000,0.0000,0.02356,1106
71660,0,0.02513,45.45187,0.0111,0.0000,0.0000,0.02409,1071
71670,0,0.02531,45.45187,0.0217,0.0000,0.0000,0.02333,1078
71680,0,0.02522,45.45187,0.0020,0.0000,0.0000,0.01980,1083
71690,0,0.02515,45.45187,0.0084,0.0000,0.0000,0.01724,1071
71700,0,0.02518,45.45187,0.0079,0.0000,0.0000,0.02292,1078
71710,0,0.02515,45.45187,0.0122,0.0000,0.0000,0.01758,1079
71720,0,0.02509,45.45187,0.0079,0.0000,0.0000,0.01818,1074
71730,0,0.02510,45.45187,0.0084,0.0000,0.0000,0.02107,1081
71740,0,0.02522,45.45187,0.0127,0.0000,0.0000,0.02513,1070
71750,0,0.02525,45.45187,0.0031,0.0000,0.0000,0.02501,1064
71760,0,0.02527,45.45187,0.0063,0.0000,0.0000,0.02306,1079
71770,0,0.02518,45.45187,0.0052,0.0000,0.0000,0.01795,1085
71780,0,0.02528,45.45187,0.0116,0.0000,0.0000,0.02451,1083
71790,0,0.02531,45.45187,0.0148,0.0000,0.0000,0.01942,1064
71800,0,0.02529,45.45187,0.0063,0.0000,0.0000,0.02119,1070
71810,0,0.02531,45.45187,0.0196,0.0000,0.0000,0.01636,1064
71820,0,0.02547,45.45187,0.0143,0.0000,0.0000,0.02672,1071
71830,0,0.02550,45.45187,0.0026,0.0000,0.0000,0.02542,1076
71849,0,0.02558,45.45187,0.0068,0.0000,0.0000,0.02620,1102
71859,0,0.02548,45.45187,0.0079,0.0000,0.0000,0.01648,1059
71869,0,0.02547,45.45187,0.0122,0.0000,0.0000,0.01904,1066
71879,0,0.02539,45.45187,0.0068,0.0000,0.0000,0.01779,1074
71889,0,0.02536,45.45187,0.0180,0.0000,0.0000,0.01497,1076
71899,0,0.02541,45.45187,0.0122,0.0000,0.0000,0.02182,1053
71909,0,0.02548,45.45187,0.0004,0.0000,0.0000,0.02891,1059
71919,0,0.02565,45.45187,0.0063,0.0000,0.0000,0.03094,1054
71929,0,0.02583,45.45187,0.0164,0.0000,0.0000,0.02680,1064
71939,0,0.02575,45.45187,-0.0086,0.0000,0.0000,0.02568,1067
71949,0,0.02557,45.45187,-0.0001,0.0000,0.0000,0.01657,1069
71959,0,0.02548,45.45187,0.0084,0.0000,0.0000,0.01703,1053
71969,0,0.02535,45.45187,0.0004,0.0000,0.0000,0.01841,1059
71979,0,0.02544,45.45187,0.0185,0.0000,0.0000,0.02089,1063
71989,0,0.02543,45.45187,0.0063,0.0000,0.0000,0.02190,1069
71999,0,0.02557,45.45187,0.0207,0.0000,0.0000,0.02222,1058
72009,0,0.02563,45.45187,0.0132,0.0000,0.0000,0.02171,1061
72019,0,0.02566,45.45187,0.0122,0.0000,0.0000,0.02136,1066
72029,0,0.02569,45.45187,0.0068,0.0000,0.0000,0.02345,1073
72039,0,0.02579,45.45187,0.0185,0.0000,0.0000,0.02183,1079
72058,0,0.02574,45.45187,0.0095,0.0000,0.0000,0.01852,1095
72068,0,0.02551,45.45187,0.0058,0.0000,0.0000,0.01089,1092
72078,0,0.02531,45.45187,0.0063,0.0000,0.0000,0.01212,1061
72088,0,0.02529,45.45187,0.0143,0.0000,0.0000,0.01750,1056
72098,0,0.02528,45.45187,0.0074,0.0000,0.0000,0.02081,1064
72108,0,0.02529,45.45187,0.0036,0.0000,0.0000,0.02394,1077
72118,0,0.02532,45.45187,0.0084,0.0000,0.0000,0.02262,1083
72128,0,0.02525,45.45187,0.0084,0.0000,0.0000,0.01748,1056
72138,0,0.02523,45.45187,0.0058,0.0000,0.0000,0.02148,1061
72148,0,0.02518,45.45187,0.0132,0.0000,0.0000,0.01611,1056
72158,0,0.02512,45.45187,0.0090,0.0000,0.0000,0.01762,1063
72168,0,0.02517,45.45187,0.0153,0.0000,0.0000,0.01981,1075
72178,0,0.02520,45.45187,0.0138,0.0000,0.0000,0.01975,1079
72188,0,0.02528,45.45187,0.0191,0.0000,0.0000,0.02008,1056
72198,0,0.02511,45.45187,-0.0070,0.0000,0.0000,0.02023,1061
72208,0,0.02502,45.45187,0.0052,0.0000,0.0000,0.01793,1064
72218,0,0.02486,45.45187,0.0058,0.0000,0.0000,0.01372,1058
72228,0,0.02480,45.45187,0.0031,0.0000,0.0000,0.02002,1043
72238,0,0.02476,45.45187,0.0031,0.0000,0.0000,0.02146,1090
72248,0,0.02473,45.45187,0.0063,0.0000,0.0000,0.02021,1056
72266,0,0.02471,45.45187,0.0090,0.0000,0.0000,0.01928,1123
72276,0,0.02473,45.45187,0.0122,0.0000,0.0000,0.01942,1075
72286,0,0.02455,45.45187,-0.0001,0.0000,0.0000,0.01543,1081
72296,0,0.02447,45.45187,0.0020,0.0000,0.0000,0.01966,1085
72306,0,0.02452,45.45187,0.0138,0.0000,0.0000,0.02033,1098
72316,0,0.02458,45.45187,0.0015,0.0000,0.0000,0.02657,1066
72326,0,0.02464,45.45187,0.0058,0.0000,0.0000,0.02474,1071
72336,0,0.02432,45.45187,-0.0134,0.0000,0.0000,0.01531,1078
72346,0,0.02416,45.45187,0.0020,0.0000,0.0000,0.01486,1086
72356,0,0.02396,45.45187,0.0047,0.0000,0.0000,0.01179,1066
72366,0,0.02379,45.45187,0.0020,0.0000,0.0000,0.01418,1071
72376,0,0.02401,45.45187,0.0153,0.0000,0.0000,0.02730,1070
72386,0,0.02424,45.45187,0.0308,0.0000,0.0000,0.02026,1076
72396,0,0.02443,45.45187,0.0122,0.0000,0.0000,0.02769,1081
72406,0,0.02448,45.45187,0.0153,0.0000,0.0000,0.01970,1085
72416,0,0.02443,45.45187,0.0052,0.0000,0.0000,0.01902,1066
72426,0,0.02438,45.45187,0.0052,0.0000,0.0000,0.01937,1071
72436,0,0.02415,45.45187,-0.0022,0.0000,0.0000,0.01395,1077
72446,0,0.02411,45.45187,0.0090,0.0000,0.0000,0.01770,1084
72456,0,0.02396,45.45187,0.0031,0.0000,0.0000,0.01451,1081
72475,0,0.02383,45.45187,0.0020,0.0000,0.0000,0.01621,1100
72485,0,0.02387,45.45187,0.0074,0.0000,0.0000,0.02268,1056
72495,0,0.02384,45.45187,0.0052,0.0000,0.0000,0.01959,1061
72505,0,0.02391,45.45187,0.0116,0.0000,0.0000,0.02166,1065
72515,0,0.02408,45.45187,0.0116,0.0000,0.0000,0.02642,1066
72525,0,0.02407,45.45187,0.0058,0.0000,0.0000,0.02070,1050
72535,0,0.02408,45.45187,0.0068,0.0000,0.0000,0.02109,1056
72545,0,0.02366,45.45187,-0.0049,0.0000,0.0000,0.00556,1060
72555,0,0.02356,45.45187,0.0153,0.0000,0.0000,0.01085,1071
72565,0,0.02360,45.45187,0.0244,0.0000,0.0000,0.01326,1058
72575,0,0.02361,45.45187,0.0090,0.0000,0.0000,0.01937,1068
72585,0,0.02365,45.45187,0.0068,0.0000,0.0000,0.02256,1069
72595,0,0.02379,45.45187,0.0068,0.0000,0.0000,0.02719,1071
72605,0,0.02358,45.45187,-0.0081,0.0000,0.0000,0.01706,1079
72615,0,0.02345,45.45187,-0.0129,0.0000,0.0000,0.02342,1086
72625,0,0.02339,45.45187,0.0063,0.0000,0.0000,0.01737,1050
72635,0,0.02332,45.45187,0.0074,0.0000,0.0000,0.01625,1056
72645,0,0.02336,45.45187,0.0074,0.0000,0.0000,0.02173,1069
72655,0,0.02345,45.45187,0.0042,0.0000,0.0000,0.02543,1074
72665,0,0.02329,45.45187,0.0127,0.0000,0.0000,0.00891,1050
72684,0,0.02335,45.45187,0.0079,0.0000,0.0000,0.02267,1115
72694,0,0.02351,45.45187,0.0116,0.0000,0.0000,0.02563,1068
72704,0,0.02355,45.45187,-0.0001,0.0000,0.0000,0.02585,1074
72714,0,0.02367,45.45187,0.0106,0.0000,0.0000,0.02421,1053
72724,0,0.02349,45.45187,0.0100,0.0000,0.0000,0.00957,1059
72734,0,0.02330,45.45187,0.0031,0.0000,0.0000,0.01235,1053
72744,0,0.02310,45.45187,0.0074,0.0000,0.0000,0.00940,1059
72754,0,0.02292,45.45187,0.0116,0.0000,0.0000,0.00804,1065
72764,0,0.02313,45.45187,0.0382,0.0000,0.0000,0.01451,1074
72774,0,0.02326,45.45187,0.0036,0.0000,0.0000,0.02771,1069
72784,0,0.02342,45.45187,0.0004,0.0000,0.0000,0.03139,1073
72794,0,0.02363,45.45187,0.0042,0.0000,0.0000,0.03180,1053
72804,0,0.02373,45.45187,0.0042,0.0000,0.0000,0.02683,1059
72814,0,0.02353,45.45187,-0.0049,0.0000,0.0000,0.01611,1057
72824,0,0.02352,45.45187,0.0127,0.0000,0.0000,0.01657,1064
72834,0,0.02345,45.45187,0.0052,0.0000,0.0000,0.01726,1070
72844,0,0.02346,45.45187,0.0207,0.0000,0.0000,0.01360,1083
72854,0,0.02336,45.45187,0.0095,0.0000,0.0000,0.01383,1053
72864,0,0.02343,45.45187,0.0153,0.0000,0.0000,0.01885,1062
72874,0,0.02364,45.45187,0.0228,0.0000,0.0000,0.02294,1053
72892,0,0.02368,45.45187,0.0026,0.0000,0.0000,0.02428,1118
72902,0,0.02382,45.45187,0.0063,0.0000,0.0000,0.02773,1075
72912,0,0.02383,45.45187,0.0031,0.0000,0.0000,0.02286,1083
72922,0,0.02358,45.45187,-0.0214,0.0000,0.0000,0.02183,1064
72932,0,0.02319,45.45187,-0.0107,0.0000,0.0000,0.00893,1070
72942,0,0.02291,45.45187,0.0004,0.0000,0.0000,0.00859,1064
72952,0,0.02281,45.45187,0.0233,0.0000,0.0000,0.00622,1071
72962,0,0.02288,45.45187,0.0265,0.0000,0.0000,0.01337,1078
72972,0,0.02323,45.45187,0.0350,0.0000,0.0000,0.02323,1085
72982,0,0.02373,45.45187,0.0478,0.0000,0.0000,0.02459,1064
72992,0,0.02403,45.45187,0.0116,0.0000,0.0000,0.03304,1070
73002,0,0.02408,45.45187,-0.0038,0.0000,0.0000,0.02892,1070
73012,0,0.02396,45.45187,-0.0075,0.0000,0.0000,0.02138,1075
73022,0,0.02380,45.45187,-0.0070,0.0000,0.0000,0.01918,1080
73032,0,0.02366,45.45187,-0.0065,0.0000,0.0000,0.02009,1083
73042,0,0.02352,45.45187,-0.0011,0.0000,0.0000,0.01692,1080
73052,0,0.02345,45.45187,0.0068,0.0000,0.0000,0.01679,1085
73062,0,0.02326,45.45187,-0.0022,0.0000,0.0000,0.01463,1064
73072,0,0.02321,45.45187,0.0116,0.0000,0.0000,0.01485,1071
73082,0,0.02311,45.45187,0.0068,0.0000,0.0000,0.01496,1078
73101,0,0.02319,45.45187,0.0127,0.0000,0.0000,0.02081,1109
73111,0,0.02339,45.45187,0.0122,0.0000,0.0000,0.02744,1059
73121,0,0.02364,45.45187,0.0153,0.0000,0.0000,0.02821,1067
73131,0,0.02379,45.45187,0.0079,0.0000,0.0000,0.02721,1068
73141,0,0.02373,45.45187,0.0100,0.0000,0.0000,0.01588,1060
73151,0,0.02380,45.45187,0.0116,0.0000,0.0000,0.02137,1067
73161,0,0.02383,45.45187,0.0111,0.0000,0.0000,0.02010,1079
73171,0,0.02373,45.45187,0.0004,0.0000,0.0000,0.01840,1054
73181,0,0.02369,45.45187,0.0015,0.0000,0.0000,0.02091,1063
73191,0,0.02352,45.45187,0.0095,0.0000,0.0000,0.01029,1074
73201,0,0.02356,45.45187,0.0217,0.0000,0.0000,0.01486,1079
73211,0,0.02350,45.45187,0.0116,0.0000,0.0000,0.01463,1057
73221,0,0.02350,45.45187,0.0079,0.0000,0.0000,0.01942,1065
73231,0,0.02375,45.45187,0.0239,0.0000,0.0000,0.02423,1071
73241,0,0.02391,45.45187,0.0079,0.0000,0.0000,0.02812,1078
73251,0,0.02414,45.45187,0.0031,0.0000,0.0000,0.03393,1086
73261,0,0.02430,45.45187,0.0143,0.0000,0.0000,0.02538,1059
73271,0,0.02411,45.45187,-0.0065,0.0000,0.0000,0.01773,1054
73281,0,0.02386,45.45187,-0.0038,0.0000,0.0000,0.01315,1059
73291,0,0.02377,45.45187,0.0175,0.0000,0.0000,0.01076,1065
73310,0,0.02394,45.45187,0.0302,0.0000,0.0000,0.01714,1107
73320,0,0.02385,45.45187,0.0031,0.0000,0.0000,0.01784,1083
73330,0,0.02398,45.45187,0.0127,0.0000,0.0000,0.02434,1066
73340,0,0.02406,45.45187,0.0153,0.0000,0.0000,0.02033,1061
73350,0,0.02415,45.45187,0.0132,0.0000,0.0000,0.02204,1067
73360,0,0.02425,45.45187,0.0127,0.0000,0.0000,0.02291,1076
73370,0,0.02515,45.45187,0.0350,0.0000,0.0000,0.05267,1078
73380,0,0.02771,45.45361,0.0893,0.0699,0.0000,0.11079,1079
73390,0,0.02429,45.45273,-0.2188,0.0065,0.0000,-0.03731,1082
73400,0,0.02136,45.45187,-0.0671,-0.0306,0.0000,-0.09126,1060
73410,0,0.02267,45.45012,0.2176,-0.0882,0.0000,-0.02093,1067
73420,0,0.02333,45.45012,0.1122,-0.0529,0.0000,0.00045,1077
73430,0,0.02381,45.45012,0.1633,-0.0318,0.0000,-0.03416,1077
73440,0,0.02507,45.45012,0.2309,-0.0191,0.0000,-0.02732,1072
73450,0,0.02760,45.45100,0.3069,0.0237,0.0000,0.00072,1081
73460,0,0.03075,45.45100,0.3713,0.0142,0.0000,0.00248,1083
73470,0,0.03468,45.45100,0.4331,0.0085,0.0000,0.01483,1092
73480,0,0.03926,45.45100,0.5347,0.0051,0.0000,0.00107,1078
73490,0,0.04531,45.45100,0.5927,0.0031,0.0000,0.05108,1067
73500,0,0.05046,45.45100,0.4948,0.0018,0.0000,0.06075,1070
73519,0,0.05485,45.45100,0.4464,0.0011,0.0000,0.05115,1108
73529,0,0.06018,45.45273,0.5927,0.0699,0.0000,0.03051,1061
73539,0,0.06750,45.45273,0.7491,0.0420,0.0000,0.05904,1068
73549,0,0.07492,45.45273,0.7278,0.0252,0.0000,0.08160,1075
73559,0,0.08139,45.45100,0.5996,-0.0542,0.0000,0.10542,1088
73569,0,0.08630,45.45100,0.4618,-0.0325,0.0000,0.10069,1058
73579,0,0.09087,45.45012,0.4091,-0.0546,0.0000,0.11508,1060
73589,0,0.09546,45.45187,0.4128,0.0371,0.0000,0.11822,1060
73599,0,0.09964,45.45273,0.3852,0.0568,0.0000,0.11600,1067
73609,0,0.10352,45.45361,0.3745,0.0695,0.0000,0.11025,1072
73619,0,0.10688,45.45273,0.3506,0.0063,0.0000,0.09972,1081
73629,0,0.11009,45.45187,0.3628,-0.0307,0.0000,0.08934,1050
73639,0,0.11355,45.45100,0.4017,-0.0532,0.0000,0.08557,1060
73649,0,0.11706,45.45012,0.4442,-0.0670,0.0000,0.07051,1051
73659,0,0.12144,45.45012,0.5060,-0.0402,0.0000,0.08757,1063
73669,0,0.12619,45.45100,0.5129,0.0110,0.0000,0.10717,1065
73679,0,0.13108,45.45100,0.4911,0.0066,0.0000,0.12976,1079
73689,0,0.13658,45.45361,0.4836,0.1086,0.0000,0.16993,1050
73699,0,0.14162,45.45361,0.4091,0.0652,0.0000,0.18905,1052
73709,0,0.14558,45.45361,0.3059,0.0391,0.0000,0.19066,1059
73728,0,0.14761,45.45273,0.1473,-0.0119,0.0000,0.17550,1117
73738,0,0.14903,45.45273,0.2420,-0.0072,0.0000,0.09924,1095
73748,0,0.15354,45.45273,0.5209,-0.0043,0.0000,0.11859,1060
73758,0,0.15769,45.45187,0.4325,-0.0371,0.0000,0.14869,1063
73768,0,0.15927,45.44925,0.3692,-0.1269,0.0000,0.05389,1070
73778,0,0.16266,45.44663,0.4921,-0.1808,0.0000,0.08615,1076
73788,0,0.16799,45.44489,0.5400,-0.1784,0.0000,0.16434,1085
73798,0,0.17368,45.44489,0.5017,-0.1070,0.0000,0.20748,1050
73808,0,0.17901,45.44489,0.4597,-0.0642,0.0000,0.21570,1056
73818,0,0.18429,45.44576,0.4070,-0.0037,0.0000,0.24473,1054
73828,0,0.18885,45.44663,0.3697,0.0329,0.0000,0.23203,1064
73838,0,0.19314,45.44489,0.4144,-0.0502,0.0000,0.20034,1079
73848,0,0.19730,45.44227,0.4442,-0.1348,0.0000,0.18302,1082
73858,0,0.20260,45.43790,0.4964,-0.2554,0.0000,0.21954,1050
73868,0,0.20618,45.43266,0.3761,-0.3629,0.0000,0.19725,1056
73878,0,0.20931,45.42743,0.3841,-0.4271,0.0000,0.17344,1060
73888,0,0.21302,45.42568,0.3947,-0.3261,0.0000,0.20118,1089
73898,0,0.21656,45.42655,0.3974,-0.1609,0.0000,0.19491,1051
73908,0,0.22038,45.42830,0.4421,-0.0267,0.0000,0.19043,1064
73918,0,0.22462,45.43005,0.4666,0.0539,0.0000,0.20317,1065
73937,0,0.22903,45.42918,0.4160,-0.0025,0.0000,0.24179,1116
73947,0,0.23275,45.42918,0.3171,-0.0015,0.0000,0.25984,1069
73957,0,0.23498,45.42830,0.1729,-0.0360,0.0000,0.26031,1077
73967,0,0.23560,45.42743,0.0994,-0.0564,0.0000,0.21687,1089
73977,0,0.23693,45.42918,0.2261,0.0361,0.0000,0.19055,1059
73987,0,0.24322,45.43092,0.4208,0.0912,0.0000,0.34687,1053
73997,0,0.24735,45.43266,0.4267,0.1246,0.0000,0.24096,1071
74007,0,0.25393,45.43354,0.5358,0.1099,0.0000,0.31466,1072
74017,0,0.25982,45.43354,0.4645,0.0659,0.0000,0.32212,1088
74027,0,0.26289,45.43092,0.2452,-0.0654,0.0000,0.29381,1052
74037,0,0.26461,45.42918,0.1697,-0.1088,0.0000,0.26607,1059
74047,0,0.26602,45.42743,0.0882,-0.1352,0.0000,0.29219,1055
74057,0,0.26633,45.42743,-0.0086,-0.0811,0.0000,0.28641,1073
74067,0,0.26521,45.42743,-0.1459,-0.0487,0.0000,0.28205,1072
74077,0,0.26326,45.42830,-0.2305,0.0056,0.0000,0.28112,1079
74087,0,0.26022,45.42918,-0.3438,0.0384,0.0000,0.27978,1052
74097,0,0.25600,45.42918,-0.3609,0.0231,0.0000,0.22562,1072
74107,0,0.25202,45.42918,-0.2486,0.0138,0.0000,0.17739,1055
74117,0,0.25062,45.42830,0.0052,-0.0268,0.0000,0.17777,1070
74127,0,0.25217,45.42743,0.2447,-0.0509,0.0000,0.20764,1074
74145,0,0.25584,45.42655,0.2920,-0.0656,0.0000,0.29322,1119
74155,0,0.25571,45.42655,0.0297,-0.0394,0.0000,0.23401,1071
74165,0,0.25576,45.42743,0.0606,0.0115,0.0000,0.22813,1078
74175,0,0.25623,45.42830,0.0393,0.0417,0.0000,0.26016,1084
74185,0,0.25624,45.42918,0.0138,0.0601,0.0000,0.24974,1084
74195,0,0.25607,45.43005,-0.0049,0.0709,0.0000,0.25014,1059
74205,0,0.25553,45.43005,-0.0682,0.0425,0.0000,0.26262,1069
74215,0,0.25502,45.43005,-0.0437,0.0255,0.0000,0.25141,1062
74225,0,0.25494,45.42918,-0.1640,-0.0195,0.0000,0.33269,1076
74235,0,0.25371,45.42918,-0.2943,-0.0117,0.0000,0.33951,1078
74245,0,0.25085,45.42918,-0.3640,-0.0070,0.0000,0.29006,1087
74255,0,0.24861,45.43005,-0.2097,0.0306,0.0000,0.24119,1059
74265,0,0.24668,45.43005,-0.0235,0.0183,0.0000,0.16186,1069
74275,0,0.24771,45.43005,0.2979,0.0110,0.0000,0.15036,1059
74285,0,0.25180,45.43005,0.4873,0.0066,0.0000,0.21253,1074
74295,0,0.25011,45.42655,0.0164,-0.1358,0.0000,0.15777,1080
74305,0,0.24949,45.42481,-0.0011,-0.1511,0.0000,0.21894,1084
74315,0,0.25159,45.42568,0.0840,-0.0558,0.0000,0.31442,1083
74325,0,0.25195,45.42830,-0.0522,0.0712,0.0000,0.29601,1069
74335,0,0.25189,45.43092,-0.1469,0.1474,0.0000,0.32271,1059
74354,0,0.24857,45.43528,-0.3694,0.2630,0.0000,0.26719,1095
74364,0,0.24426,45.43441,-0.4614,0.1230,0.0000,0.25932,1068
74374,0,0.23983,45.43354,-0.5093,0.0390,0.0000,0.27308,1074
74384,0,0.23515,45.43092,-0.5657,-0.0816,0.0000,0.28384,1054
74394,0,0.23004,45.42918,-0.5987,-0.1185,0.0000,0.27411,1060
74404,0,0.22447,45.42743,-0.6407,-0.1410,0.0000,0.26647,1064
74414,0,0.21738,45.42655,-0.6040,-0.1197,0.0000,0.16479,1073
74424,0,0.21263,45.42918,-0.3215,0.0332,0.0000,0.13594,1058
74434,0,0.21054,45.43092,-0.0586,0.0895,0.0000,0.13501,1065
74444,0,0.21074,45.43092,0.0627,0.0537,0.0000,0.18957,1068
74454,0,0.20702,45.42830,-0.1911,-0.0725,0.0000,0.11679,1074
74464,0,0.20462,45.42655,-0.1092,-0.1134,0.0000,0.13901,1058
74474,0,0.20555,45.42743,-0.1007,-0.0329,0.0000,0.30254,1083
74484,0,0.20479,45.43005,-0.2571,0.0849,0.0000,0.29507,1074
74494,0,0.20268,45.43266,-0.3763,0.1556,0.0000,0.28559,1075
74504,0,0.19860,45.43354,-0.5088,0.1285,0.0000,0.24873,1062
74514,0,0.19343,45.43528,-0.5689,0.1467,0.0000,0.21953,1068
74524,0,0.18757,45.43528,-0.6328,0.0880,0.0000,0.21067,1050
74534,0,0.18145,45.43354,-0.6823,-0.0168,0.0000,0.21693,1060
74544,0,0.17493,45.43266,-0.7381,-0.0452,0.0000,0.21797,1065
74563,0,0.16716,45.43005,-0.8110,-0.1318,0.0000,0.18410,1095
74573,0,0.15873,45.42830,-0.8270,-0.1489,0.0000,0.15056,1072
74583,0,0.14984,45.42830,-0.7605,-0.0894,0.0000,0.08545,1055
74593,0,0.14098,45.42918,-0.7536,-0.0185,0.0000,0.07497,1053
74603,0,0.13340,45.42918,-0.6360,-0.0111,0.0000,0.07260,1066
74613,0,0.12732,45.42830,-0.5258,-0.0418,0.0000,0.08616,1069
74623,0,0.12123,45.42830,-0.5434,-0.0251,0.0000,0.08814,1074
74633,0,0.11522,45.42830,-0.5194,-0.0150,0.0000,0.07449,1068
74643,0,0.10992,45.42830,-0.5077,-0.0090,0.0000,0.09907,1075
74653,0,0.10488,45.42830,-0.5263,-0.0054,0.0000,0.11598,1053
74663,0,0.09999,45.42918,-0.5423,0.0318,0.0000,0.12643,1063
74673,0,0.09473,45.43005,-0.5811,0.0539,0.0000,0.12249,1068
74683,0,0.08856,45.43005,-0.6610,0.0323,0.0000,0.11060,1072
74693,0,0.08168,45.43005,-0.7089,0.0194,0.0000,0.09183,1066
74703,0,0.07447,45.42918,-0.7663,-0.0231,0.0000,0.09723,1076
74713,0,0.06596,45.42918,-0.8456,-0.0139,0.0000,0.06340,1053
74723,0,0.05582,45.42655,-0.8302,-0.1133,0.0000,-0.03619,1060
74733,0,0.04495,45.42568,-0.8775,-0.1028,0.0000,-0.05963,1066
74743,0,0.03298,45.42307,-0.9084,-0.1663,0.0000,-0.11140,1070
74753,0,0.02825,45.42393,-0.2049,-0.0650,0.0000,-0.10602,1069
74772,0,0.02753,45.42655,-0.0411,0.0657,0.0000,0.01234,1098
74782,0,0.02696,45.42743,-0.0528,0.0745,0.0000,0.02451,1064
74792,0,0.02652,45.42830,-0.0091,0.0795,0.0000,0.00943,1064
74802,0,0.02584,45.42830,-0.0299,0.0477,0.0000,0.00655,1055
74812,0,0.02535,45.42743,0.0308,-0.0062,0.0000,-0.01440,1064
74822,0,0.02606,45.42830,0.0787,0.0311,0.0000,0.02211,1070
74832,0,0.02565,45.42743,0.0132,-0.0161,0.0000,-0.00115,1083
74842,0,0.02596,45.42743,0.0680,-0.0097,0.0000,0.00735,1054
74852,0,0.02639,45.42743,0.0712,-0.0058,0.0000,0.01237,1068
74862,0,0.02676,45.42830,0.0659,0.0313,0.0000,0.01233,1060
74872,0,0.02711,45.42743,0.0712,-0.0160,0.0000,0.00893,1067
74882,0,0.02777,45.42743,0.1553,-0.0096,0.0000,-0.01708,1073
74892,0,0.02914,45.42655,0.3069,-0.0409,0.0000,-0.05574,1077
74902,0,0.03286,45.42655,0.5453,-0.0245,0.0000,-0.05383,1060
74912,0,0.03797,45.42655,0.6895,-0.0147,0.0000,-0.05144,1075
74922,0,0.04444,45.42568,0.8018,-0.0436,0.0000,-0.03310,1058
74932,0,0.05061,45.42655,0.7997,0.0086,0.0000,-0.04052,1073
74942,0,0.05812,45.42743,0.7800,0.0403,0.0000,0.04386,1054
74952,0,0.06273,45.43005,0.6432,0.1288,0.0000,-0.02862,1064
74962,0,0.06864,45.43441,0.5374,0.2519,0.0000,0.09555,1060
74981,0,0.06924,45.43616,0.1138,0.2210,0.0000,0.04247,1101
74991,0,0.07052,45.43616,0.1308,0.1326,0.0000,0.06911,1062
75001,0,0.07250,45.43441,0.1452,0.0097,0.0000,0.09861,1060
75011,0,0.07443,45.43266,0.1537,-0.0641,0.0000,0.09431,1063
75021,0,0.07456,45.42830,0.1611,-0.2130,0.0000,0.00054,1070
75031,0,0.07533,45.42481,0.3213,-0.2673,0.0000,-0.04702,1076
75041,0,0.07706,45.42307,0.4001,-0.2302,0.0000,-0.03620,1081
75051,0,0.08068,45.42393,0.5107,-0.1034,0.0000,0.00601,1053
75061,0,0.08523,45.42655,0.5049,0.0427,0.0000,0.06031,1060
75071,0,0.08919,45.42830,0.4458,0.0955,0.0000,0.06420,1054
75081,0,0.09285,45.43005,0.4980,0.1272,0.0000,0.02716,1060
75091,0,0.09792,45.43005,0.5581,0.0763,0.0000,0.07225,1066
75101,0,0.10295,45.43005,0.5161,0.0458,0.0000,0.09653,1077
75111,0,0.10697,45.43092,0.4597,0.0623,0.0000,0.07815,1053
75121,0,0.11040,45.42918,0.4240,-0.0322,0.0000,0.06984,1062
75131,0,0.11335,45.43005,0.3942,0.0155,0.0000,0.06341,1058
75141,0,0.11526,45.43005,0.3421,0.0093,0.0000,0.04010,1062
75151,0,0.11667,45.42918,0.3320,-0.0292,0.0000,0.02086,1066
75161,0,0.11849,45.42918,0.3069,-0.0175,0.0000,0.05621,1076
75171,0,0.12036,45.43005,0.2537,0.0243,0.0000,0.08687,1068
75190,0,0.12050,45.43092,0.0425,0.0494,0.0000,0.10659,1109
75200,0,0.11972,45.43005,-0.0485,-0.0052,0.0000,0.10489,1086
75210,0,0.11865,45.42918,-0.0506,-0.0379,0.0000,0.09039,1067
75220,0,0.11853,45.42743,0.0451,-0.0926,0.0000,0.08987,1071
75230,0,0.11980,45.42481,0.2388,-0.1602,0.0000,0.06373,1073
75240,0,0.12364,45.42307,0.4889,-0.1660,0.0000,0.07124,1069
75250,0,0.12943,45.42307,0.5507,-0.0996,0.0000,0.14348,1080
75260,0,0.13478,45.42568,0.4368,0.0449,0.0000,0.18408,1060
75270,0,0.13883,45.42918,0.2979,0.1667,0.0000,0.19221,1067
75280,0,0.14173,45.43179,0.2074,0.2047,0.0000,0.18308,1051
75290,0,0.14441,45.43266,0.1606,0.1576,0.0000,0.19810,1069
75300,0,0.14711,45.43266,0.2053,0.0946,0.0000,0.17939,1075
75310,0,0.15120,45.43092,0.2607,-0.0131,0.0000,0.22537,1081
75320,0,0.15511,45.42830,0.2495,-0.1126,0.0000,0.22596,1060
75330,0,0.15939,45.42743,0.3144,-0.1023,0.0000,0.21625,1064
75340,0,0.16461,45.42481,0.3836,-0.1661,0.0000,0.23411,1056
75350,0,0.17051,45.42481,0.4671,-0.0996,0.0000,0.23148,1065
75360,0,0.17768,45.42655,0.6124,0.0098,0.0000,0.23011,1076
75370,0,0.18644,45.42743,0.7624,0.0410,0.0000,0.24317,1083
75380,0,0.19561,45.42743,0.8039,0.0246,0.0000,0.25230,1060
75399,0,0.20525,45.42830,0.7843,0.0495,0.0000,0.29537,1098
75409,0,0.21408,45.42918,0.6672,0.0648,0.0000,0.32187,1061
75419,0,0.22183,45.42918,0.5932,0.0389,0.0000,0.31237,1065
75429,0,0.23021,45.42830,0.6267,-0.0118,0.0000,0.33612,1071
75439,0,0.23912,45.42830,0.6204,-0.0071,0.0000,0.37416,1077
75449,0,0.24814,45.42830,0.5927,-0.0042,0.0000,0.40318,1061
75459,0,0.25653,45.42918,0.5411,0.0326,0.0000,0.40513,1059
75469,0,0.26349,45.42918,0.4496,0.0195,0.0000,0.38692,1061
75479,0,0.26935,45.43005,0.4027,0.0465,0.0000,0.36122,1063
75489,0,0.27409,45.42918,0.4953,-0.0069,0.0000,0.26334,1070
75499,0,0.28306,45.42918,0.9215,-0.0041,0.0000,0.27081,1073
75509,0,0.29499,45.42655,1.2738,-0.1075,0.0000,0.25418,1061
75519,0,0.30724,45.41782,1.4239,-0.4136,0.0000,0.20803,1063
75529,0,0.32351,45.41172,1.6356,-0.4923,0.0000,0.31910,1061
75539,0,0.34011,45.40997,1.5526,-0.3653,0.0000,0.39378,1071
75549,0,0.35403,45.41521,1.2381,-0.0098,0.0000,0.43113,1061
75559,0,0.36418,45.42307,0.8023,0.3084,0.0000,0.47044,1061
75569,0,0.37081,45.43266,0.5230,0.5690,0.0000,0.44101,1061
75579,0,0.37539,45.44052,0.3218,0.6557,0.0000,0.44350,1061
75589,0,0.37815,45.44489,0.2160,0.5680,0.0000,0.40780,1064
75608,0,0.37964,45.44227,0.1436,0.2361,0.0000,0.38250,1100
75617,0,0.38042,45.43790,0.0542,-0.0329,0.0000,0.39233,1064
75628,0,0.37979,45.43528,-0.0395,-0.1247,0.0000,0.36807,1070
75637,0,0.37859,45.43092,-0.0980,-0.2494,0.0000,0.36780,1070
75648,0,0.37718,45.42830,-0.1278,-0.2543,0.0000,0.37020,1066
75657,0,0.37592,45.42481,-0.0469,-0.2921,0.0000,0.33652,1066
75668,0,0.37585,45.42132,0.1202,-0.3150,0.0000,0.31232,1071
75677,0,0.37786,45.41870,0.3644,-0.2937,0.0000,0.29612,1078
75688,0,0.38187,45.41782,0.5852,-0.2113,0.0000,0.28976,1061
75697,0,0.38791,45.41870,0.7779,-0.0917,0.0000,0.30091,1055
75708,0,0.39467,45.42219,0.8300,0.0845,0.0000,0.31744,1065
75717,0,0.40117,45.42655,0.7874,0.2252,0.0000,0.33278,1065
75728,0,0.40648,45.43092,0.6528,0.3097,0.0000,0.34570,1071
75737,0,0.41151,45.43441,0.5405,0.3256,0.0000,0.39267,1056
75748,0,0.41513,45.43616,0.4160,0.2652,0.0000,0.38806,1061
75757,0,0.41875,45.43528,0.4336,0.1240,0.0000,0.38281,1066
75768,0,0.42383,45.43179,0.5475,-0.0650,0.0000,0.40423,1070
75777,0,0.42982,45.42743,0.5725,-0.2136,0.0000,0.44288,1060
75788,0,0.43644,45.42481,0.5868,-0.2328,0.0000,0.47439,1067
75797,0,0.44261,45.42481,0.5693,-0.1397,0.0000,0.46611,1076
75817,0,0.44692,45.42830,0.3969,0.0556,0.0000,0.46436,1108
75827,0,0.45067,45.43005,0.3490,0.1033,0.0000,0.46360,1070
75837,0,0.45372,45.43179,0.2628,0.1318,0.0000,0.47447,1069
75847,0,0.45573,45.43354,0.1649,0.1490,0.0000,0.47391,1051
75857,0,0.45602,45.43528,0.0191,0.1590,0.0000,0.46082,1055
75867,0,0.45567,45.43616,0.0111,0.1305,0.0000,0.43303,1065
75877,0,0.45165,45.44227,0.1164,0.3227,0.0000,0.19205,1073
75887,0,0.45660,45.45187,0.3272,0.5776,0.0000,0.54060,1055
75897,0,0.46927,45.46146,0.1383,0.7301,0.0000,1.03379,1068
75907,0,0.47012,45.47193,-0.2629,0.8571,0.0000,0.64427,1071
75917,0,0.46654,45.47979,-0.3364,0.8286,0.0000,0.45533,1080
75927,0,0.46394,45.48590,-0.2342,0.7416,0.0000,0.45138,1050
75937,0,0.46214,45.49026,-0.1938,0.6195,0.0000,0.46905,1055
75947,0,0.46113,45.49463,-0.1922,0.5463,0.0000,0.50650,1060
75957,0,0.45941,45.49986,-0.2587,0.5371,0.0000,0.50280,1067
75967,0,0.45644,45.50771,-0.3678,0.6363,0.0000,0.49181,1075
75977,0,0.45292,45.51644,-0.5029,0.7309,0.0000,0.52852,1055
75987,0,0.44806,45.52691,-0.6940,0.8572,0.0000,0.55173,1055
75997,0,0.44111,45.53913,-0.8477,1.0032,0.0000,0.51790,1055
76007,0,0.43276,45.55047,-0.9382,1.0554,0.0000,0.48428,1061
76026,0,0.42285,45.56531,-0.8137,1.2268,0.0000,0.33417,1096
76036,0,0.41483,45.56705,-0.6227,0.8060,0.0000,0.32502,1057
76046,0,0.40921,45.56792,-0.4678,0.5184,0.0000,0.36221,1055
76056,0,0.40408,45.56792,-0.4316,0.3110,0.0000,0.36351,1050
76066,0,0.39914,45.56705,-0.3880,0.1518,0.0000,0.34579,1073
76076,0,0.39429,45.56618,-0.2922,0.0560,0.0000,0.29785,1076
76086,0,0.39044,45.56444,-0.2358,-0.0360,0.0000,0.31605,1080
76096,0,0.38694,45.56269,-0.2284,-0.0915,0.0000,0.32614,1052
76106,0,0.38314,45.56269,-0.1720,-0.0549,0.0000,0.27903,1062
76116,0,0.38048,45.56181,-0.0373,-0.0680,0.0000,0.26638,1057
76126,0,0.37898,45.56094,0.0914,-0.0756,0.0000,0.25806,1072
76136,0,0.37970,45.56007,0.2399,-0.0802,0.0000,0.29588,1069
76146,0,0.38187,45.55658,0.3415,-0.1879,0.0000,0.31937,1073
76156,0,0.38579,45.55483,0.3618,-0.1826,0.0000,0.40115,1049
76166,0,0.38951,45.55309,0.2431,-0.1794,0.0000,0.45394,1055
76176,0,0.39240,45.55483,0.0680,-0.0378,0.0000,0.50264,1058
76186,0,0.39213,45.55745,-0.1177,0.0820,0.0000,0.43766,1076
76196,0,0.38973,45.55920,-0.1219,0.1191,0.0000,0.33076,1068
76206,0,0.38827,45.55833,0.0632,0.0367,0.0000,0.28343,1055
76216,0,0.38937,45.55571,0.2080,-0.0827,0.0000,0.34052,1053
76234,0,0.39175,45.54961,0.1345,-0.2937,0.0000,0.44362,1098
76244,0,0.39323,45.54786,0.0244,-0.2461,0.0000,0.45475,1055
76254,0,0.39342,45.54786,-0.1033,-0.1477,0.0000,0.45462,1057
76264,0,0.39244,45.54786,-0.2225,-0.0886,0.0000,0.45475,1068
76274,0,0.39071,45.54872,-0.2853,-0.0187,0.0000,0.44697,1057
76284,0,0.38758,45.54961,-0.3859,0.0242,0.0000,0.42385,1061
76294,0,0.38285,45.55047,-0.4103,0.0490,0.0000,0.35180,1071
76304,0,0.37787,45.54961,-0.3209,-0.0051,0.0000,0.28918,1081
76314,0,0.37368,45.54699,-0.2012,-0.1077,0.0000,0.26449,1087
76324,0,0.37148,45.54350,0.0079,-0.2044,0.0000,0.25765,1054
76334,0,0.37132,45.53738,0.1596,-0.3671,0.0000,0.28352,1057
76344,0,0.37335,45.53127,0.2867,-0.4647,0.0000,0.33175,1061
76354,0,0.37634,45.52517,0.2835,-0.5230,0.0000,0.38394,1070
76364,0,0.37922,45.52081,0.2080,-0.4883,0.0000,0.41949,1083
76374,0,0.38096,45.51731,0.0877,-0.4328,0.0000,0.42410,1053
76384,0,0.38130,45.51644,-0.0129,-0.2945,0.0000,0.40429,1049
76394,0,0.38088,45.51469,-0.0437,-0.2466,0.0000,0.38193,1060
76404,0,0.38014,45.51208,-0.0533,-0.2526,0.0000,0.36998,1064
76414,0,0.38007,45.50945,-0.0054,-0.2565,0.0000,0.37916,1070
76424,0,0.38006,45.50597,-0.0203,-0.2934,0.0000,0.38950,1049
76443,0,0.37969,45.50072,-0.1076,-0.3857,0.0000,0.41518,1116
76453,0,0.37850,45.49812,-0.2039,-0.3358,0.0000,0.42099,1070
76463,0,0.37626,45.49637,-0.3082,-0.2714,0.0000,0.41826,1064
76473,0,0.37315,45.49550,-0.3758,-0.1976,0.0000,0.40559,1064
76483,0,0.36898,45.49725,-0.4588,-0.0487,0.0000,0.38986,1073
76493,0,0.36408,45.49812,-0.5200,0.0056,0.0000,0.37913,1054
76503,0,0.35920,45.49899,-0.5721,0.0384,0.0000,0.40120,1064
76513,0,0.35389,45.50072,-0.6514,0.0923,0.0000,0.41395,1069
76523,0,0.34772,45.50247,-0.7126,0.1253,0.0000,0.39543,1075
76533,0,0.34049,45.50422,-0.8153,0.1451,0.0000,0.38655,1062
76543,0,0.33269,45.50597,-0.8190,0.1569,0.0000,0.35259,1069
76553,0,0.32478,45.50684,-0.8515,0.1289,0.0000,0.35474,1077
76563,0,0.31651,45.50771,-0.8946,0.1125,0.0000,0.35010,1086
76573,0,0.30794,45.50684,-0.9446,0.0324,0.0000,0.35182,1050
76583,0,0.29843,45.50771,-1.0090,0.0545,0.0000,0.32766,1060
76593,0,0.28849,45.50858,-1.0622,0.0675,0.0000,0.32232,1056
76603,0,0.27737,45.50858,-1.1117,0.0405,0.0000,0.27753,1063
76613,0,0.26638,45.50945,-1.1053,0.0591,0.0000,0.26928,1071
76623,0,0.25507,45.50858,-1.1702,0.0007,0.0000,0.27487,1078
76633,0,0.24354,45.50771,-1.2032,-0.0344,0.0000,0.26847,1054
76652,0,0.23077,45.50771,-1.2756,-0.0206,0.0000,0.23028,1103
76662,0,0.21749,45.50684,-1.2857,-0.0475,0.0000,0.19612,1066
76672,0,0.20361,45.50597,-1.2825,-0.0633,0.0000,0.15089,1070
76682,0,0.19046,45.50509,-1.2511,-0.0731,0.0000,0.15841,1068
76692,0,0.17694,45.50336,-1.1952,-0.1131,0.0000,0.09849,1073
76702,0,0.16408,45.50336,-1.1042,-0.0679,0.0000,0.07321,1050
76712,0,0.15227,45.50161,-0.9903,-0.1106,0.0000,0.05716,1062
76722,0,0.14133,45.49986,-0.8701,-0.1362,0.0000,0.02940,1064
76732,0,0.13172,45.49725,-0.7509,-0.1864,0.0000,0.02628,1075
76742,0,0.12359,45.49550,-0.6397,-0.1817,0.0000,0.03727,1061
76752,0,0.11611,45.49375,-0.5684,-0.1789,0.0000,0.02597,1072
76762,0,0.11020,45.49375,-0.5247,-0.1074,0.0000,0.07733,1074
76772,0,0.10448,45.49463,-0.5875,-0.0293,0.0000,0.11221,1085
76782,0,0.09741,45.49725,-0.6216,0.0871,0.0000,0.05465,1053
76792,0,0.09092,45.49986,-0.6157,0.1569,0.0000,0.07430,1061
76802,0,0.08483,45.50336,-0.6482,0.2339,0.0000,0.10469,1056
76812,0,0.07805,45.50858,-0.7009,0.3494,0.0000,0.08915,1063
76822,0,0.07024,45.51469,-0.8147,0.4541,0.0000,0.08744,1071
76832,0,0.06145,45.52342,-0.8967,0.6216,0.0000,0.07028,1080
76842,0,0.05137,45.53302,-0.9946,0.7569,0.0000,0.04462,1053
76861,0,0.03971,45.55920,-1.0563,1.5012,0.0000,-0.01531,1098
76871,0,0.02804,45.57229,-1.0100,1.4244,0.0000,-0.05027,1062
76881,0,0.01729,45.58538,-0.8328,1.3783,0.0000,-0.10403,1056
76891,0,0.00975,45.59411,-0.5918,1.1761,0.0000,-0.07128,1062
76901,0,0.00527,45.60108,-0.4811,0.9846,0.0000,0.02195,1069
76911,0,0.00098,45.60545,-0.4609,0.7653,0.0000,0.01690,1067
76921,0,-0.00308,45.61069,-0.4428,0.6688,0.0000,0.01521,1070
76931,0,-0.00710,45.61417,-0.4550,0.5408,0.0000,0.01945,1053
76941,0,-0.01106,45.61767,-0.5019,0.4642,0.0000,0.04196,1063
76951,0,-0.01652,45.62290,-0.6008,0.4879,0.0000,0.01082,1067
76961,0,-0.02324,45.62814,-0.6711,0.5024,0.0000,-0.02356,1075
76971,0,-0.03029,45.63338,-0.6908,0.5108,0.0000,-0.03739,1065
76981,0,-0.03806,45.63862,-0.6333,0.5161,0.0000,-0.11004,1071
76991,0,-0.04384,45.64211,-0.4503,0.4491,0.0000,-0.10757,1056
77001,0,-0.04685,45.64385,-0.3055,0.3394,0.0000,-0.04495,1068
77011,0,-0.04992,45.64385,-0.3220,0.2036,0.0000,-0.04211,1050
77021,0,-0.05238,45.64298,-0.2326,0.0874,0.0000,-0.05924,1058
77031,0,-0.05448,45.64036,-0.2347,-0.0526,0.0000,-0.04182,1065
77041,0,-0.05620,45.63599,-0.2337,-0.2061,0.0000,-0.02544,1072
77051,0,-0.05796,45.63425,-0.2656,-0.1932,0.0000,-0.01338,1083
77070,0,-0.06195,45.63076,-0.3199,-0.2557,0.0000,-0.10153,1109
77080,0,-0.06522,45.63076,-0.3327,-0.1534,0.0000,-0.06249,1062
77090,0,-0.06954,45.63163,-0.4354,-0.0573,0.0000,-0.06763,1062
77100,0,-0.07586,45.63425,-0.4290,0.0706,0.0000,-0.17720,1062
77110,0,-0.08107,45.63425,-0.2246,0.0424,0.0000,-0.22939,1073
77120,0,-0.08265,45.63338,0.0765,-0.0097,0.0000,-0.19991,1081
77130,0,-0.08098,45.62989,0.2649,-0.1453,0.0000,-0.12986,1087
77140,0,-0.07843,45.62727,0.2968,-0.1921,0.0000,-0.09942,1055
77150,0,-0.07607,45.62378,0.3059,-0.2548,0.0000,-0.11130,1062
77160,0,-0.07405,45.62116,0.3804,-0.2575,0.0000,-0.16297,1064
77170,0,-0.07098,45.61680,0.5725,-0.3291,0.0000,-0.20380,1073
77180,0,-0.06566,45.60981,0.8540,-0.4770,0.0000,-0.22659,1055
77190,0,-0.05611,45.60108,1.2009,-0.6353,0.0000,-0.17917,1062
77200,0,-0.04329,45.58887,1.3903,-0.8695,0.0000,-0.09741,1055
77210,0,-0.02944,45.57840,1.4207,-0.9407,0.0000,-0.04700,1062
77220,0,-0.01574,45.56792,1.4004,-0.9834,0.0000,-0.03109,1064
77230,0,-0.00303,45.55920,1.3781,-0.9392,0.0000,-0.05687,1076
77240,0,0.00996,45.55222,1.4233,-0.8427,0.0000,-0.05182,1055
77250,0,0.02245,45.54611,1.4164,-0.7498,0.0000,-0.06135,1062
77260,0,0.03577,45.54263,1.4994,-0.5893,0.0000,-0.04802,1055
77279,0,0.05090,45.53651,1.6516,-0.5980,0.0000,-0.01840,1099
77289,0,0.06753,45.53390,1.7021,-0.4635,0.0000,0.04791,1074
77299,0,0.08477,45.53302,1.6990,-0.3132,0.0000,0.09747,1076
77309,0,0.10140,45.53215,1.6500,-0.2227,0.0000,0.10767,1055
77319,0,0.11788,45.53215,1.6888,-0.1336,0.0000,0.09774,1065
77329,0,0.13452,45.53040,1.7596,-0.1501,0.0000,0.08666,1062
77339,0,0.15265,45.52953,1.8612,-0.1248,0.0000,0.12828,1065
77349,0,0.17033,45.52779,1.8894,-0.1448,0.0000,0.10971,1046
77359,0,0.18843,45.52691,1.9565,-0.1220,0.0000,0.11540,1060
77369,0,0.20775,45.52604,2.0789,-0.1080,0.0000,0.13410,1054
77379,0,0.22844,45.52342,2.1507,-0.1695,0.0000,0.18763,1070
77389,0,0.25033,45.52342,2.1427,-0.1017,0.0000,0.27327,1061
77399,0,0.27248,45.52429,2.0422,-0.0262,0.0000,0.35902,1069
77409,0,0.29274,45.52691,1.8394,0.0889,0.0000,0.38590,1069
77419,0,0.31112,45.53127,1.7213,0.2279,0.0000,0.36983,1061
77429,0,0.32806,45.53564,1.6457,0.3113,0.0000,0.35223,1064
77439,0,0.34452,45.54088,1.5941,0.3964,0.0000,0.37035,1070
77449,0,0.36072,45.54611,1.5399,0.4472,0.0000,0.40059,1056
77459,0,0.37578,45.55222,1.4324,0.5125,0.0000,0.41272,1070
77469,0,0.39004,45.55920,1.4148,0.5867,0.0000,0.39550,1046
77488,0,0.40533,45.56880,1.5143,0.7362,0.0000,0.41284,1105
77498,0,0.42140,45.57054,1.5734,0.5113,0.0000,0.43823,1067
77508,0,0.43824,45.57229,1.6154,0.3767,0.0000,0.47252,1076
77518,0,0.45622,45.57142,1.6032,0.1912,0.0000,0.55369,1060
77528,0,0.47428,45.57054,1.4435,0.0796,0.0000,0.65527,1069
77538,0,0.49007,45.57142,1.1594,0.0829,0.0000,0.70004,1073
77548,0,0.50281,45.57404,0.8625,0.1544,0.0000,0.70846,1060
77558,0,0.51169,45.57665,0.5991,0.1973,0.0000,0.65642,1064
77568,0,0.51887,45.57753,0.5240,0.1535,0.0000,0.61588,1079
77578,0,0.52459,45.57665,0.4698,0.0570,0.0000,0.57542,1063
77588,0,0.52979,45.57404,0.4559,-0.0705,0.0000,0.56199,1076
77598,0,0.53433,45.57054,0.4112,-0.1821,0.0000,0.55561,1054
77608,0,0.53831,45.56705,0.3634,-0.2487,0.0000,0.55556,1064
77618,0,0.54211,45.56444,0.3394,-0.2539,0.0000,0.56258,1072
77628,0,0.54555,45.56094,0.3080,-0.2921,0.0000,0.56333,1079
77638,0,0.54847,45.55658,0.2601,-0.3498,0.0000,0.56448,1061
77648,0,0.55088,45.55222,0.2170,-0.3845,0.0000,0.56307,1076
77658,0,0.55280,45.54872,0.2058,-0.3704,0.0000,0.54566,1073
77668,0,0.55580,45.54436,0.1835,-0.3965,0.0000,0.61436,1080
77678,0,0.55827,45.54263,-0.0826,-0.3075,0.0000,0.72289,1064
77697,0,0.55284,45.54961,-0.5428,0.0947,0.0000,0.55263,1112
77707,0,0.54336,45.55658,-0.5897,0.3358,0.0000,0.36435,1067
77717,0,0.53234,45.56531,-0.3231,0.5506,0.0000,0.14262,1070
77727,0,0.52888,45.57404,0.0308,0.6795,0.0000,0.34083,1076
77737,0,0.52899,45.58800,-0.0586,0.9662,0.0000,0.56340,1089
77747,0,0.52714,45.60719,-0.4024,1.3475,0.0000,0.63587,1053
77757,0,0.51982,45.63599,-0.9542,1.9605,0.0000,0.63101,1055
77767,0,0.50888,45.67352,-1.3543,2.6775,0.0000,0.63892,1059
77777,0,0.49329,45.72239,-1.8870,3.5611,0.0000,0.65733,1064
77787,0,0.47290,45.77039,-2.2248,4.0565,0.0000,0.56576,1070
77797,0,0.45257,45.81489,-2.2812,4.2140,0.0000,0.57706,1077
77807,0,0.42998,45.85678,-2.4686,4.2041,0.0000,0.53432,1057
77817,0,0.40450,45.89954,-2.4962,4.2327,0.0000,0.37871,1055
77827,0,0.38054,45.93793,-2.3345,4.0756,0.0000,0.35012,1049
77837,0,0.35968,45.97633,-2.1072,3.9813,0.0000,0.37009,1058
77847,0,0.34082,46.01560,-1.9141,3.9595,0.0000,0.35499,1068
77857,0,0.32593,46.04702,-1.5693,3.6324,0.0000,0.36578,1079
77867,0,0.31573,46.07320,-1.2021,3.2268,0.0000,0.40717,1049
77877,0,0.30907,46.09676,-0.9361,2.8785,0.0000,0.44386,1058
77887,0,0.30466,46.11596,-0.6844,2.4949,0.0000,0.42649,1052
77906,0,0.30419,46.12904,-0.3225,2.0203,0.0000,0.44192,1099
77915,0,0.30408,46.12556,-0.3625,1.0730,0.0000,0.47996,1076
77926,0,0.30277,46.11858,-0.4715,0.3646,0.0000,0.47304,1062
77935,0,0.29978,46.10986,-0.6040,-0.1304,0.0000,0.45208,1056
77946,0,0.29530,46.10374,-0.7530,-0.3227,0.0000,0.44770,1064
77955,0,0.28882,46.09850,-0.9111,-0.4033,0.0000,0.42027,1064
77966,0,0.28014,46.09763,-1.0148,-0.2767,0.0000,0.35393,1068
77975,0,0.27023,46.09676,-1.0595,-0.2008,0.0000,0.30422,1066
77986,0,0.25932,46.09502,-1.1606,-0.1904,0.0000,0.29424,1061
77995,0,0.24841,46.09152,-1.1867,-0.2540,0.0000,0.29602,1056
78006,0,0.23772,46.08716,-1.1638,-0.3270,0.0000,0.28546,1062
78015,0,0.22705,46.08105,-1.0707,-0.4406,0.0000,0.22896,1066
78026,0,0.21788,46.07320,-0.8754,-0.5781,0.0000,0.19680,1071
78035,0,0.21003,46.06709,-0.7243,-0.5913,0.0000,0.17993,1066
78046,0,0.20210,46.06098,-0.5774,-0.5992,0.0000,0.09416,1076
78055,0,0.19577,46.05662,-0.3784,-0.5341,0.0000,0.06858,1055
78066,0,0.19159,46.05313,-0.2624,-0.4599,0.0000,0.11371,1065
78075,0,0.18924,46.05138,-0.1539,-0.3458,0.0000,0.14887,1068
78086,0,0.18785,46.04964,-0.1214,-0.2774,0.0000,0.17891,1071
78095,0,0.18617,46.04877,-0.0996,-0.2012,0.0000,0.15214,1067
78114,0,0.18379,46.05051,-0.0166,-0.0512,0.0000,0.07277,1110
78124,0,0.18180,46.05225,0.0318,0.0392,0.0000,0.06667,1080
78134,0,0.17995,46.05400,0.0462,0.0934,0.0000,0.06435,1087
78144,0,0.17874,46.05662,-0.0448,0.1607,0.0000,0.14024,1071
78154,0,0.17556,46.06098,-0.2278,0.2710,0.0000,0.13045,1082
78164,0,0.17081,46.06448,-0.2810,0.3024,0.0000,0.07391,1065
78174,0,0.16524,46.06796,-0.2821,0.3209,0.0000,0.02766,1072
78184,0,0.16081,46.06971,-0.1597,0.2624,0.0000,0.01960,1055
78194,0,0.15848,46.06971,-0.0278,0.1574,0.0000,0.05572,1061
78204,0,0.15677,46.06971,0.0510,0.0945,0.0000,0.04554,1067
78214,0,0.15542,46.06971,0.0936,0.0567,0.0000,0.04125,1072
78224,0,0.15472,46.06971,0.1005,0.0340,0.0000,0.06964,1076
78234,0,0.15327,46.07059,-0.0043,0.0555,0.0000,0.08265,1083
78244,0,0.15035,46.07233,-0.1533,0.1029,0.0000,0.08142,1055
78254,0,0.14623,46.07320,-0.2496,0.0968,0.0000,0.06487,1058
78264,0,0.14146,46.07320,-0.2704,0.0581,0.0000,0.03824,1058
78274,0,0.13671,46.07233,-0.2342,-0.0002,0.0000,0.01635,1075
78284,0,0.13254,46.07059,-0.1959,-0.0697,0.0000,0.02196,1067
78294,0,0.12902,46.06884,-0.1528,-0.1117,0.0000,0.02936,1076
78304,0,0.12582,46.06884,-0.1134,-0.0670,0.0000,0.02249,1051
78323,0,0.12354,46.07059,-0.1384,0.0297,0.0000,0.07850,1098
78333,0,0.12120,46.07146,-0.1783,0.0526,0.0000,0.09366,1061
78343,0,0.11878,46.07320,-0.2028,0.1014,0.0000,0.09910,1059
78353,0,0.11592,46.07320,-0.2156,0.0609,0.0000,0.08052,1057
78363,0,0.11388,46.07146,-0.1161,-0.0334,0.0000,0.07038,1067
78373,0,0.11341,46.07059,-0.0208,-0.0548,0.0000,0.10017,1063
78383,0,0.11289,46.07059,-0.0522,-0.0329,0.0000,0.11287,1071
78393,0,0.11138,46.07233,-0.0666,0.0498,0.0000,0.06936,1053
78403,0,0.10211,46.07757,-0.8594,0.2396,0.0000,0.06842,1059
78413,0,0.09591,46.07844,-0.3087,0.1785,0.0000,-0.06001,1057
78423,0,0.09281,46.07407,-0.1203,-0.0674,0.0000,-0.00188,1065
78433,0,0.09356,46.06884,-0.0405,-0.2498,0.0000,0.15146,1067
78443,0,0.09102,46.06971,-0.3476,-0.1151,0.0000,0.13749,1063
78453,0,0.08708,46.07233,-0.3092,0.0356,0.0000,0.04482,1067
78463,0,0.08559,46.07320,-0.2651,0.0565,0.0000,0.14342,1074
78473,0,0.08452,46.07407,-0.2645,0.0687,0.0000,0.16346,1083
78483,0,0.08134,46.07407,-0.3784,0.0412,0.0000,0.11160,1067
78493,0,0.07700,46.07407,-0.4258,0.0247,0.0000,0.07305,1052
78503,0,0.07241,46.07407,-0.5386,0.0148,0.0000,0.11209,1059
78513,0,0.06819,46.07407,-0.5253,0.0089,0.0000,0.11988,1060
78532,0,0.06337,46.07233,-0.4726,-0.0645,0.0000,0.05841,1131
78542,0,0.05715,46.07146,-0.4864,-0.0735,0.0000,-0.01074,1078
78552,0,0.05288,46.06971,-0.2975,-0.1140,0.0000,-0.01172,1086
78562,0,0.04917,46.06971,-0.2411,-0.0684,0.0000,-0.01569,1053
78572,0,0.04664,46.07146,-0.1842,0.0288,0.0000,0.01236,1059
78582,0,0.04486,46.07233,-0.1384,0.0521,0.0000,0.02478,1059
78592,0,0.04334,46.07320,-0.1235,0.0664,0.0000,0.02920,1069
78602,0,0.04247,46.07320,-0.0959,0.0398,0.0000,0.04674,1068
78612,0,0.04218,46.07320,-0.0921,0.0239,0.0000,0.07411,1072
78622,0,0.04171,46.07320,-0.1267,0.0143,0.0000,0.08146,1053
78632,0,0.04048,46.07320,-0.1730,0.0086,0.0000,0.06545,1060
78642,0,0.03899,46.07320,-0.1634,0.0052,0.0000,0.04627,1065
78652,0,0.03766,46.07320,-0.1251,0.0031,0.0000,0.03372,1074
78662,0,0.03653,46.07233,-0.0916,-0.0332,0.0000,0.02575,1065
78672,0,0.03550,46.07233,-0.0017,-0.0199,0.0000,-0.01527,1068
78682,0,0.03639,46.07059,0.2383,-0.0815,0.0000,-0.03834,1075
78692,0,0.04050,46.06884,0.5049,-0.1188,0.0000,-0.00605,1083
78702,0,0.04680,46.06709,0.4927,-0.1412,0.0000,0.11539,1053
78712,0,0.05345,46.07233,0.2160,0.1246,0.0000,0.27814,1060
78722,0,0.05433,46.08018,-0.0879,0.3891,0.0000,0.14204,1058
78741,0,0.05352,46.08454,0.0244,0.4077,0.0000,0.00058,1097
78751,0,0.05395,46.08018,0.0233,0.0704,0.0000,0.06419,1082
78761,0,0.05490,46.07582,-0.0070,-0.1323,0.0000,0.10553,1066
78771,0,0.05319,46.07233,-0.1336,-0.2192,0.0000,0.03487,1053
78781,0,0.05138,46.07233,-0.0911,-0.1315,0.0000,0.00647,1069
78791,0,0.05046,46.07146,0.0042,-0.1137,0.0000,0.00216,1074
78801,0,0.05020,46.07233,0.0164,-0.0334,0.0000,0.02890,1067
78811,0,0.05041,46.07320,0.0393,0.0150,0.0000,0.04155,1069
78821,0,0.05087,46.07407,0.0680,0.0438,0.0000,0.03950,1082
78831,0,0.05168,46.07407,0.0728,0.0263,0.0000,0.05567,1069
78841,0,0.05275,46.07407,0.0600,0.0158,0.0000,0.07658,1070
78851,0,0.05420,46.07495,0.0696,0.0446,0.0000,0.09157,1052
78861,0,0.05514,46.07495,0.0058,0.0267,0.0000,0.09925,1069
78871,0,0.05534,46.07407,0.0079,-0.0191,0.0000,0.06184,1069
78881,0,0.05513,46.07407,0.0223,-0.0114,0.0000,0.03312,1071
78891,0,0.05543,46.07320,0.0531,-0.0416,0.0000,0.04405,1085
78901,0,0.05638,46.07407,0.1005,0.0098,0.0000,0.05354,1066
78911,0,0.05724,46.07407,0.0867,0.0059,0.0000,0.05684,1053
78921,0,0.05846,46.07407,0.0898,0.0035,0.0000,0.07443,1066
78931,0,0.05963,46.07495,0.0686,0.0372,0.0000,0.08421,1072
78949,0,0.06065,46.07407,0.0292,-0.0128,0.0000,0.09678,1119
78959,0,0.06149,46.07495,0.0207,0.0274,0.0000,0.09309,1073
78969,0,0.06193,46.07495,-0.0006,0.0165,0.0000,0.08463,1058
78979,0,0.06227,46.07495,0.0058,0.0099,0.0000,0.07623,1065
78989,0,0.06249,46.07495,-0.0262,0.0059,0.0000,0.08658,1073
78999,0,0.06224,46.07407,-0.0501,-0.0315,0.0000,0.07451,1077
79009,0,0.06196,46.07407,-0.0272,-0.0189,0.0000,0.06157,1058
79019,0,0.06162,46.07407,-0.0224,-0.0114,0.0000,0.05623,1054
79029,0,0.06143,46.07407,0.0036,-0.0068,0.0000,0.04999,1058
79039,0,0.06155,46.07407,0.0356,-0.0041,0.0000,0.04989,1059
79049,0,0.06215,46.07407,0.0606,-0.0025,0.0000,0.06152,1072
79059,0,0.06317,46.07407,0.0515,-0.0015,0.0000,0.08859,1069
79069,0,0.06391,46.07495,0.0153,0.0342,0.0000,0.09321,1058
79079,0,0.06460,46.07495,0.0058,0.0205,0.0000,0.09625,1054
79089,0,0.06468,46.07495,-0.0320,0.0123,0.0000,0.08476,1058
79099,0,0.06452,46.07495,-0.0320,0.0074,0.0000,0.07233,1060
79109,0,0.06427,46.07407,-0.0256,-0.0307,0.0000,0.06473,1069
79119,0,0.06438,46.07407,0.0153,-0.0184,0.0000,0.06233,1054
79129,0,0.06455,46.07407,0.0138,-0.0110,0.0000,0.06589,1058
79139,0,0.06463,46.07495,0.0015,0.0285,0.0000,0.06785,1054
79158,0,0.06480,46.07495,-0.0001,0.0171,0.0000,0.07346,1099
79168,0,0.06509,46.07495,0.0127,0.0103,0.0000,0.07345,1080
79178,0,0.06525,46.07495,0.0020,0.0062,0.0000,0.07220,1061
79188,0,0.06508,46.07495,-0.0160,0.0037,0.0000,0.06443,1053
79198,0,0.06529,46.07495,0.0084,0.0022,0.0000,0.07144,1061
79208,0,0.06548,46.07495,0.0143,0.0013,0.0000,0.06799,1068
79218,0,0.06569,46.07495,0.0090,0.0008,0.0000,0.07161,1079
79228,0,0.06588,46.07495,0.0111,0.0005,0.0000,0.06970,1053
79238,0,0.06606,46.07495,0.0116,0.0003,0.0000,0.06928,1059
79248,0,0.06616,46.07495,0.0074,0.0002,0.0000,0.06777,1056
79258,0,0.06629,46.07495,0.0100,0.0001,0.0000,0.06776,1071
79268,0,0.06632,46.07495,0.0052,0.0001,0.0000,0.06497,1071
79278,0,0.06661,46.07495,0.0132,0.0000,0.0000,0.07448,1078
79288,0,0.06661,46.07495,0.0020,0.0000,0.0000,0.06585,1066
79298,0,0.06673,46.07495,0.0058,0.0000,0.0000,0.06988,1073
79308,0,0.06698,46.07495,0.0058,0.0000,0.0000,0.07623,1053
79318,0,0.06698,46.07495,0.0036,0.0000,0.0000,0.06563,1065
79328,0,0.06708,46.07495,0.0084,0.0000,0.0000,0.06779,1071
79338,0,0.06677,46.07495,-0.0070,0.0000,0.0000,0.05446,1075
79348,0,0.06689,46.07495,0.0100,0.0000,0.0000,0.06781,1063
79367,0,0.06692,46.07495,0.0095,0.0000,0.0000,0.06406,1105
79377,0,0.06693,46.07495,0.0047,0.0000,0.0000,0.06493,1075
79387,0,0.06711,46.07582,0.0196,0.0348,0.0000,0.06616,1063
79397,0,0.06729,46.07582,0.0111,0.0209,0.0000,0.07079,1068
79407,0,0.06737,46.07582,0.0074,0.0125,0.0000,0.06793,1072
79417,0,0.06722,46.07582,-0.0113,0.0075,0.0000,0.06496,1073
79427,0,0.06723,46.07582,0.0106,0.0045,0.0000,0.06252,1070
79437,0,0.06721,46.07582,0.0042,0.0027,0.0000,0.06440,1073
79447,0,0.06729,46.07582,0.0079,0.0016,0.0000,0.06739,1058
79457,0,0.06750,46.07582,0.0111,0.0010,0.0000,0.07209,1062
79467,0,0.06749,46.07582,0.0052,0.0006,0.0000,0.06476,1060
79477,0,0.06750,46.07582,0.0068,0.0004,0.0000,0.06433,1067
79487,0,0.06741,46.07582,0.0031,0.0002,0.0000,0.06152,1072
79497,0,0.06747,46.07582,0.0063,0.0001,0.0000,0.06736,1074
79507,0,0.06751,46.07582,0.0143,0.0001,0.0000,0.06208,1077
79517,0,0.06757,46.07582,0.0068,0.0000,0.0000,0.06724,1058
79527,0,0.06788,46.07582,0.0276,0.0000,0.0000,0.06978,1061
79537,0,0.06804,46.07582,0.0127,0.0000,0.0000,0.06953,1057
79547,0,0.06816,46.07582,0.0116,0.0000,0.0000,0.06849,1066
79557,0,0.06835,46.07582,0.0052,0.0000,0.0000,0.07527,1070
79576,0,0.06849,46.07582,0.0090,0.0000,0.0000,0.07081,1123
79586,0,0.06853,46.07582,0.0058,0.0000,0.0000,0.06787,1073
79596,0,0.06876,46.07582,0.0100,0.0000,0.0000,0.07502,1083
79606,0,0.06881,46.07582,0.0074,0.0000,0.0000,0.06793,1067
79616,0,0.06882,46.07582,0.0036,0.0000,0.0000,0.06703,1074
79626,0,0.06889,46.07582,0.0020,0.0000,0.0000,0.07181,1058
79636,0,0.06902,46.07582,-0.0006,0.0000,0.0000,0.07564,1064
79646,0,0.06904,46.07582,0.0063,0.0000,0.0000,0.06665,1073
79656,0,0.06903,46.07582,0.0058,0.0000,0.0000,0.06597,1083
79666,0,0.06912,46.07582,0.0106,0.0000,0.0000,0.06817,1063
79676,0,0.06924,46.07582,0.0084,0.0000,0.0000,0.07123,1064
79686,0,0.06920,46.07582,0.0052,0.0000,0.0000,0.06446,1068
79696,0,0.06966,46.07582,0.0308,0.0000,0.0000,0.07721,1074
79706,0,0.06981,46.07582,0.0106,0.0000,0.0000,0.07187,1071
79716,0,0.06996,46.07582,0.0047,0.0000,0.0000,0.07506,1079
79726,0,0.07007,46.07582,0.0068,0.0000,0.0000,0.07248,1059
79736,0,0.06998,46.07582,-0.0176,0.0000,0.0000,0.07440,1059
79746,0,0.07015,46.07582,0.0138,0.0000,0.0000,0.07183,1063
79756,0,0.07024,46.07582,0.0063,0.0000,0.0000,0.07115,1072
79766,0,0.07027,46.07582,0.0015,0.0000,0.0000,0.07147,1073
79784,0,0.07034,46.07582,0.0116,0.0000,0.0000,0.06769,1106
79794,0,0.07038,46.07582,0.0074,0.0000,0.0000,0.06869,1069
79804,0,0.07058,46.07582,0.0228,0.0000,0.0000,0.06913,1071
79814,0,0.07076,46.07582,0.0047,0.0000,0.0000,0.07737,1071
79824,0,0.07077,46.07582,0.0052,0.0000,0.0000,0.06858,1082
79834,0,0.07086,46.07582,0.0143,0.0000,0.0000,0.06841,1092
79844,0,0.07091,46.07582,0.0074,0.0000,0.0000,0.06992,1095
79854,0,0.07082,46.07582,0.0052,0.0000,0.0000,0.06344,1064
79864,0,0.07095,46.07582,0.0169,0.0000,0.0000,0.06930,1071
79874,0,0.07101,46.07582,0.0047,0.0000,0.0000,0.07144,1073
79884,0,0.07105,46.07582,0.0095,0.0000,0.0000,0.06835,1081
79894,0,0.07115,46.07582,0.0058,0.0000,0.0000,0.07313,1087
79904,0,0.07115,46.07582,0.0015,0.0000,0.0000,0.07032,1092
79914,0,0.07116,46.07582,0.0079,0.0000,0.0000,0.06779,1081
79924,0,0.07114,46.07582,0.0100,0.0000,0.0000,0.06525,1081
79934,0,0.07120,46.07582,0.0031,0.0000,0.0000,0.07279,1073
79944,0,0.07130,46.07582,0.0052,0.0000,0.0000,0.07354,1079
79954,0,0.07149,46.07582,0.0063,0.0000,0.0000,0.07778,1064
79964,0,0.07149,46.07582,0.0042,0.0000,0.0000,0.06923,1071
79974,0,0.07163,46.07582,0.0100,0.0000,0.0000,0.07387,1069
79993,0,0.07167,46.07582,0.0127,0.0000,0.0000,0.06744,1113
80003,0,0.07181,46.07582,0.0287,0.0000,0.0000,0.06432,1073
80013,0,0.07178,46.07582,0.0063,0.0000,0.0000,0.06716,1074
80023,0,0.07208,46.07582,0.0292,0.0000,0.0000,0.07237,1053
80033,0,0.07218,46.07582,0.0031,0.0000,0.0000,0.07566,1060
80043,0,0.07225,46.07582,0.0036,0.0000,0.0000,0.07384,1053
80053,0,0.07234,46.07582,0.0116,0.0000,0.0000,0.07131,1060
80063,0,0.07222,46.07582,0.0090,0.0000,0.0000,0.06154,1066
80073,0,0.07208,46.07582,0.0020,0.0000,0.0000,0.06433,1074
80083,0,0.07212,46.07582,0.0095,0.0000,0.0000,0.06937,1053
80093,0,0.07220,46.07582,0.0026,0.0000,0.0000,0.07494,1060
80103,0,0.07236,46.07582,0.0015,0.0000,0.0000,0.07938,1057
80113,0,0.07245,46.07582,-0.0043,0.0000,0.0000,0.07895,1060
80123,0,0.07251,46.07582,0.0068,0.0000,0.0000,0.07202,1065
80133,0,0.07216,46.07582,-0.0155,0.0000,0.0000,0.06255,1074
80143,0,0.07207,46.07582,0.0079,0.0000,0.0000,0.06366,1077
80153,0,0.07183,46.07582,0.0015,0.0000,0.0000,0.05888,1060
80163,0,0.07199,46.07582,0.0249,0.0000,0.0000,0.06799,1053
80173,0,0.07225,46.07582,0.0015,0.0000,0.0000,0.08410,1060
80183,0,0.07265,46.07582,0.0207,0.0000,0.0000,0.08267,1062
80202,0,0.07248,46.07582,-0.0065,0.0000,0.0000,0.06707,1111
80212,0,0.07221,46.07582,0.0031,0.0000,0.0000,0.05730,1064
80222,0,0.07197,46.07582,0.0079,0.0000,0.0000,0.05588,1071
80232,0,0.07183,46.07582,0.0106,0.0000,0.0000,0.05954,1053
80242,0,0.07227,46.07582,0.0446,0.0000,0.0000,0.07196,1059
80252,0,0.07252,46.07582,0.0074,0.0000,0.0000,0.08119,1053
80262,0,0.07278,46.07582,0.0090,0.0000,0.0000,0.08158,1059
80272,0,0.07294,46.07582,0.0138,0.0000,0.0000,0.07388,1063
80282,0,0.07270,46.07582,-0.0081,0.0000,0.0000,0.06486,1072
80292,0,0.07252,46.07582,0.0153,0.0000,0.0000,0.05592,1068
80302,0,0.07230,46.07582,0.0068,0.0000,0.0000,0.05783,1059
80312,0,0.07226,46.07582,0.0068,0.0000,0.0000,0.06696,1053
80322,0,0.07254,46.07582,0.0223,0.0000,0.0000,0.07536,1059
80332,0,0.07278,46.07582,0.0095,0.0000,0.0000,0.07970,1060
80342,0,0.07299,46.07582,0.0079,0.0000,0.0000,0.07961,1069
80352,0,0.07296,46.07582,-0.0017,0.0000,0.0000,0.07263,1078
80362,0,0.07283,46.07582,0.0042,0.0000,0.0000,0.06421,1090
80372,0,0.07273,46.07582,0.0122,0.0000,0.0000,0.06157,1055
80382,0,0.07282,46.07582,0.0244,0.0000,0.0000,0.06518,1059
80392,0,0.07291,46.07582,0.0074,0.0000,0.0000,0.07374,1060
80411,0,0.07298,46.07582,-0.0017,0.0000,0.0000,0.07694,1118
80421,0,0.07311,46.07582,0.0084,0.0000,0.0000,0.07552,1074
80431,0,0.07303,46.07582,0.0074,0.0000,0.0000,0.06551,1084
80441,0,0.07306,46.07582,0.0090,0.0000,0.0000,0.07023,1090
80451,0,0.07317,46.07582,0.0122,0.0000,0.0000,0.07211,1073
80461,0,0.07328,46.07582,0.0052,0.0000,0.0000,0.07638,1053
80471,0,0.07344,46.07582,0.0020,0.0000,0.0000,0.08027,1071
80481,0,0.07327,46.07582,-0.0081,0.0000,0.0000,0.06880,1070
80491,0,0.07301,46.07582,0.0047,0.0000,0.0000,0.05766,1086
80501,0,0.07269,46.07582,0.0042,0.0000,0.0000,0.05479,1090
80511,0,0.07261,46.07582,0.0233,0.0000,0.0000,0.05685,1073
80521,0,0.07263,46.07582,0.0223,0.0000,0.0000,0.06252,1053
80531,0,0.07309,46.07582,0.0308,0.0000,0.0000,0.08070,1060
80541,0,0.07329,46.07582,0.0201,0.0000,0.0000,0.07302,1067
80551,0,0.07338,46.07582,0.0020,0.0000,0.0000,0.07704,1075
80561,0,0.07350,46.07582,-0.0001,0.0000,0.0000,0.07936,1092
80571,0,0.07334,46.07582,-0.0038,0.0000,0.0000,0.06744,1096
80581,0,0.07323,46.07582,0.0079,0.0000,0.0000,0.06379,1053
80591,0,0.07342,46.07582,0.0217,0.0000,0.0000,0.07216,1059
80601,0,0.07348,46.07582,0.0122,0.0000,0.0000,0.07033,1068
80619,0,0.07355,46.07582,0.0058,0.0000,0.0000,0.07405,1125
80629,0,0.07358,46.07582,0.0036,0.0000,0.0000,0.07330,1060
80639,0,0.07354,46.07582,-0.0017,0.0000,0.0000,0.07225,1060
80649,0,0.07333,46.07582,0.0116,0.0000,0.0000,0.05701,1071
80659,0,0.07330,46.07582,0.0095,0.0000,0.0000,0.06713,1080
80669,0,0.07303,46.07582,-0.0043,0.0000,0.0000,0.06188,1080
80679,0,0.07310,46.07495,0.0324,-0.0348,0.0000,0.06020,1087
80689,0,0.07325,46.07582,0.0255,0.0139,0.0000,0.06820,1053
80699,0,0.07340,46.07582,0.0292,0.0083,0.0000,0.06617,1060
80709,0,0.07384,46.07582,0.0196,0.0050,0.0000,0.08597,1064
80719,0,0.07427,46.07582,0.0052,0.0030,0.0000,0.09354,1073
80729,0,0.07464,46.07582,0.0052,0.0018,0.0000,0.09008,1079
80739,0,0.07423,46.07582,-0.0501,0.0011,0.0000,0.07881,1089
80749,0,0.07398,46.07582,-0.0182,0.0006,0.0000,0.07058,1053
80759,0,0.07327,46.07582,-0.0246,0.0004,0.0000,0.05036,1060
80769,0,0.07268,46.07582,-0.0017,0.0002,0.0000,0.04390,1064
80779,0,0.07242,46.07582,0.0175,0.0001,0.0000,0.05063,1073
80789,0,0.07268,46.07495,0.0388,-0.0347,0.0000,0.06643,1080
80799,0,0.07324,46.07582,0.0505,0.0140,0.0000,0.07579,1060
80809,0,0.07387,46.07582,0.0430,0.0084,0.0000,0.08405,1053
80828,0,0.07404,46.07582,-0.0075,0.0050,0.0000,0.08628,1098
80838,0,0.07407,46.07582,-0.0150,0.0030,0.0000,0.08319,1085
80848,0,0.07367,46.07582,-0.0309,0.0018,0.0000,0.06918,1059
80858,0,0.07334,46.07582,-0.0086,0.0011,0.0000,0.06080,1053
80868,0,0.07294,46.07582,-0.0086,0.0007,0.0000,0.05733,1059
80878,0,0.07255,46.07582,-0.0129,0.0004,0.0000,0.05958,1058
80888,0,0.07240,46.07582,0.0153,0.0002,0.0000,0.05719,1066
80898,0,0.07240,46.07582,0.0106,0.0001,0.0000,0.06710,1075
80908,0,0.07240,46.07582,0.0031,0.0001,0.0000,0.07073,1083
80918,0,0.07259,46.07582,0.0292,0.0001,0.0000,0.06784,1053
80928,0,0.07270,46.07582,0.0132,0.0000,0.0000,0.07139,1059
80938,0,0.07281,46.07582,0.0042,0.0000,0.0000,0.07595,1055
80948,0,0.07324,46.07582,0.0313,0.0000,0.0000,0.07925,1069
80958,0,0.07344,46.07582,0.0015,0.0000,0.0000,0.08296,1077
80968,0,0.07351,46.07582,-0.0134,0.0000,0.0000,0.08354,1080
80978,0,0.07334,46.07582,-0.0304,0.0000,0.0000,0.07975,1056
80988,0,0.07291,46.07582,-0.0160,0.0000,0.0000,0.05974,1059
80998,0,0.07246,46.07582,-0.0097,0.0000,0.0000,0.05449,1062
81008,0,0.07221,46.07582,0.0116,0.0000,0.0000,0.05397,1069
81018,0,0.07224,46.07582,0.0271,0.0000,0.0000,0.06042,1067
81037,0,0.07250,46.07582,0.0074,0.0000,0.0000,0.08170,1111
81047,0,0.07277,46.07582,0.0185,0.0000,0.0000,0.07728,1070
81057,0,0.07303,46.07582,0.0239,0.0000,0.0000,0.07388,1076
81067,0,0.07326,46.07582,0.0159,0.0000,0.0000,0.07702,1056
81077,0,0.07333,46.07582,0.0031,0.0000,0.0000,0.07534,1061
81087,0,0.07339,46.07582,-0.0033,0.0000,0.0000,0.07800,1056
81097,0,0.07364,46.07582,0.0058,0.0000,0.0000,0.08320,1066
81107,0,0.07365,46.07582,-0.0001,0.0000,0.0000,0.07418,1068
81117,0,0.07347,46.07582,-0.0144,0.0000,0.0000,0.07145,1078
81127,0,0.07331,46.07582,0.0090,0.0000,0.0000,0.06075,1056
81137,0,0.07293,46.07582,0.0026,0.0000,0.0000,0.05270,1061
81147,0,0.07276,46.07582,0.0164,0.0000,0.0000,0.05612,1057
81157,0,0.07290,46.07582,0.0260,0.0000,0.0000,0.06708,1061
81167,0,0.07326,46.07582,0.0409,0.0000,0.0000,0.07054,1070
81177,0,0.07357,46.07582,0.0074,0.0000,0.0000,0.08566,1075
81187,0,0.07401,46.07582,0.0063,0.0000,0.0000,0.09283,1056
81197,0,0.07437,46.07582,0.0036,0.0000,0.0000,0.09053,1061
81207,0,0.07432,46.07582,-0.0224,0.0000,0.0000,0.08321,1059
81217,0,0.07408,46.07582,-0.0320,0.0000,0.0000,0.07766,1073
81227,0,0.07367,46.07582,-0.0160,0.0000,0.0000,0.06158,1073
81246,0,0.07342,46.07582,0.0116,0.0000,0.0000,0.05484,1108
81256,0,0.07347,46.07582,0.0260,0.0000,0.0000,0.06287,1062
81266,0,0.07341,46.07582,0.0185,0.0000,0.0000,0.06138,1069
81276,0,0.07393,46.07582,0.0563,0.0000,0.0000,0.07147,1063
81286,0,0.07441,46.07582,0.0473,0.0000,0.0000,0.07496,1069
81296,0,0.07486,46.07582,0.0297,0.0000,0.0000,0.08259,1053
81306,0,0.07511,46.07582,0.0036,0.0000,0.0000,0.08554,1060
81316,0,0.07533,46.07582,-0.0001,0.0000,0.0000,0.08661,1054
81326,0,0.07509,46.07582,-0.0246,0.0000,0.0000,0.07531,1062
81336,0,0.07477,46.07582,-0.0043,0.0000,0.0000,0.06104,1076
81346,0,0.07425,46.07582,-0.0150,0.0000,0.0000,0.05558,1081
81356,0,0.07403,46.07582,0.0010,0.0000,0.0000,0.06254,1076
81366,0,0.07402,46.07582,0.0260,0.0000,0.0000,0.06036,1060
81376,0,0.07412,46.07582,0.0132,0.0000,0.0000,0.07254,1055
81386,0,0.07412,46.07582,0.0031,0.0000,0.0000,0.07268,1062
81396,0,0.07414,46.07582,0.0079,0.0000,0.0000,0.07117,1066
81406,0,0.07411,46.07582,0.0068,0.0000,0.0000,0.06934,1073
81416,0,0.07426,46.07582,0.0207,0.0000,0.0000,0.07122,1068
81426,0,0.07437,46.07582,0.0122,0.0000,0.0000,0.07409,1075
81436,0,0.07450,46.07582,0.0026,0.0000,0.0000,0.07945,1060
81454,0,0.07462,46.07582,0.0079,0.0000,0.0000,0.07691,1112
81464,0,0.07456,46.07582,-0.0006,0.0000,0.0000,0.07163,1069
81474,0,0.07420,46.07582,-0.0171,0.0000,0.0000,0.06478,1072
81484,0,0.07398,46.07582,0.0106,0.0000,0.0000,0.05774,1078
81494,0,0.07386,46.07582,0.0223,0.0000,0.0000,0.05702,1086
81504,0,0.07373,46.07582,0.0036,0.0000,0.0000,0.06503,1055
81514,0,0.07411,46.07582,0.0388,0.0000,0.0000,0.07390,1100
81524,0,0.07454,46.07582,0.0265,0.0000,0.0000,0.08298,1063
81534,0,0.07479,46.07582,0.0074,0.0000,0.0000,0.08326,1070
81544,0,0.07487,46.07582,0.0058,0.0000,0.0000,0.07601,1077
81554,0,0.07498,46.07582,0.0095,0.0000,0.0000,0.07584,1090
81564,0,0.07502,46.07582,0.0074,0.0000,0.0000,0.07342,1055
81574,0,0.07499,46.07582,0.0047,0.0000,0.0000,0.07106,1072
81584,0,0.07494,46.07582,0.0058,0.0000,0.0000,0.06958,1059
81594,0,0.07500,46.07582,0.0116,0.0000,0.0000,0.07229,1072
81604,0,0.07496,46.07582,0.0063,0.0000,0.0000,0.06965,1074
81614,0,0.07485,46.07582,0.0106,0.0000,0.0000,0.06391,1084
81624,0,0.07481,46.07582,0.0095,0.0000,0.0000,0.06846,1058
81634,0,0.07485,46.07582,0.0207,0.0000,0.0000,0.06629,1072
81644,0,0.07477,46.07582,0.0058,0.0000,0.0000,0.06776,1062
81663,0,0.07509,46.07582,0.0122,0.0000,0.0000,0.08506,1104
81673,0,0.07529,46.07582,0.0031,0.0000,0.0000,0.08388,1059
81683,0,0.07533,46.07582,0.0132,0.0000,0.0000,0.07047,1061
81693,0,0.07535,46.07582,0.0111,0.0000,0.0000,0.07111,1071
81703,0,0.07498,46.07582,-0.0176,0.0000,0.0000,0.06500,1061
81713,0,0.07496,46.07582,0.0196,0.0000,0.0000,0.06458,1068
81723,0,0.07491,46.07582,0.0116,0.0000,0.0000,0.06616,1072
81733,0,0.07492,46.07582,0.0042,0.0000,0.0000,0.07368,1076
81743,0,0.07496,46.07582,0.0063,0.0000,0.0000,0.07387,1087
81753,0,0.07502,46.07582,0.0058,0.0000,0.0000,0.07494,1053
81763,0,0.07514,46.07582,0.0026,0.0000,0.0000,0.07997,1059
81773,0,0.07523,46.07582,0.0143,0.0000,0.0000,0.07221,1061
81783,0,0.07516,46.07582,0.0116,0.0000,0.0000,0.06598,1062
81793,0,0.07524,46.07582,0.0095,0.0000,0.0000,0.07475,1068
81803,0,0.07524,46.07582,0.0068,0.0000,0.0000,0.07150,1075
81813,0,0.07513,46.07582,0.0020,0.0000,0.0000,0.06855,1053
81823,0,0.07499,46.07582,0.0047,0.0000,0.0000,0.06599,1059
81833,0,0.07496,46.07582,0.0116,0.0000,0.0000,0.06736,1053
81843,0,0.07482,46.07582,0.0010,0.0000,0.0000,0.06733,1060
81853,0,0.07487,46.07582,0.0159,0.0000,0.0000,0.06976,1073
81872,0,0.07506,46.07582,0.0228,0.0000,0.0000,0.07315,1120
81882,0,0.07515,46.07582,0.0132,0.0000,0.0000,0.07301,1070
81892,0,0.07516,46.07582,0.0004,0.0000,0.0000,0.07538,1073
81902,0,0.07521,46.07582,0.0084,0.0000,0.0000,0.07318,1062
81912,0,0.07522,46.07582,0.0132,0.0000,0.0000,0.06911,1066
81922,0,0.07521,46.07582,0.0015,0.0000,0.0000,0.07430,1068
81932,0,0.07510,46.07582,0.0058,0.0000,0.0000,0.06678,1075
81942,0,0.07499,46.07582,0.0010,0.0000,0.0000,0.06881,1080
81952,0,0.07492,46.07582,0.0068,0.0000,0.0000,0.06782,1090
81962,0,0.07496,46.07582,0.0106,0.0000,0.0000,0.07176,1054
81972,0,0.07500,46.07582,0.0153,0.0000,0.0000,0.06935,1063
81982,0,0.07501,46.07582,0.0127,0.0000,0.0000,0.06943,1058
81992,0,0.07511,46.07582,0.0169,0.0000,0.0000,0.07146,1063
82002,0,0.07510,46.07582,0.0084,0.0000,0.0000,0.07036,1066
82012,0,0.07510,46.07582,0.0132,0.0000,0.0000,0.06832,1075
82022,0,0.07516,46.07582,0.0116,0.0000,0.0000,0.07280,1054
82032,0,0.07519,46.07582,0.0127,0.0000,0.0000,0.06997,1062
82042,0,0.07509,46.07582,0.0063,0.0000,0.0000,0.06693,1054
82052,0,0.07512,46.07582,0.0111,0.0000,0.0000,0.07106,1062
82062,0,0.07497,46.07582,0.0036,0.0000,0.0000,0.06592,1066
82081,0,0.07495,46.07582,0.0084,0.0000,0.0000,0.06955,1114
82091,0,0.07500,46.07582,0.0164,0.0000,0.0000,0.06927,1063
82101,0,0.07511,46.07582,0.0122,0.0000,0.0000,0.07473,1069
82111,0,0.07523,46.07582,0.0111,0.0000,0.0000,0.07564,1075
82121,0,0.07506,46.07582,-0.0065,0.0000,0.0000,0.06984,1078
82131,0,0.07512,46.07582,0.0127,0.0000,0.0000,0.07177,1058
82141,0,0.07507,46.07582,0.0084,0.0000,0.0000,0.06839,1063
82151,0,0.07517,46.07582,0.0196,0.0000,0.0000,0.07047,1057
82161,0,0.07515,46.07582,0.0116,0.0000,0.0000,0.06796,1063
82171,0,0.07516,46.07582,0.0122,0.0000,0.0000,0.06988,1066
82181,0,0.07510,46.07582,0.0175,0.0000,0.0000,0.06312,1075
82191,0,0.07506,46.07582,0.0090,0.0000,0.0000,0.06888,1070
82201,0,0.07513,46.07582,0.0143,0.0000,0.0000,0.07152,1076
82211,0,0.07519,46.07582,0.0010,0.0000,0.0000,0.07722,1057
82221,0,0.07524,46.07582,0.0090,0.0000,0.0000,0.07330,1063
82231,0,0.07532,46.07582,0.0143,0.0000,0.0000,0.07235,1067
82241,0,0.07537,46.07582,0.0090,0.0000,0.0000,0.07345,1077
82251,0,0.07540,46.07582,0.0132,0.0000,0.0000,0.07002,1058
82261,0,0.07544,46.07582,0.0143,0.0000,0.0000,0.07059,1067
82271,0,0.07543,46.07582,0.0100,0.0000,0.0000,0.07000,1072
82289,0,0.07550,46.07582,0.0143,0.0000,0.0000,0.07193,1127
82299,0,0.07551,46.07582,0.0042,0.0000,0.0000,0.07370,1076
82309,0,0.07564,46.07582,0.0175,0.0000,0.0000,0.07344,1082
82319,0,0.07565,46.07582,0.0180,0.0000,0.0000,0.06737,1094
82329,0,0.07555,46.07582,0.0084,0.0000,0.0000,0.06621,1096
82339,0,0.07566,46.07582,0.0185,0.0000,0.0000,0.07186,1063
82349,0,0.07571,46.07582,0.0153,0.0000,0.0000,0.07025,1070
82359,0,0.07548,46.07582,-0.0054,0.0000,0.0000,0.06706,1061
82369,0,0.07547,46.07582,0.0090,0.0000,0.0000,0.07014,1072
82379,0,0.07548,46.07582,0.0020,0.0000,0.0000,0.07504,1081
82389,0,0.07540,46.07582,-0.0006,0.0000,0.0000,0.07196,1088
82399,0,0.07538,46.07582,0.0047,0.0000,0.0000,0.07186,1060
82409,0,0.07529,46.07582,0.0010,0.0000,0.0000,0.07034,1070
82419,0,0.07522,46.07582,0.0004,0.0000,0.0000,0.07120,1076
82429,0,0.07520,46.07582,0.0100,0.0000,0.0000,0.06921,1082
82439,0,0.07515,46.07582,0.0047,0.0000,0.0000,0.07034,1070
82449,0,0.07515,46.07582,0.0127,0.0000,0.0000,0.06892,1077
82459,0,0.07520,46.07582,0.0106,0.0000,0.0000,0.07228,1079
82469,0,0.07516,46.07582,0.0020,0.0000,0.0000,0.07222,1085
82479,0,0.07515,46.07582,0.0047,0.0000,0.0000,0.07252,1094
82498,0,0.07518,46.07582,0.0175,0.0000,0.0000,0.06759,1097
82508,0,0.07522,46.07582,0.0106,0.0000,0.0000,0.07231,1077
82518,0,0.07523,46.07582,0.0095,0.0000,0.0000,0.07108,1061
82528,0,0.07526,46.07582,0.0047,0.0000,0.0000,0.07432,1053
82538,0,0.07539,46.07582,0.0116,0.0000,0.0000,0.07579,1061
82548,0,0.07554,46.07582,0.0212,0.0000,0.0000,0.07275,1066
82558,0,0.07536,46.07582,0.0010,0.0000,0.0000,0.06580,1078
82568,0,0.07526,46.07582,0.0138,0.0000,0.0000,0.06328,1066
82578,0,0.07518,46.07582,0.0052,0.0000,0.0000,0.06875,1072
82588,0,0.07518,46.07582,0.0095,0.0000,0.0000,0.07050,1053
82598,0,0.07525,46.07582,0.0031,0.0000,0.0000,0.07720,1061
82608,0,0.07537,46.07582,0.0106,0.0000,0.0000,0.07606,1064
82618,0,0.07559,46.07582,0.0164,0.0000,0.0000,0.07796,1070
82628,0,0.07552,46.07582,0.0074,0.0000,0.0000,0.06873,1061
82638,0,0.07543,46.07582,0.0015,0.0000,0.0000,0.06998,1064
82648,0,0.07551,46.07582,0.0132,0.0000,0.0000,0.07277,1069
82658,0,0.07549,46.07582,0.0026,0.0000,0.0000,0.07341,1075
82668,0,0.07540,46.07582,0.0068,0.0000,0.0000,0.06765,1075
82678,0,0.07526,46.07582,0.0042,0.0000,0.0000,0.06573,1082
82688,0,0.07518,46.07582,0.0015,0.0000,0.0000,0.07071,1053
82707,0,0.07512,46.07582,0.0068,0.0000,0.0000,0.06879,1120
82717,0,0.07500,46.07582,-0.0054,0.0000,0.0000,0.07135,1062
82727,0,0.07504,46.07582,0.0090,0.0000,0.0000,0.07257,1068
82737,0,0.07494,46.07582,-0.0139,0.0000,0.0000,0.07684,1084
82747,0,0.07481,46.07582,0.0036,0.0000,0.0000,0.06656,1086
82757,0,0.07483,46.07582,0.0074,0.0000,0.0000,0.07226,1058
82767,0,0.07471,46.07582,0.0036,0.0000,0.0000,0.06707,1063
82777,0,0.07466,46.07582,0.0127,0.0000,0.0000,0.06578,1058
82787,0,0.07462,46.07582,0.0079,0.0000,0.0000,0.06877,1058
82797,0,0.07460,46.07582,0.0079,0.0000,0.0000,0.06939,1065
82807,0,0.07476,46.07582,0.0196,0.0000,0.0000,0.07311,1073
82817,0,0.07488,46.07582,0.0100,0.0000,0.0000,0.07598,1077
82827,0,0.07504,46.07582,0.0132,0.0000,0.0000,0.07644,1056
82837,0,0.07492,46.07582,0.0015,0.0000,0.0000,0.06808,1058
82847,0,0.07487,46.07582,0.0084,0.0000,0.0000,0.06825,1064
82857,0,0.07484,46.07582,0.0047,0.0000,0.0000,0.07068,1062
82867,0,0.07474,46.07582,0.0079,0.0000,0.0000,0.06577,1061
82877,0,0.07470,46.07582,0.0079,0.0000,0.0000,0.06876,1074
82887,0,0.07462,46.07582,0.0036,0.0000,0.0000,0.06903,1073
82897,0,0.07469,46.07582,0.0084,0.0000,0.0000,0.07372,1077
82916,0,0.07464,46.07582,0.0015,0.0000,0.0000,0.07147,1104
82926,0,0.07468,46.07582,0.0068,0.0000,0.0000,0.07312,1080
82936,0,0.07467,46.07582,0.0063,0.0000,0.0000,0.07097,1081
82946,0,0.07463,46.07582,0.0084,0.0000,0.0000,0.06887,1055
82956,0,0.07447,46.07582,0.0058,0.0000,0.0000,0.06343,1061
82966,0,0.07449,46.07582,0.0090,0.0000,0.0000,0.07074,1062
82976,0,0.07452,46.07582,0.0058,0.0000,0.0000,0.07319,1067
82986,0,0.07466,46.07582,0.0175,0.0000,0.0000,0.07318,1064
82996,0,0.07470,46.07582,0.0132,0.0000,0.0000,0.07002,1070
83006,0,0.07469,46.07582,0.0111,0.0000,0.0000,0.06871,1054
83016,0,0.07468,46.07582,0.0047,0.0000,0.0000,0.07153,1061
83026,0,0.07464,46.07582,0.0106,0.0000,0.0000,0.06762,1061
83036,0,0.07468,46.07582,0.0122,0.0000,0.0000,0.07053,1064
83046,0,0.07466,46.07582,0.0090,0.0000,0.0000,0.06934,1066
83056,0,0.07463,46.07582,0.0031,0.0000,0.0000,0.07155,1061
83066,0,0.07467,46.07582,0.0026,0.0000,0.0000,0.07527,1060
83076,0,0.07470,46.07582,0.0074,0.0000,0.0000,0.07227,1069
83086,0,0.07466,46.07582,0.0042,0.0000,0.0000,0.07059,1074
83096,0,0.07471,46.07582,0.0138,0.0000,0.0000,0.07045,1078
83106,0,0.07476,46.07582,0.0148,0.0000,0.0000,0.06981,1082
83124,0,0.07468,46.07582,0.0047,0.0000,0.0000,0.06866,1106
83134,0,0.07484,46.07582,0.0143,0.0000,0.0000,0.07559,1095
83144,0,0.07484,46.07582,0.0047,0.0000,0.0000,0.07218,1071
83154,0,0.07483,46.07582,0.0063,0.0000,0.0000,0.07122,1064
83164,0,0.07483,46.07582,0.0084,0.0000,0.0000,0.07073,1071
83174,0,0.07486,46.07582,0.0111,0.0000,0.0000,0.07091,1075
83184,0,0.07476,46.07582,-0.0011,0.0000,0.0000,0.07041,1089
83194,0,0.07459,46.07582,0.0042,0.0000,0.0000,0.06409,1079
83204,0,0.07464,46.07582,0.0116,0.0000,0.0000,0.07112,1085
83214,0,0.07469,46.07582,0.0111,0.0000,0.0000,0.07145,1064
83224,0,0.07461,46.07582,0.0031,0.0000,0.0000,0.06946,1087
83234,0,0.07457,46.07582,0.0047,0.0000,0.0000,0.06981,1073
83244,0,0.07455,46.07582,0.0026,0.0000,0.0000,0.07255,1079
83254,0,0.07456,46.07582,0.0068,0.0000,0.0000,0.07137,1067
83264,0,0.07455,46.07582,0.0074,0.0000,0.0000,0.07043,1071
83274,0,0.07447,46.07582,-0.0075,0.0000,0.0000,0.07460,1073
83284,0,0.07437,46.07582,-0.0065,0.0000,0.0000,0.07263,1079
83294,0,0.07430,46.07582,0.0004,0.0000,0.0000,0.07033,1084
83304,0,0.07420,46.07582,0.0042,0.0000,0.0000,0.06711,1093
83314,0,0.07424,46.07582,0.0100,0.0000,0.0000,0.07125,1095
83333,0,0.07417,46.07582,0.0047,0.0000,0.0000,0.06821,1121
83343,0,0.07412,46.07582,0.0042,0.0000,0.0000,0.06963,1072
83353,0,0.07410,46.07582,0.0100,0.0000,0.0000,0.06831,1083
83363,0,0.07404,46.07582,-0.0027,0.0000,0.0000,0.07198,1056
83373,0,0.07405,46.07582,0.0111,0.0000,0.0000,0.06941,1059
83383,0,0.07411,46.07582,0.0143,0.0000,0.0000,0.06952,1056
83393,0,0.07408,46.07582,0.0042,0.0000,0.0000,0.07077,1059
83403,0,0.07401,46.07582,0.0020,0.0000,0.0000,0.06928,1067
83413,0,0.07407,46.07582,0.0079,0.0000,0.0000,0.07312,1075
83423,0,0.07412,46.07582,0.0068,0.0000,0.0000,0.07329,1070
83433,0,0.07411,46.07582,0.0122,0.0000,0.0000,0.06778,1074
83443,0,0.07387,46.07582,-0.0176,0.0000,0.0000,0.07040,1056
83453,0,0.07386,46.07582,0.0079,0.0000,0.0000,0.06964,1059
83463,0,0.07399,46.07582,0.0122,0.0000,0.0000,0.07413,1065
83473,0,0.07388,46.07582,-0.0033,0.0000,0.0000,0.07042,1069
83483,0,0.07386,46.07582,0.0031,0.0000,0.0000,0.07133,1063
83493,0,0.07396,46.07582,0.0100,0.0000,0.0000,0.07365,1067
83503,0,0.07386,46.07582,0.0010,0.0000,0.0000,0.06864,1071
83513,0,0.07388,46.07582,0.0132,0.0000,0.0000,0.06824,1074
83523,0,0.07388,46.07582,0.0100,0.0000,0.0000,0.06890,1060
83542,0,0.07401,46.07582,0.0153,0.0000,0.0000,0.07285,1116
83552,0,0.07413,46.07582,0.0153,0.0000,0.0000,0.07203,1065
83562,0,0.07415,46.07582,0.0020,0.0000,0.0000,0.07425,1076
83572,0,0.07424,46.07582,0.0106,0.0000,0.0000,0.07377,1054
83582,0,0.07417,46.07582,0.0042,0.0000,0.0000,0.06815,1065
83592,0,0.07420,46.07582,0.0138,0.0000,0.0000,0.06882,1067
83602,0,0.07426,46.07582,0.0068,0.0000,0.0000,0.07406,1061
83612,0,0.07428,46.07582,0.0138,0.0000,0.0000,0.06859,1054
83622,0,0.07450,46.07582,0.0106,0.0000,0.0000,0.08007,1061
83632,0,0.07457,46.07582,0.0063,0.0000,0.0000,0.07484,1065
83642,0,0.07455,46.07582,0.0079,0.0000,0.0000,0.06969,1072
83652,0,0.07444,46.07582,-0.0001,0.0000,0.0000,0.06893,1077
83662,0,0.07440,46.07582,0.0058,0.0000,0.0000,0.06971,1084
83672,0,0.07442,46.07582,0.0058,0.0000,0.0000,0.07229,1050
83682,0,0.07448,46.07582,0.0148,0.0000,0.0000,0.07017,1061
83692,0,0.07452,46.07582,0.0058,0.0000,0.0000,0.07382,1051
83702,0,0.07474,46.07582,0.0180,0.0000,0.0000,0.07666,1063
83712,0,0.07495,46.07582,0.0175,0.0000,0.0000,0.07633,1066
83722,0,0.07482,46.07582,-0.0033,0.0000,0.0000,0.07019,1077
83732,0,0.07484,46.07582,0.0026,0.0000,0.0000,0.07463,1076
83751,0,0.07488,46.07582,0.0116,0.0000,0.0000,0.07083,1101
83761,0,0.07493,46.07582,0.0095,0.0000,0.0000,0.07297,1059
83771,0,0.07488,46.07582,-0.0033,0.0000,0.0000,0.07389,1064
83781,0,0.07491,46.07582,0.0031,0.0000,0.0000,0.07472,1067
83791,0,0.07504,46.07582,0.0090,0.0000,0.0000,0.07723,1072
83801,0,0.07514,46.07582,0.0169,0.0000,0.0000,0.07141,1066
83811,0,0.07508,46.07582,0.0068,0.0000,0.0000,0.06886,1072
83821,0,0.07499,46.07582,0.0042,0.0000,0.0000,0.06833,1053
83831,0,0.07500,46.07582,0.0095,0.0000,0.0000,0.07064,1062
83841,0,0.07500,46.07582,0.0106,0.0000,0.0000,0.06981,1066
83851,0,0.07502,46.07582,0.0100,0.0000,0.0000,0.07135,1072
83861,0,0.07499,46.07582,0.0047,0.0000,0.0000,0.07071,1065
83871,0,0.07501,46.07582,0.0153,0.0000,0.0000,0.06860,1078
83881,0,0.07499,46.07582,0.0100,0.0000,0.0000,0.06890,1053
83891,0,0.07494,46.07582,0.0074,0.0000,0.0000,0.06893,1063
83901,0,0.07492,46.07582,0.0127,0.0000,0.0000,0.06760,1070
83911,0,0.07501,46.07582,0.0100,0.0000,0.0000,0.07440,1073
83921,0,0.07505,46.07582,0.0068,0.0000,0.0000,0.07379,1066
83931,0,0.07503,46.07582,0.0068,0.0000,0.0000,0.07018,1074
83941,0,0.07490,46.07582,-0.0049,0.0000,0.0000,0.07111,1053
83960,0,0.07491,46.07582,0.0074,0.0000,0.0000,0.07175,1099
83970,0,0.07506,46.07582,0.0100,0.0000,0.0000,0.07736,1059
83980,0,0.07506,46.07582,0.0026,0.0000,0.0000,0.07364,1063
83990,0,0.07520,46.07582,0.0148,0.0000,0.0000,0.07493,1064
84000,0,0.07511,46.07582,-0.0033,0.0000,0.0000,0.07225,1072
84010,0,0.07499,46.07582,0.0079,0.0000,0.0000,0.06516,1075
84020,0,0.07493,46.07582,0.0020,0.0000,0.0000,0.07086,1075
84030,0,0.07495,46.07582,0.0138,0.0000,0.0000,0.06909,1061
84040,0,0.07501,46.07582,0.0058,0.0000,0.0000,0.07513,1059
84050,0,0.07510,46.07582,0.0116,0.0000,0.0000,0.07389,1061
84060,0,0.07520,46.07582,0.0132,0.0000,0.0000,0.07324,1059
84070,0,0.07513,46.07582,0.0004,0.0000,0.0000,0.07158,1070
84080,0,0.07508,46.07582,0.0074,0.0000,0.0000,0.06878,1079
84090,0,0.07509,46.07582,0.0074,0.0000,0.0000,0.07230,1061
84100,0,0.07506,46.07582,0.0068,0.0000,0.0000,0.06979,1062
84110,0,0.07512,46.07582,0.0058,0.0000,0.0000,0.07528,1061
84120,0,0.07521,46.07582,0.0132,0.0000,0.0000,0.07322,1061
84130,0,0.07521,46.07582,0.0042,0.0000,0.0000,0.07322,1066
84140,0,0.07501,46.07582,-0.0075,0.0000,0.0000,0.06844,1075
84150,0,0.07489,46.07582,0.0079,0.0000,0.0000,0.06527,1061
84168,0,0.07497,46.07582,0.0164,0.0000,0.0000,0.07075,1104
84178,0,0.07502,46.07582,0.0106,0.0000,0.0000,0.07216,1059
84188,0,0.07508,46.07582,0.0239,0.0000,0.0000,0.06599,1061
84198,0,0.07506,46.07582,0.0111,0.0000,0.0000,0.06862,1068
84208,0,0.07511,46.07582,0.0100,0.0000,0.0000,0.07247,1076
84218,0,0.07520,46.07582,0.0095,0.0000,0.0000,0.07509,1052
84228,0,0.07515,46.07582,0.0063,0.0000,0.0000,0.06934,1059
84238,0,0.07502,46.07582,0.0020,0.0000,0.0000,0.06758,1052
84248,0,0.07506,46.07582,0.0074,0.0000,0.0000,0.07344,1063
84258,0,0.07501,46.07582,0.0095,0.0000,0.0000,0.06796,1070
84268,0,0.07498,46.07582,0.0079,0.0000,0.0000,0.06937,1073
84278,0,0.07491,46.07582,-0.0001,0.0000,0.0000,0.07148,1052
84288,0,0.07483,46.07582,0.0063,0.0000,0.0000,0.06773,1059
84298,0,0.07488,46.07582,0.0116,0.0000,0.0000,0.07123,1054
84308,0,0.07481,46.07582,0.0084,0.0000,0.0000,0.06715,1064
84318,0,0.07487,46.07582,0.0090,0.0000,0.0000,0.07357,1053
84328,0,0.07487,46.07582,0.0084,0.0000,0.0000,0.07048,1065
84338,0,0.07485,46.07582,0.0100,0.0000,0.0000,0.06878,1067
84348,0,0.07497,46.07582,0.0228,0.0000,0.0000,0.06957,1076
84358,0,0.07494,46.07582,0.0068,0.0000,0.0000,0.07033,1056
84377,0,0.07496,46.07582,0.0063,0.0000,0.0000,0.07281,1111
84387,0,0.07493,46.07582,0.0079,0.0000,0.0000,0.06957,1060
84397,0,0.07475,46.07582,-0.0038,0.0000,0.0000,0.06726,1069
84407,0,0.07494,46.07582,0.0223,0.0000,0.0000,0.07366,1070
84417,0,0.07497,46.07582,0.0047,0.0000,0.0000,0.07387,1060
84427,0,0.07499,46.07582,-0.0054,0.0000,0.0000,0.07884,1087
84437,0,0.07487,46.07582,0.0015,0.0000,0.0000,0.06795,1077
84447,0,0.07485,46.07582,0.0058,0.0000,0.0000,0.07127,1061
84457,0,0.07489,46.07582,0.0031,0.0000,0.0000,0.07519,1066
84467,0,0.07476,46.07582,0.0004,0.0000,0.0000,0.06824,1070
84477,0,0.07463,46.07582,0.0020,0.0000,0.0000,0.06663,1061
84487,0,0.07475,46.07582,0.0159,0.0000,0.0000,0.07323,1066
84497,0,0.07486,46.07582,0.0095,0.0000,0.0000,0.07543,1059
84507,0,0.07475,46.07582,0.0004,0.0000,0.0000,0.06922,1063
84517,0,0.07475,46.07582,0.0031,0.0000,0.0000,0.07297,1066
84527,0,0.07463,46.07582,0.0036,0.0000,0.0000,0.06678,1073
84537,0,0.07462,46.07582,0.0095,0.0000,0.0000,0.06932,1083
84547,0,0.07469,46.07582,0.0196,0.0000,0.0000,0.06859,1067
84557,0,0.07472,46.07582,0.0106,0.0000,0.0000,0.07085,1074
84567,0,0.07478,46.07582,0.0180,0.0000,0.0000,0.06869,1056
84586,0,0.07474,46.07582,0.0079,0.0000,0.0000,0.06894,1107
84596,0,0.07462,46.07582,0.0058,0.0000,0.0000,0.06589,1076
84606,0,0.07458,46.07582,0.0010,0.0000,0.0000,0.07198,1063
84616,0,0.07460,46.07582,0.0020,0.0000,0.0000,0.07435,1071
84626,0,0.07479,46.07582,0.0244,0.0000,0.0000,0.07228,1078
84636,0,0.07478,46.07582,0.0068,0.0000,0.0000,0.07098,1080
84646,0,0.07481,46.07582,0.0063,0.0000,0.0000,0.07311,1069
84656,0,0.07461,46.07582,-0.0054,0.0000,0.0000,0.06739,1066
84666,0,0.07461,46.07582,0.0111,0.0000,0.0000,0.06897,1074
84676,0,0.07470,46.07582,0.0180,0.0000,0.0000,0.07024,1062
84686,0,0.07465,46.07582,0.0132,0.0000,0.0000,0.06563,1076
84696,0,0.07467,46.07582,0.0106,0.0000,0.0000,0.07027,1072
84706,0,0.07469,46.07582,0.0084,0.0000,0.0000,0.07126,1064
84716,0,0.07464,46.07582,0.0058,0.0000,0.0000,0.06959,1065
84726,0,0.07470,46.07582,0.0010,0.0000,0.0000,0.07714,1073
84736,0,0.07470,46.07582,0.0084,0.0000,0.0000,0.07024,1056
84746,0,0.07459,46.07582,0.0015,0.0000,0.0000,0.06822,1065
84756,0,0.07457,46.07582,0.0058,0.0000,0.0000,0.07109,1069
84766,0,0.07466,46.07582,0.0138,0.0000,0.0000,0.07235,1073
84776,0,0.07464,46.07582,0.0138,0.0000,0.0000,0.06642,1061
84795,0,0.07462,46.07582,0.0148,0.0000,0.0000,0.06653,1117
84805,0,0.07452,46.07582,0.0047,0.0000,0.0000,0.06708,1073
84815,0,0.07447,46.07582,0.0036,0.0000,0.0000,0.06999,1076
84825,0,0.07438,46.07582,0.0079,0.0000,0.0000,0.06584,1086
84835,0,0.07421,46.07582,-0.0043,0.0000,0.0000,0.06776,1094
84845,0,0.07416,46.07582,0.0031,0.0000,0.0000,0.07029,1054
84855,0,0.07415,46.07582,0.0058,0.0000,0.0000,0.07102,1061
84865,0,0.07423,46.07582,0.0084,0.0000,0.0000,0.07360,1065
84875,0,0.07418,46.07582,0.0052,0.0000,0.0000,0.06904,1075
84885,0,0.07419,46.07582,0.0079,0.0000,0.0000,0.07074,1077
84895,0,0.07408,46.07582,0.0042,0.0000,0.0000,0.06681,1096
84905,0,0.07413,46.07582,0.0111,0.0000,0.0000,0.07122,1054
84915,0,0.07419,46.07582,0.0106,0.0000,0.0000,0.07145,1061
84925,0,0.07423,46.07582,0.0074,0.0000,0.0000,0.07302,1067
84935,0,0.07421,46.07582,0.0138,0.0000,0.0000,0.06610,1076
84945,0,0.07410,46.07582,-0.0075,0.0000,0.0000,0.07241,1081
84955,0,0.07414,46.07582,0.0143,0.0000,0.0000,0.06903,1061
84965,0,0.07405,46.07582,0.0074,0.0000,0.0000,0.06581,1054
84975,0,0.07398,46.07582,-0.0033,0.0000,0.0000,0.07200,1061
84985,0,0.07402,46.07582,0.0052,0.0000,0.0000,0.07360,1075
85003,0,0.07401,46.07582,-0.0038,0.0000,0.0000,0.07513,1106
85013,0,0.07386,46.07582,0.0058,0.0000,0.0000,0.06369,1085
85023,0,0.07382,46.07582,0.0068,0.0000,0.0000,0.06856,1088
85033,0,0.07375,46.07582,0.0047,0.0000,0.0000,0.06757,1069
85043,0,0.07359,46.07582,-0.0049,0.0000,0.0000,0.06842,1073
85053,0,0.07366,46.07582,0.0068,0.0000,0.0000,0.07333,1081
85063,0,0.07378,46.07582,0.0153,0.0000,0.0000,0.07237,1073
85073,0,0.07380,46.07582,0.0042,0.0000,0.0000,0.07245,1081
85083,0,0.07396,46.07582,0.0116,0.0000,0.0000,0.07614,1091
85093,0,0.07407,46.07582,0.0233,0.0000,0.0000,0.06827,1087
85103,0,0.07410,46.07582,0.0026,0.0000,0.0000,0.07391,1095
85113,0,0.07425,46.07582,0.0180,0.0000,0.0000,0.07281,1064
85123,0,0.07434,46.07582,0.0063,0.0000,0.0000,0.07569,1071
85133,0,0.07418,46.07582,-0.0144,0.0000,0.0000,0.07339,1071
85143,0,0.07418,46.07582,0.0122,0.0000,0.0000,0.06819,1084
85153,0,0.07401,46.07582,0.0026,0.0000,0.0000,0.06443,1089
85163,0,0.07398,46.07582,0.0026,0.0000,0.0000,0.07106,1095
85173,0,0.07400,46.07582,0.0095,0.0000,0.0000,0.07000,1067
85183,0,0.07407,46.07582,0.0122,0.0000,0.0000,0.07155,1071
85193,0,0.07421,46.07582,0.0223,0.0000,0.0000,0.07009,1067
85212,0,0.07427,46.07582,0.0100,0.0000,0.0000,0.07247,1101
85222,0,0.07423,46.07582,0.0042,0.0000,0.0000,0.06989,1061
85232,0,0.07429,46.07582,0.0090,0.0000,0.0000,0.07276,1059
85242,0,0.07432,46.07582,0.0074,0.0000,0.0000,0.07253,1057
85252,0,0.07426,46.07582,0.0058,0.0000,0.0000,0.06809,1063
85262,0,0.07411,46.07582,0.0036,0.0000,0.0000,0.06497,1065
85272,0,0.07418,46.07582,0.0143,0.0000,0.0000,0.07034,1069
85282,0,0.07425,46.07582,0.0169,0.0000,0.0000,0.06923,1051
85292,0,0.07423,46.07582,0.0084,0.0000,0.0000,0.06937,1059
85302,0,0.07441,46.07582,0.0159,0.0000,0.0000,0.07520,1064
85312,0,0.07445,46.07582,0.0095,0.0000,0.0000,0.07169,1073
85322,0,0.07445,46.07582,0.0052,0.0000,0.0000,0.07204,1055
85332,0,0.07438,46.07582,0.0015,0.0000,0.0000,0.06996,1059
85342,0,0.07430,46.07582,0.0063,0.0000,0.0000,0.06727,1062
85352,0,0.07432,46.07582,0.0106,0.0000,0.0000,0.06991,1069
85362,0,0.07430,46.07582,0.0068,0.0000,0.0000,0.07014,1051
85372,0,0.07437,46.07582,0.0153,0.0000,0.0000,0.06997,1074
85382,0,0.07447,46.07582,0.0063,0.0000,0.0000,0.07638,1051
85392,0,0.07453,46.07582,0.0111,0.0000,0.0000,0.07203,1062
85402,0,0.07453,46.07582,0.0084,0.0000,0.0000,0.07033,1072
85421,0,0.07458,46.07582,0.0074,0.0000,0.0000,0.07357,1113
85431,0,0.07457,46.07582,0.0063,0.0000,0.0000,0.07075,1064
85441,0,0.07465,46.07582,0.0127,0.0000,0.0000,0.07234,1071
85451,0,0.07455,46.07582,0.0079,0.0000,0.0000,0.06563,1074
85461,0,0.07449,46.07582,0.0068,0.0000,0.0000,0.06818,1058
85471,0,0.07442,46.07582,0.0063,0.0000,0.0000,0.06760,1066
85481,0,0.07442,46.07582,0.0090,0.0000,0.0000,0.06990,1077
85491,0,0.07448,46.07582,0.0090,0.0000,0.0000,0.07291,1063
85501,0,0.07430,46.07582,0.0020,0.0000,0.0000,0.06456,1071
85511,0,0.07428,46.07582,0.0106,0.0000,0.0000,0.06796,1057
85521,0,0.07436,46.07582,0.0116,0.0000,0.0000,0.07241,1059
85531,0,0.07441,46.07582,0.0116,0.0000,0.0000,0.07122,1065
85541,0,0.07455,46.07582,0.0122,0.0000,0.0000,0.07529,1077
