t_ms,state,th,psi,dth,dpsi,u,th_acc,exec_us,vin
6348,2,0.00752,0.00000,0.0059,0.0000,0.0000,-0.00219,1743,4.36
6358,2,0.00913,-0.00279,0.0671,-0.1117,0.8380,0.05626,1413,4.36
6368,2,0.00879,-0.00183,0.0091,-0.0286,0.5592,-0.01285,1383,4.36
6378,2,0.00884,-0.00279,0.0437,-0.0556,0.7650,-0.01025,1393,4.36
6388,2,0.00935,-0.00183,0.0660,0.0051,1.0992,0.00165,1361,4.36
6398,2,0.00995,-0.00262,0.0559,-0.0284,0.9868,0.01190,1363,4.35
6408,2,0.01067,-0.00262,0.0665,-0.0170,1.1378,0.01360,1371,4.35
6418,2,0.01130,-0.00262,0.0516,-0.0102,1.0797,0.01703,1375,4.35
6428,2,0.01171,-0.00262,0.0117,-0.0061,0.8121,0.02619,1363,4.35
6438,2,0.01210,-0.00262,0.0123,-0.0037,0.8459,0.02535,1365,4.35
6448,2,0.01233,-0.00262,0.0208,-0.0022,0.9282,0.01349,1371,4.35
6458,2,0.01244,-0.00262,0.0096,-0.0013,0.8523,0.01304,1375,4.35
6468,2,0.01270,-0.00349,0.0070,-0.0357,0.7731,0.02240,1381,4.35
6478,2,0.01331,-0.00436,0.0362,-0.0563,0.9877,0.02587,1361,4.35
6488,2,0.01388,-0.00524,0.0245,-0.0687,0.9073,0.03012,1367,4.35
6498,2,0.01475,-0.00794,0.0522,-0.1494,0.9931,0.03199,1361,4.35
6508,2,0.01563,-0.01143,0.0399,-0.2293,0.7788,0.03957,1371,4.35
6518,2,0.01615,-0.01396,0.0096,-0.2388,0.5592,0.03746,1370,4.35
6528,2,0.01666,-0.01833,0.0293,-0.3178,0.5647,0.02769,1386,4.35
6538,2,0.01646,-0.02190,0.0070,-0.3338,0.3449,0.00292,1368,4.35
6548,2,0.01699,-0.02618,0.0383,-0.3713,0.5304,0.02415,1371,4.35
6558,2,0.01681,-0.02967,0.0192,-0.3624,0.3909,-0.00147,1378,4.35
6568,2,0.01687,-0.03403,0.0288,-0.3920,0.3988,0.00528,1381,4.35
6578,2,0.01735,-0.03752,0.0399,-0.3748,0.5482,0.02135,1389,4.35
6588,2,0.01733,-0.04023,0.0453,-0.3331,0.6761,-0.00612,1361,4.35
6598,2,0.01738,-0.04372,0.0916,-0.3395,1.0128,-0.02598,1361,4.34
6608,2,0.01809,-0.04625,0.1331,-0.3049,1.4449,-0.01316,1368,4.34
6618,2,0.01899,-0.04791,0.1107,-0.2493,1.4528,0.00897,1371,4.34
6628,2,0.01936,-0.04887,0.0607,-0.1880,1.2300,0.00721,1375,4.34
6638,2,0.01922,-0.04791,0.0522,-0.0744,1.4050,-0.01403,1385,4.34
6648,2,0.01960,-0.04704,0.0463,-0.0097,1.5268,0.01580,1396,4.34
6658,2,0.01986,-0.04459,-0.0064,0.0919,1.3679,0.03594,1388,4.34
6668,2,0.01930,-0.04189,-0.0212,0.1634,1.3776,0.00174,1389,4.34
6678,2,0.01899,-0.03840,-0.0175,0.2376,1.5512,0.01223,1395,4.34
6688,2,0.01842,-0.03403,-0.0580,0.3171,1.3861,0.01893,1361,4.34
6698,2,0.01711,-0.02705,-0.0745,0.4695,1.5168,-0.01112,1361,4.33
6708,2,0.01682,-0.02190,-0.0186,0.4877,1.9657,0.01179,1367,4.33
6718,2,0.01698,-0.01571,-0.0409,0.5404,1.9266,0.04528,1374,4.33
6728,2,0.01623,-0.00873,-0.0878,0.6035,1.6685,0.02288,1377,4.33
6738,2,0.01564,-0.00183,-0.0628,0.6379,1.9013,0.01746,1386,4.33
6748,2,0.01559,0.00436,-0.0628,0.6306,1.8875,0.04451,1361,4.33
6758,2,0.01504,0.01126,-0.1202,0.6541,1.4747,0.04763,1361,4.33
6768,2,0.01427,0.01649,-0.1090,0.6019,1.4009,0.02993,1361,4.33
6778,2,0.01358,0.02182,-0.1048,0.5741,1.3336,0.03164,1362,4.33
6788,2,0.01250,0.02705,-0.1165,0.5539,1.1370,0.01665,1368,4.33
6798,2,0.01134,0.03142,-0.0963,0.5069,1.1180,0.00142,1373,4.33
6808,2,0.01047,0.03569,-0.0675,0.4752,1.2152,0.00081,1382,4.33
6818,2,0.00999,0.04014,-0.0377,0.4631,1.3882,0.00498,1361,4.33
6828,2,0.00971,0.04442,-0.0298,0.4489,1.4037,0.01063,1361,4.33
6838,2,0.00970,0.04800,-0.0106,0.4125,1.4713,0.01429,1368,4.33
6848,2,0.00965,0.05149,-0.0250,0.3871,1.3075,0.02000,1371,4.33
6858,2,0.00990,0.05489,-0.0079,0.3684,1.4142,0.02635,1375,4.33
6868,2,0.00971,0.05838,-0.0473,0.3607,1.0899,0.02368,1383,4.33
6878,2,0.00948,0.06187,-0.0186,0.3560,1.2860,0.00744,1375,4.33
6888,2,0.00938,0.06536,-0.0085,0.3532,1.3532,0.00869,1376,4.33
6898,2,0.00918,0.06720,0.0027,0.2852,1.2784,-0.00218,1375,4.32
6908,2,0.00929,0.06973,0.0474,0.2724,1.5978,-0.00893,1392,4.32
6918,2,0.00978,0.07147,0.0894,0.2332,1.8631,-0.01041,1361,4.32
6928,2,0.01021,0.07418,0.0724,0.2482,1.7960,-0.00460,1361,4.32
6938,2,0.01110,0.07671,0.0900,0.2501,1.9914,0.01053,1362,4.32
6948,2,0.01231,0.08029,0.0596,0.2932,1.9351,0.04304,1361,4.32
6958,2,0.01294,0.08290,0.0149,0.2806,1.6112,0.03692,1364,4.32
6968,2,0.01312,0.08631,-0.0010,0.3045,1.5566,0.02262,1373,4.32
6978,2,0.01366,0.08988,0.0038,0.3258,1.6765,0.03887,1381,4.32
6988,2,0.01366,0.09242,-0.0367,0.2967,1.3089,0.03197,1379,4.32
6998,2,0.01311,0.09687,-0.0095,0.3561,1.6128,-0.00969,1361,4.31
7008,2,0.01295,0.09940,-0.0026,0.3149,1.5675,0.00634,1361,4.31
7018,2,0.01241,0.10297,-0.0308,0.3320,1.3604,0.00088,1361,4.31
7028,2,0.01180,0.10725,-0.0298,0.3703,1.4169,-0.00382,1361,4.31
7038,2,0.01154,0.11170,-0.0324,0.4002,1.4492,0.01463,1368,4.31
7048,2,0.01125,0.11598,-0.0383,0.4112,1.4141,0.01589,1368,4.31
7058,2,0.01075,0.12217,-0.0574,0.4945,1.4248,0.01464,1371,4.31
7068,2,0.01008,0.12645,-0.0628,0.4678,1.2871,0.00766,1375,4.31
7078,2,0.00952,0.13177,-0.0622,0.4936,1.3165,0.01258,1382,4.31
7088,2,0.00902,0.13779,-0.0798,0.5370,1.2520,0.02409,1361,4.31
7098,2,0.00838,0.14312,-0.0957,0.5351,1.0911,0.02424,1361,4.30
7108,2,0.00742,0.14835,-0.0936,0.5305,1.0411,0.00633,1361,4.30
7118,2,0.00628,0.15437,-0.0697,0.5592,1.2177,-0.01614,1367,4.30
7128,2,0.00555,0.15961,-0.0127,0.5449,1.5762,-0.02454,1368,4.30
7138,2,0.00533,0.16493,0.0107,0.5399,1.7335,-0.01069,1376,4.30
7148,2,0.00535,0.17191,0.0171,0.6032,1.9268,-0.00229,1379,4.30
7158,2,0.00536,0.17715,-0.0064,0.5714,1.6850,0.00890,1387,4.30
7168,2,0.00501,0.18500,-0.0186,0.6570,1.7639,-0.00297,1376,4.30
7178,2,0.00473,0.19286,-0.0500,0.7083,1.6272,0.01579,1361,4.30
7188,2,0.00402,0.20159,-0.0819,0.7741,1.4908,0.00903,1363,4.30
7198,2,0.00295,0.21022,-0.0878,0.8100,1.4652,-0.00621,1371,4.30
7208,2,0.00218,0.21895,-0.0681,0.8351,1.6274,-0.00250,1376,4.30
7218,2,0.00183,0.22689,-0.0165,0.8187,1.9671,-0.00746,1383,4.30
7228,2,0.00152,0.23387,-0.0111,0.7705,1.8884,-0.00849,1390,4.30
7238,2,0.00178,0.24077,0.0421,0.7380,2.2429,-0.00617,1373,4.30
7248,2,0.00264,0.24688,0.0431,0.6872,2.1996,0.02425,1378,4.30
7258,2,0.00303,0.25395,0.0027,0.6950,1.9410,0.02108,1386,4.30
7268,2,0.00305,0.26180,-0.0255,0.7312,1.8143,0.01694,1391,4.30
7278,2,0.00267,0.26791,-0.0399,0.6831,1.5814,0.00336,1368,4.30
7288,2,0.00180,0.27480,-0.0537,0.6856,1.4331,-0.01487,1393,4.30
7298,2,0.00095,0.28266,-0.0314,0.7255,1.6423,-0.02588,1361,4.28
7308,2,0.00047,0.29060,-0.0101,0.7530,1.8396,-0.01863,1361,4.28
7318,2,0.00019,0.29758,0.0112,0.7310,1.9412,-0.01931,1367,4.28
7328,2,0.00013,0.30631,-0.0005,0.7877,1.9799,-0.00247,1371,4.28
7338,2,0.00035,0.31590,-0.0048,0.8566,2.1196,0.01349,1373,4.28
7348,2,0.00014,0.32725,-0.0596,0.9677,1.9438,0.01983,1377,4.28
7358,2,-0.00081,0.34025,-0.0957,1.1007,1.9107,-0.00059,1389,4.28
7368,2,-0.00233,0.35334,-0.0761,1.1840,2.1566,-0.04028,1361,4.28
7378,2,-0.00338,0.36565,-0.0010,1.2026,2.7095,-0.05517,1363,4.28
7388,2,-0.00303,0.37952,0.0713,1.2766,3.4520,-0.02162,1361,4.28
7398,2,-0.00247,0.39183,0.0389,1.2581,3.2118,0.00621,1367,4.27
7408,2,-0.00218,0.40404,0.0325,1.2436,3.1606,-0.00366,1371,4.27
7418,2,-0.00179,0.41713,0.0431,1.2697,3.3338,-0.00390,1371,4.27
7428,2,-0.00093,0.42761,0.0655,1.1807,3.3716,0.00903,1375,4.27
7438,2,0.00031,0.43886,0.0804,1.1587,3.5242,0.02215,1382,4.27
7448,2,0.00120,0.44942,0.0431,1.1176,3.2176,0.02416,1395,4.27
7458,2,0.00194,0.46155,0.0059,1.1558,3.0757,0.03607,1374,4.27
7468,2,0.00203,0.47560,-0.0596,1.2555,2.8149,0.03620,1375,4.27
7478,2,0.00084,0.48956,-0.0846,1.3118,2.6851,-0.01631,1381,4.27
7488,2,-0.00059,0.50440,-0.0335,1.3805,3.1441,-0.05524,1387,4.27
7498,2,-0.00139,0.51828,0.0426,1.3833,3.6875,-0.06277,1392,4.25
7508,2,-0.00110,0.53233,0.0995,1.3920,4.1676,-0.03646,1361,4.25
7518,2,-0.00039,0.54891,0.0687,1.4984,4.2246,0.00065,1361,4.25
7528,2,-0.00010,0.56810,-0.0303,1.6670,3.8774,0.02963,1363,4.25
7538,2,-0.00152,0.58905,-0.1224,1.8380,3.4816,-0.01102,1371,4.25
7548,2,-0.00230,0.60912,-0.1048,1.9056,3.7294,0.01071,1377,4.25
7558,2,-0.00337,0.63006,-0.2096,1.9811,3.0507,0.04819,1385,4.25
7568,2,-0.00668,0.65188,-0.3059,2.0613,2.3061,-0.01905,1385,4.25
7578,2,-0.00968,0.67448,-0.2080,2.1409,3.0505,-0.05580,1361,4.25
7588,2,-0.01145,0.69630,-0.1553,2.1572,3.3912,-0.02262,1361,4.25
7598,2,-0.01250,0.71995,-0.1420,2.2403,3.6270,0.00619,1361,4.23
7608,2,-0.01467,0.74517,-0.2884,2.3530,2.6491,0.02109,1361,4.23
7618,2,-0.01949,0.77135,-0.2724,2.4590,2.7192,-0.12419,1362,4.23
7628,2,-0.02144,0.79753,0.0213,2.5226,4.9807,-0.12975,1363,4.23
7638,2,-0.02096,0.82380,0.0586,2.5642,5.4063,-0.02602,1367,4.23
7648,2,-0.02142,0.85259,-0.0303,2.6905,5.0040,-0.02920,1371,4.23
7658,2,-0.02169,0.88218,-0.0590,2.7976,5.0273,-0.00617,1375,4.23
7668,2,-0.02339,0.91630,-0.1857,3.0434,4.5264,-0.01513,1383,4.23
7678,2,-0.02489,0.95120,-0.1367,3.2223,5.2217,-0.03176,1361,4.23
7688,2,-0.02499,0.98428,-0.1532,3.2563,5.1926,0.04668,1361,4.23
7698,2,-0.02704,1.01927,-0.3528,3.3536,3.7937,0.04678,1367,4.20
7708,2,-0.03172,1.05767,-0.5113,3.5480,2.7545,-0.00984,1371,4.20
7718,2,-0.03708,1.09345,-0.4634,3.5600,2.8349,-0.07349,1373,4.20
7728,2,-0.04051,1.12652,-0.2527,3.4590,4.0213,-0.08581,1380,4.20
7738,2,-0.04267,1.16405,-0.2160,3.5764,4.4505,-0.04271,1378,4.20
7748,2,-0.04501,1.19991,-0.1942,3.5805,4.5076,-0.06462,1386,4.20
7758,2,-0.04752,1.23473,-0.3054,3.5411,3.4503,-0.02044,1375,4.20
7768,2,-0.05061,1.27235,-0.3453,3.6291,3.1767,-0.03259,1361,4.20
7778,2,-0.05496,1.31764,-0.4225,3.9891,3.1413,-0.06117,1367,4.20
7788,2,-0.05974,1.35874,-0.2043,4.0376,4.6322,-0.19636,1367,4.20
7798,2,-0.06216,1.39190,0.0953,3.7490,6.1461,-0.23101,1373,4.20
7808,2,-0.05984,1.42846,0.3432,3.7120,8.1203,-0.11525,1380,4.20
7818,2,-0.05522,1.47131,0.1772,3.9411,7.6901,0.08689,1368,4.20
7828,2,-0.05605,1.51844,-0.1724,4.2496,5.7033,-0.01121,1371,4.20
7838,2,-0.05721,1.56198,-0.1926,4.2916,5.6053,-0.01885,1379,4.20
7848,2,-0.05869,1.61007,-0.2841,4.4983,5.3100,0.00922,1386,4.20
7858,2,-0.06278,1.66155,-0.4629,4.7585,4.3087,-0.03595,1385,4.20
7868,2,-0.06654,1.71034,-0.5055,4.8064,3.8947,-0.00178,1371,4.20
7878,2,-0.07239,1.76444,-0.6199,5.0480,3.2319,-0.05492,1375,4.20
7888,2,-0.07797,1.81951,-0.6917,5.2314,2.7820,-0.01125,1361,4.20
7898,2,-0.08433,1.87623,-0.8354,5.4078,1.7255,0.01555,1371,4.19
7908,2,-0.09276,1.93897,-1.0190,5.7545,0.6127,-0.00453,1392,4.19
7918,2,-0.10377,1.99666,-1.2824,5.7600,-2.0162,-0.01347,1372,4.19
7928,2,-0.11636,2.05774,-1.2669,5.8995,-2.3377,-0.11204,1374,4.19
7938,2,-0.12737,2.11525,-0.9801,5.8400,-0.9423,-0.18804,1363,4.19
7948,2,-0.13548,2.16508,-0.7258,5.4972,-0.2338,-0.17801,1368,4.19
7958,2,-0.14327,2.21482,-0.7103,5.2880,-1.0229,-0.17767,1369,4.19
7968,2,-0.15024,2.26893,-0.3868,5.3370,1.1390,-0.30559,1375,4.19
7978,2,-0.15159,2.31605,0.0117,5.0871,3.5669,-0.22451,1375,4.19
7988,2,-0.15053,2.35881,0.0618,4.7627,3.3407,-0.12860,1380,4.19
7998,2,-0.15074,2.40594,-0.0005,4.7426,2.8516,-0.16115,1388,4.27
8008,2,-0.14972,2.45655,0.0623,4.8701,3.7124,-0.12968,1394,4.27
8018,2,-0.14840,2.50359,0.0559,4.8036,3.6414,-0.11059,1380,4.27
8028,2,-0.14771,2.54905,-0.0739,4.7008,2.5161,-0.07608,1362,4.27
8038,2,-0.14809,2.60054,-0.1729,4.8799,2.1767,-0.08074,1391,4.27
8048,2,-0.14926,2.65194,-0.0904,4.9840,2.9979,-0.16216,1372,4.27
8058,2,-0.14889,2.69653,-0.1208,4.7741,2.3712,-0.07026,1381,4.27
8068,2,-0.15150,2.74540,-0.2123,4.8192,1.6531,-0.17575,1363,4.27
8078,2,-0.15259,2.79253,0.1496,4.7765,4.2702,-0.28215,1364,4.27
8088,2,-0.14762,2.83529,0.5210,4.5763,6.9956,-0.15945,1371,4.27
8098,2,-0.14239,2.87543,0.4220,4.3515,6.1196,-0.09194,1372,4.27
8108,2,-0.13902,2.91819,0.4465,4.3213,6.4876,-0.19386,1375,4.27
8118,2,-0.13269,2.96095,0.7242,4.3032,8.9869,-0.17812,1380,4.27
8128,2,-0.12372,3.00371,0.8041,4.2924,10.1697,-0.07703,1392,4.27
8138,2,-0.11575,3.04473,0.5891,4.2160,8.9123,-0.01225,1361,4.27
8148,2,-0.11104,3.09185,0.3965,4.4146,8.2241,-0.07340,1363,4.27
8158,2,-0.10737,3.14334,0.3193,4.7082,8.5551,-0.08357,1361,4.27
8168,2,-0.10430,3.19395,0.3752,4.8495,9.5224,-0.13847,1362,4.27
8178,2,-0.09472,3.23584,0.6343,4.5852,11.5481,0.06732,1363,4.27
8188,2,-0.08895,3.27773,0.4507,4.4267,10.2111,-0.02622,1373,4.27
8198,2,-0.08284,3.31787,0.6242,4.2617,11.5844,-0.08916,1380,4.19
8208,2,-0.07256,3.35889,0.8541,4.1976,13.8681,0.01419,1381,4.19
8218,2,-0.06139,3.39554,0.8179,3.9847,13.8656,0.08849,1361,4.19
8228,2,-0.05174,3.43655,0.6295,4.0314,13.1841,0.11554,1361,4.19
8238,2,-0.04234,3.48717,0.3039,4.4434,12.2531,0.27614,1361,4.19
8248,2,-0.03804,3.53953,-0.2309,4.7605,9.2105,0.29226,1361,4.19
8258,2,-0.03905,3.60410,-0.6859,5.4394,7.2368,0.25338,1361,4.19
8268,2,-0.04627,3.66685,-1.0152,5.7734,5.0685,0.10028,1367,4.19
8278,2,-0.05732,3.73588,-1.0887,6.2251,4.8587,-0.06537,1367,4.19
8288,2,-0.06585,3.80045,-0.9503,6.3182,5.6252,-0.01728,1374,4.19
8298,2,-0.07250,3.88510,-0.9338,7.1768,7.2745,0.06212,1386,4.14
8308,2,-0.07899,3.99768,-1.4149,8.8090,6.8769,0.30383,1392,4.14
8318,2,-0.09615,4.15039,-2.3828,11.3941,4.2311,0.23702,1361,4.14
8328,2,-0.11647,4.31707,-2.6600,13.5036,5.5907,0.19759,1361,4.14
8338,2,-0.13772,4.49859,-3.2576,15.3627,3.9327,0.42874,1367,4.14
8348,2,-0.17623,4.69057,-4.2345,16.8971,-2.3868,0.01545,1361,4.14
8358,2,-0.22049,4.88247,-4.3064,17.8142,-3.5616,-0.28014,1361,4.14
8368,2,-0.25964,5.04836,-3.8610,17.3243,-3.5888,-0.28701,1367,4.14
8378,2,-0.29951,5.19323,-3.7035,16.1890,-7.2654,-0.44103,1371,4.14
8388,2,-0.33729,5.30929,-3.1618,14.3560,-9.4474,-0.64546,1376,4.14
8398,2,-0.36434,5.39298,-1.9581,11.9611,-7.1928,-0.73768,1382,4.27
8408,2,-0.37799,5.44447,-0.6177,9.2362,-3.8048,-0.75197,1390,4.27
8418,2,-0.37648,5.47423,0.6593,6.7320,0.5242,-0.63049,1361,4.27
8428,2,-0.36814,5.48470,0.7556,4.4581,-3.1704,-0.32889,1362,4.27
8438,2,-0.35867,5.50128,0.9105,3.3381,-3.8292,-0.34050,1362,4.27
8448,2,-0.34734,5.52048,0.9525,2.7708,-4.0171,-0.25718,1361,4.27
8458,2,-0.33728,5.53706,0.7865,2.3257,-5.5956,-0.22710,1361,4.27
8468,2,-0.32941,5.54831,0.6604,1.8457,-7.0914,-0.26624,1368,4.27
8478,2,-0.31955,5.54753,0.8099,1.0760,-7.0167,-0.23179,1367,4.27
8488,2,-0.31058,5.53793,0.7093,0.2616,-8.9962,-0.21662,1371,4.27
8498,2,-0.30256,5.52048,0.7982,-0.5412,-9.5829,-0.30081,1373,4.32
8508,2,-0.29467,5.48906,0.8142,-1.5813,-11.2588,-0.30705,1379,4.32
8518,2,-0.28536,5.43923,0.9201,-2.9420,-12.8786,-0.27964,1385,4.32
8528,2,-0.27570,5.37212,0.9174,-4.4495,-15.6339,-0.25188,1361,4.32
8538,2,-0.26628,5.28215,0.9115,-6.2686,-19.1261,-0.25065,1361,4.32
8548,2,-0.25701,5.16783,0.9105,-8.3339,-23.1494,-0.24870,1361,4.32
8558,2,-0.24671,5.01608,0.9493,-11.0706,-28.3015,-0.20650,1363,4.32
8568,2,-0.23531,4.82496,0.9467,-14.2869,-30.0000,-0.13849,1371,4.32
8578,2,-0.22399,4.58751,0.9562,-18.0702,-30.0000,-0.13654,1371,4.32
8588,2,-0.21296,4.32667,0.8679,-21.2757,-30.0000,-0.09499,1367,4.32
8598,2,-0.20353,4.02202,0.8919,-24.9513,-30.0000,-0.17843,1371,4.22
8608,2,-0.19627,3.69050,0.8115,-28.2318,-30.0000,-0.23879,1375,4.22
8618,2,-0.18703,3.33532,0.9094,-31.1461,-30.0000,-0.17959,1380,4.22
8628,2,-0.17828,2.96095,0.9552,-33.6626,-30.0000,-0.21841,1386,4.22
8638,2,-0.17111,2.56642,0.8982,-35.9788,-30.0000,-0.26175,1361,4.22
8648,2,-0.16435,2.15897,1.0313,-37.8852,-30.0000,-0.34203,1361,4.22
8658,2,-0.15419,1.74358,1.2548,-39.3466,-30.0000,-0.27357,1361,4.22
8668,2,-0.14193,1.30987,1.4804,-40.9566,-30.0000,-0.26896,1368,4.22
8678,2,-0.13012,0.87432,1.4341,-41.9958,-30.0000,-0.25707,1371,4.22
8688,2,-0.11523,0.42839,1.5889,-43.0348,-30.0000,-0.16481,1375,4.22
8698,2,-0.09870,-0.02880,1.5985,-44.1084,-30.0000,-0.07159,1381,4.23
8708,2,-0.08275,-0.50082,1.3383,-45.3460,-30.0000,0.04573,1387,4.23
8718,2,-0.06955,-0.96779,0.8674,-45.8861,-30.0000,0.15654,1387,4.23
8728,2,-0.06082,-1.44339,0.4044,-46.5558,-30.0000,0.17355,1362,4.23
8738,2,-0.05848,-1.92239,-0.0330,-47.0937,-30.0000,0.07506,1361,4.23
8748,2,-0.05995,-2.39538,-0.2213,-47.1756,-30.0000,-0.02271,1364,4.23
8758,2,-0.06107,-2.85440,-0.3017,-46.6662,-30.0000,0.03356,1371,4.23
8768,2,-0.06713,-3.31604,-0.3703,-46.4653,-30.0000,-0.18477,1371,4.23
8778,2,-0.07127,-3.76555,-0.3134,-45.8596,-30.0000,-0.12179,1371,4.23
8788,2,-0.07415,-4.20712,-0.2394,-45.1785,-30.0000,-0.09816,1373,4.23
8798,2,-0.07731,-4.64083,-0.2070,-44.4557,-30.0000,-0.13195,1380,4.34
8808,2,-0.08112,-5.06756,-0.1069,-43.7427,-30.0000,-0.21808,1386,4.34
8818,2,-0.08314,-5.47859,-0.0186,-42.6866,-30.0000,-0.17477,1375,4.34
8828,2,-0.08338,-5.89223,0.1059,-42.1577,-30.0000,-0.14860,1361,4.34
8838,2,-0.08274,-6.30064,0.1714,-41.6309,-30.0000,-0.13661,1361,4.34
8848,2,-0.08159,-6.70730,0.2533,-41.2450,-30.0000,-0.15032,1361,4.34
8858,2,-0.07925,-7.11134,0.3417,-40.9088,-30.0000,-0.13344,1368,4.34
8868,0,-0.07526,-7.50230,0.3257,-40.1834,-30.0000,-0.03870,1882,4.34
8890,0,-0.07333,-8.38194,0.1629,-59.2959,0.0000,-0.05811,1066,4.34
8900,0,-0.07345,-8.76243,0.0165,-50.7968,0.0000,-0.08761,962,4.34
8910,0,-0.07344,-9.13584,0.0256,-45.4146,0.0000,-0.08577,963,4.36
8920,0,-0.07444,-9.50594,0.0288,-42.0527,0.0000,-0.13904,965,4.36
8930,0,-0.07540,-9.86286,0.0032,-39.5084,0.0000,-0.12455,965,4.36
8940,0,-0.07533,-10.21454,0.0469,-37.7724,0.0000,-0.09554,971,4.36
8950,0,-0.07643,-10.56186,0.0724,-36.5563,0.0000,-0.16774,973,4.36
8960,0,-0.07628,-10.89871,0.1144,-35.4077,0.0000,-0.12583,979,4.36
8970,0,-0.07515,-11.22500,0.1980,-34.2962,0.0000,-0.11755,983,4.36
8980,0,-0.07485,-11.54274,0.1528,-33.2872,0.0000,-0.13635,962,4.36
8990,0,-0.07231,-11.85602,0.2246,-32.5038,0.0000,-0.05745,962,4.36
9000,0,-0.07122,-12.17367,0.2219,-32.2083,0.0000,-0.12770,963,4.36
9010,0,-0.07044,-12.48347,0.1490,-31.7168,0.0000,-0.10605,962,4.36
9020,0,-0.06900,-12.79152,0.1352,-31.3521,0.0000,-0.06456,969,4.36
9030,0,-0.06876,-13.09171,0.0245,-30.8191,0.0000,-0.06885,970,4.36
9040,0,-0.06914,-13.40064,-0.0069,-30.8484,0.0000,-0.08505,973,4.36
9050,0,-0.07076,-13.70956,-0.1596,-30.8660,0.0000,-0.07164,978,4.36
9060,0,-0.07386,-14.01412,-0.2240,-30.7020,0.0000,-0.11688,980,4.36
9070,0,-0.07765,-14.31345,-0.2692,-30.3942,0.0000,-0.13274,985,4.36
9091,0,-0.08056,-14.94089,-0.0771,-43.3343,0.0000,-0.18745,1044,4.36
9101,0,-0.07975,-15.23323,0.0453,-37.6943,0.0000,-0.06180,968,4.36
9111,0,-0.08107,-15.52645,0.0320,-34.3452,0.0000,-0.16328,973,4.36
9121,0,-0.08013,-15.79959,0.0655,-31.5329,0.0000,-0.06553,982,4.36
9131,0,-0.08008,-16.07361,0.0362,-29.8804,0.0000,-0.09590,990,4.36
9141,0,-0.07983,-16.32930,0.0559,-28.1559,0.0000,-0.09551,992,4.36
9151,0,-0.07965,-16.57888,-0.0005,-26.8768,0.0000,-0.07011,963,4.36
9161,0,-0.07942,-16.82759,-0.0042,-26.0745,0.0000,-0.06611,963,4.36
9171,0,-0.08043,-17.06408,-0.0596,-25.1043,0.0000,-0.10105,968,4.36
9181,0,-0.08146,-17.29534,0.0070,-24.3129,0.0000,-0.13655,963,4.36
9191,0,-0.08081,-17.51962,0.0745,-23.5587,0.0000,-0.08523,969,4.36
9201,0,-0.08096,-17.74118,0.0282,-22.9980,0.0000,-0.10253,973,4.36
9211,0,-0.07972,-17.95944,0.0804,-22.5290,0.0000,-0.05823,978,4.36
9221,0,-0.07930,-18.17673,-0.0048,-22.2091,0.0000,-0.05552,969,4.36
9231,0,-0.07896,-18.38696,-0.0287,-21.7344,0.0000,-0.04794,973,4.36
9241,0,-0.07875,-18.59727,-0.0670,-21.4532,0.0000,-0.03476,974,4.36
9251,0,-0.08026,-18.80592,-0.2080,-21.2180,0.0000,-0.05170,983,4.36
9261,0,-0.08309,-19.01100,-0.2075,-20.9339,0.0000,-0.12061,987,4.36
9271,0,-0.08439,-19.21686,-0.2096,-20.7948,0.0000,-0.04471,988,4.36
9293,0,-0.08580,-19.64970,-0.0984,-29.7905,0.0000,-0.10717,1040,4.36
9303,0,-0.08766,-19.85225,-0.1415,-25.9761,0.0000,-0.11008,979,4.36
9313,0,-0.08927,-20.04851,-0.0739,-23.4362,0.0000,-0.13246,979,4.36
9323,0,-0.08827,-20.24756,0.0320,-22.0240,0.0000,-0.05460,962,4.36
9333,0,-0.08775,-20.44130,-0.0463,-20.9636,0.0000,-0.03866,962,4.36
9343,0,-0.08871,-20.63319,-0.0984,-20.2541,0.0000,-0.08726,962,4.36
9353,0,-0.09026,-20.82614,-0.1404,-19.8704,0.0000,-0.09733,972,4.36
9363,0,-0.09246,-21.01455,-0.1490,-19.4585,0.0000,-0.12831,983,4.36
9373,0,-0.09417,-21.19440,-0.1458,-18.8693,0.0000,-0.10655,966,4.36
9383,0,-0.09633,-21.36362,-0.1399,-18.0900,0.0000,-0.13428,972,4.36
9393,0,-0.09733,-21.53474,0.0096,-17.6992,0.0000,-0.15259,981,4.36
9403,0,-0.09677,-21.70142,0.0277,-17.2867,0.0000,-0.08251,962,4.36
9413,0,-0.09783,-21.86287,-0.0638,-16.8298,0.0000,-0.11875,985,4.36
9423,0,-0.09821,-22.01471,-0.0138,-16.1715,0.0000,-0.11049,990,4.36
9433,0,-0.09714,-22.16743,0.0229,-15.8116,0.0000,-0.05479,962,4.36
9443,0,-0.09722,-22.31840,-0.0463,-15.5258,0.0000,-0.07830,962,4.36
9453,0,-0.09775,-22.45715,-0.1846,-14.8656,0.0000,-0.03209,962,4.36
9463,0,-0.09970,-22.59067,-0.1782,-14.2601,0.0000,-0.10780,974,4.36
9473,0,-0.10097,-22.72061,-0.0856,-13.7537,0.0000,-0.12193,975,4.36
9494,0,-0.10080,-22.98337,-0.0154,-18.7626,0.0000,-0.08424,1054,4.36
9504,0,-0.10237,-23.09507,-0.1160,-15.7255,0.0000,-0.12317,977,4.36
9514,0,-0.10402,-23.20328,-0.0723,-13.7637,0.0000,-0.15005,961,4.36
9524,0,-0.10518,-23.30975,-0.0037,-12.5170,0.0000,-0.16164,962,4.36
9534,0,-0.10461,-23.41883,0.0490,-11.8735,0.0000,-0.10049,970,4.36
9544,0,-0.10483,-23.52608,-0.0069,-11.4140,0.0000,-0.11221,976,4.36
9554,0,-0.10416,-23.62565,0.0740,-10.8313,0.0000,-0.10769,962,4.36
9564,0,-0.10324,-23.71990,0.1267,-10.2688,0.0000,-0.12064,966,4.36
9574,0,-0.10134,-23.81676,0.1613,-10.0358,0.0000,-0.08705,974,4.36
9584,0,-0.10040,-23.90403,0.1799,-9.5121,0.0000,-0.14321,975,4.36
9594,0,-0.09787,-23.99383,0.2767,-9.2992,0.0000,-0.11016,983,4.36
9604,0,-0.09472,-24.08292,0.2421,-9.1434,0.0000,-0.05826,989,4.36
9614,0,-0.09270,-24.16923,0.0368,-8.9384,0.0000,-0.01011,961,4.36
9624,0,-0.09320,-24.25048,-0.0415,-8.6128,0.0000,-0.09736,961,4.36
9634,0,-0.09324,-24.32553,0.0256,-8.1696,0.0000,-0.10812,961,4.36
9644,0,-0.09352,-24.40058,-0.0069,-7.9038,0.0000,-0.10371,971,4.36
9654,0,-0.09341,-24.46864,0.0596,-7.4649,0.0000,-0.11801,976,4.36
9664,0,-0.09272,-24.53924,0.1267,-7.3030,0.0000,-0.12167,971,4.36
9674,0,-0.09159,-24.60731,0.1432,-7.1045,0.0000,-0.10665,976,4.36
9695,0,-0.08969,-24.73830,0.1682,-9.5022,0.0000,-0.07844,1048,4.36
9705,0,-0.08847,-24.79415,0.1554,-7.9353,0.0000,-0.10545,963,4.36
9715,0,-0.08645,-24.85872,0.1751,-7.3443,0.0000,-0.07268,968,4.36
9725,0,-0.08477,-24.91109,0.1033,-6.5010,0.0000,-0.05256,971,4.36
9735,0,-0.08343,-24.96432,0.1182,-6.0298,0.0000,-0.07531,977,4.36
9745,0,-0.08197,-25.01310,0.1394,-5.5693,0.0000,-0.07871,989,4.36
9755,0,-0.07993,-25.06031,0.1171,-5.2299,0.0000,-0.03674,962,4.36
9765,0,-0.07902,-25.10569,0.0862,-4.9531,0.0000,-0.07659,962,4.36
9775,0,-0.07771,-25.14496,0.1336,-4.5426,0.0000,-0.07909,963,4.36
9785,0,-0.07615,-25.19034,0.1272,-4.5408,0.0000,-0.06183,976,4.36
9795,0,-0.07508,-25.22873,0.0772,-4.2603,0.0000,-0.05985,983,4.36
9805,0,-0.07476,-25.26277,0.0527,-3.9176,0.0000,-0.08520,965,4.36
9815,0,-0.07377,-25.29506,0.0687,-3.6421,0.0000,-0.05856,970,4.36
9825,0,-0.07305,-25.32298,0.0910,-3.3023,0.0000,-0.08270,975,4.36
9835,0,-0.07210,-25.34820,0.1187,-2.9901,0.0000,-0.08413,983,4.36
9845,0,-0.07023,-25.37525,0.1139,-2.8762,0.0000,-0.03369,990,4.36
9855,0,-0.06972,-25.39978,0.0314,-2.7066,0.0000,-0.05996,963,4.36
13438,2,0.00823,0.00000,-0.0234,0.0000,0.0000,-0.00714,1741,4.36
13448,2,0.01055,-0.00358,0.1980,-0.1431,1.8498,0.02758,1402,4.36
13458,2,0.01190,-0.00620,0.0495,-0.1906,0.7051,0.05460,1356,4.35
13468,2,0.01150,-0.00794,0.0820,-0.1842,0.9377,-0.04991,1366,4.35
13478,2,0.01311,-0.01143,0.1767,-0.2501,1.6098,0.00538,1370,4.35
13488,2,0.01500,-0.01492,0.1804,-0.2897,1.6682,0.01944,1350,4.35
13498,2,0.01639,-0.01754,0.1655,-0.2786,1.6650,0.00301,1354,4.35
13508,2,0.01823,-0.02103,0.1804,-0.3068,1.8299,0.02030,1359,4.35
13518,2,0.01981,-0.02356,0.1804,-0.2853,1.9742,0.00857,1363,4.35
13528,2,0.02150,-0.02539,0.1661,-0.2444,2.0597,0.02299,1369,4.35
13538,2,0.02353,-0.02714,0.1485,-0.2165,2.1137,0.05047,1374,4.35
13548,2,0.02520,-0.02976,0.1405,-0.2346,2.1175,0.03881,1383,4.35
13558,2,0.02717,-0.03238,0.1512,-0.2455,2.2963,0.05001,1349,4.34
13568,2,0.02851,-0.03578,0.1081,-0.2835,1.9684,0.04113,1349,4.34
13578,2,0.02965,-0.03936,0.1128,-0.3131,2.0094,0.03066,1357,4.34
13588,2,0.03062,-0.04110,0.0602,-0.2577,1.7906,0.04856,1384,4.34
13598,2,0.03081,-0.04198,-0.0074,-0.1896,1.4389,0.04414,1388,4.34
13608,2,0.03045,-0.04198,-0.0564,-0.1137,1.2108,0.04054,1350,4.34
13618,2,0.02941,-0.04014,-0.1096,0.0051,1.0033,0.03252,1356,4.34
13628,2,0.02812,-0.03848,-0.1192,0.0694,0.9910,0.02311,1362,4.34
13638,2,0.02748,-0.03761,-0.0846,0.0765,1.2284,0.03753,1367,4.34
13648,2,0.02672,-0.03674,-0.0989,0.0809,1.0821,0.03835,1376,4.34
13658,2,0.02621,-0.03761,-0.0787,0.0136,1.0559,0.04038,1382,4.34
13668,2,0.02544,-0.03761,-0.0968,0.0081,0.8581,0.03497,1349,4.34
13678,2,0.02449,-0.03848,-0.0808,-0.0300,0.8353,0.01752,1349,4.34
13688,2,0.02378,-0.03848,-0.0819,-0.0180,0.8087,0.02932,1356,4.34
13698,2,0.02300,-0.03936,-0.0766,-0.0457,0.7383,0.02209,1363,4.34
13708,2,0.02219,-0.03936,-0.0782,-0.0274,0.7153,0.02109,1370,4.34
13718,2,0.02147,-0.04110,-0.0548,-0.0863,0.7174,0.01281,1352,4.34
13728,2,0.02129,-0.04285,-0.0191,-0.1216,0.8971,0.02151,1352,4.34
13738,2,0.02117,-0.04451,-0.0351,-0.1393,0.7285,0.03273,1357,4.34
13748,2,0.02062,-0.04634,-0.0314,-0.1568,0.6828,0.00919,1362,4.34
13758,2,0.02027,-0.04896,-0.0271,-0.1989,0.5987,0.01601,1371,4.34
13768,2,0.01976,-0.04896,-0.0516,-0.1193,0.5548,0.02018,1373,4.34
13778,2,0.01913,-0.04983,-0.0580,-0.1065,0.4943,0.01683,1351,4.34
13788,2,0.01813,-0.04983,-0.0734,-0.0639,0.4070,0.00468,1349,4.34
13798,2,0.01743,-0.05070,-0.0468,-0.0733,0.5430,0.00573,1352,4.34
13808,2,0.01695,-0.05070,-0.0319,-0.0440,0.6893,0.00880,1361,4.34
13818,2,0.01682,-0.05245,-0.0053,-0.0962,0.7674,0.01315,1367,4.34
13828,2,0.01677,-0.05245,-0.0064,-0.0577,0.8402,0.01752,1352,4.34
13838,2,0.01671,-0.05245,-0.0133,-0.0346,0.8340,0.02005,1363,4.34
13848,2,0.01664,-0.05157,-0.0399,0.0142,0.7355,0.03325,1364,4.34
13858,2,0.01612,-0.05070,-0.0851,0.0434,0.4248,0.03278,1366,4.34
13868,2,0.01521,-0.05070,-0.0957,0.0260,0.2491,0.01770,1376,4.34
13878,2,0.01452,-0.04896,-0.0638,0.0854,0.5780,0.01168,1381,4.34
13888,2,0.01408,-0.04896,-0.0425,0.0513,0.6371,0.01349,1349,4.34
13898,2,0.01357,-0.04896,-0.0324,0.0308,0.6365,0.00409,1349,4.34
13908,2,0.01343,-0.04896,-0.0159,0.0185,0.7256,0.01428,1353,4.34
13918,2,0.01332,-0.04800,-0.0197,0.0494,0.7592,0.01795,1357,4.34
13928,2,0.01311,-0.04712,-0.0383,0.0646,0.6385,0.02154,1363,4.34
13938,2,0.01265,-0.04634,-0.0644,0.0702,0.4248,0.02173,1371,4.34
13948,2,0.01213,-0.04460,-0.0702,0.1119,0.4401,0.02133,1380,4.34
13958,2,0.01134,-0.04285,-0.0910,0.1370,0.2897,0.01749,1373,4.35
13968,2,0.01083,-0.04285,-0.0601,0.0822,0.3715,0.01529,1350,4.35
13978,2,0.01034,-0.04198,-0.0425,0.0842,0.4789,0.00729,1360,4.35
13988,2,0.01007,-0.04198,-0.0372,0.0505,0.4282,0.01474,1370,4.35
13998,2,0.00976,-0.04198,-0.0340,0.0303,0.3891,0.01155,1395,4.35
14008,2,0.00947,-0.04198,-0.0292,0.0182,0.3803,0.00937,1357,4.35
14018,2,0.00920,-0.04102,-0.0495,0.0494,0.2789,0.02039,1360,4.35
14028,2,0.00875,-0.04102,-0.0612,0.0296,0.1191,0.01703,1367,4.35
14038,2,0.00803,-0.04023,-0.0787,0.0491,-0.0160,0.01143,1370,4.35
14048,2,0.00749,-0.03936,-0.0638,0.0644,0.0969,0.01246,1374,4.35
14058,2,0.00685,-0.03848,-0.0659,0.0736,0.0607,0.00751,1349,4.35
14068,2,0.00630,-0.03848,-0.0330,0.0442,0.2117,-0.00468,1351,4.35
14078,2,0.00609,-0.03848,-0.0026,0.0265,0.3895,-0.00314,1357,4.35
14088,2,0.00605,-0.03936,-0.0042,-0.0190,0.2753,0.00654,1369,4.35
14098,2,0.00603,-0.03936,-0.0223,-0.0114,0.1532,0.01577,1394,4.35
14108,2,0.00606,-0.03936,-0.0212,-0.0069,0.1734,0.01843,1355,4.35
14118,2,0.00596,-0.03936,-0.0367,-0.0041,0.0564,0.01944,1356,4.35
14128,2,0.00585,-0.03936,-0.0356,-0.0025,0.0611,0.01815,1366,4.35
14138,2,0.00544,-0.03936,-0.0441,-0.0015,-0.0275,0.00666,1372,4.35
14148,2,0.00515,-0.03936,-0.0244,-0.0009,0.1050,0.00320,1374,4.35
14158,2,0.00523,-0.03936,-0.0010,-0.0005,0.2881,0.00972,1349,4.35
14168,2,0.00522,-0.04023,-0.0032,-0.0353,0.1948,0.00630,1349,4.35
14178,2,0.00492,-0.04023,-0.0117,-0.0212,0.1423,-0.00412,1350,4.35
14188,2,0.00495,-0.04023,0.0415,-0.0127,0.5651,-0.01468,1360,4.35
14198,2,0.00567,-0.04023,0.0591,-0.0076,0.7550,0.01245,1369,4.35
14208,2,0.00627,-0.04110,0.0442,-0.0394,0.6098,0.01406,1377,4.35
14218,2,0.00654,-0.04110,0.0293,-0.0237,0.5486,0.00550,1350,4.35
14228,2,0.00711,-0.04110,0.0298,-0.0142,0.6088,0.02039,1357,4.35
14238,2,0.00775,-0.04023,0.0171,0.0263,0.6416,0.03116,1361,4.35
14248,2,0.00770,-0.04023,-0.0351,0.0158,0.2206,0.02270,1362,4.35
14258,2,0.00753,-0.03936,-0.0271,0.0444,0.3337,0.01280,1375,4.35
14268,2,0.00755,-0.03936,-0.0244,0.0267,0.3164,0.02084,1377,4.35
14278,2,0.00738,-0.03936,-0.0335,0.0160,0.2140,0.01566,1350,4.35
14288,2,0.00720,-0.03848,-0.0250,0.0445,0.3300,0.01064,1349,4.35
14298,2,0.00696,-0.03848,-0.0367,0.0267,0.1870,0.01303,1349,4.35
14308,2,0.00673,-0.03848,-0.0111,0.0160,0.3429,0.00099,1353,4.35
14318,2,0.00646,-0.03761,-0.0255,0.0445,0.2798,0.00570,1362,4.35
14328,2,0.00628,-0.03761,-0.0223,0.0267,0.2536,0.00826,1365,4.35
14338,2,0.00618,-0.03665,-0.0095,0.0545,0.4055,0.00607,1373,4.35
14348,2,0.00624,-0.03665,-0.0042,0.0327,0.4022,0.01143,1364,4.35
14358,2,0.00620,-0.03578,0.0006,0.0544,0.4843,0.00416,1370,4.35
14368,2,0.00617,-0.03578,-0.0042,0.0326,0.3984,0.00652,1371,4.35
14378,2,0.00624,-0.03578,0.0123,0.0196,0.4991,0.00349,1377,4.35
14388,2,0.00646,-0.03578,0.0160,0.0118,0.5244,0.00974,1390,4.35
14398,2,0.00668,-0.03578,0.0224,0.0071,0.5760,0.00617,1388,4.35
14408,2,0.00687,-0.03578,0.0139,0.0042,0.5179,0.00983,1349,4.35
14418,2,0.00698,-0.03499,-0.0032,0.0340,0.4611,0.01372,1348,4.35
14428,2,0.00710,-0.03499,0.0022,0.0204,0.4792,0.01190,1352,4.35
14438,2,0.00714,-0.03499,-0.0021,0.0123,0.4322,0.01064,1352,4.35
14448,2,0.00732,-0.03578,0.0064,-0.0242,0.4277,0.01292,1359,4.35
14458,2,0.00738,-0.03578,-0.0010,-0.0145,0.3962,0.01096,1365,4.35
14468,2,0.00762,-0.03578,0.0091,-0.0087,0.5006,0.01509,1379,4.35
14478,2,0.00764,-0.03578,-0.0064,-0.0052,0.3926,0.01179,1370,4.35
14488,2,0.00775,-0.03578,-0.0010,-0.0031,0.4440,0.01349,1349,4.35
14498,2,0.00783,-0.03578,-0.0021,-0.0019,0.4438,0.01292,1351,4.35
14508,2,0.00774,-0.03578,0.0016,-0.0011,0.4679,0.00239,1376,4.35
14518,2,0.00768,-0.03578,0.0016,-0.0007,0.4653,0.00405,1380,4.35
14528,2,0.00765,-0.03578,0.0022,-0.0004,0.4683,0.00531,1383,4.35
14538,2,0.00761,-0.03578,0.0006,-0.0002,0.4541,0.00532,1349,4.35
14548,2,0.00764,-0.03578,-0.0048,-0.0001,0.4155,0.01121,1349,4.35
14558,2,0.00769,-0.03578,0.0070,-0.0001,0.5077,0.00695,1353,4.35
14568,2,0.00766,-0.03578,-0.0005,-0.0001,0.4493,0.00630,1352,4.35
14578,2,0.00782,-0.03674,0.0245,-0.0383,0.5642,0.00334,1362,4.35
14588,2,0.00824,-0.03674,0.0437,-0.0230,0.7696,0.00768,1369,4.35
14598,2,0.00855,-0.03674,0.0304,-0.0138,0.7087,0.00903,1377,4.35
14608,2,0.00894,-0.03674,0.0224,-0.0083,0.6849,0.01725,1368,4.35
14618,2,0.00932,-0.03587,0.0149,0.0299,0.7364,0.02086,1373,4.35
14628,2,0.00951,-0.03491,-0.0069,0.0563,0.6412,0.02207,1354,4.35
14638,2,0.00949,-0.03403,-0.0106,0.0687,0.6399,0.01406,1377,4.35
14648,2,0.00949,-0.03403,-0.0032,0.0412,0.6361,0.01087,1380,4.35
14658,2,0.00943,-0.03325,0.0027,0.0561,0.7095,0.00491,1383,4.35
14668,2,0.00934,-0.03238,-0.0037,0.0686,0.6840,0.00712,1349,4.35
14678,2,0.00952,-0.03238,0.0123,0.0412,0.7562,0.01223,1352,4.35
14688,2,0.00960,-0.03238,0.0272,0.0247,0.8379,-0.00014,1356,4.35
14698,2,0.00985,-0.03238,0.0213,0.0148,0.7879,0.01177,1356,4.35
14708,2,0.01014,-0.03151,0.0171,0.0438,0.8379,0.01614,1359,4.35
14718,2,0.01037,-0.03151,-0.0032,0.0263,0.6613,0.02359,1362,4.35
14728,2,0.01052,-0.02976,-0.0053,0.0856,0.7854,0.02046,1372,4.35
14738,2,0.01048,-0.02801,-0.0271,0.1212,0.6965,0.02192,1377,4.35
14748,2,0.01023,-0.02801,-0.0255,0.0727,0.5871,0.01041,1383,4.35
14758,2,0.01009,-0.02714,-0.0117,0.0785,0.6965,0.00908,1370,4.35
14768,2,0.01017,-0.02714,0.0048,0.0471,0.7581,0.01189,1370,4.35
14778,2,0.01018,-0.02714,0.0043,0.0283,0.7138,0.00862,1374,4.35
14788,2,0.01044,-0.02714,0.0203,0.0170,0.8262,0.01315,1379,4.35
14798,2,0.01052,-0.02539,-0.0053,0.0801,0.7771,0.01728,1349,4.35
14808,2,0.01066,-0.02452,-0.0064,0.0829,0.7848,0.02082,1350,4.35
14818,2,0.01081,-0.02356,-0.0079,0.0881,0.7940,0.02206,1349,4.35
14828,2,0.01082,-0.02190,-0.0287,0.1192,0.7070,0.02578,1355,4.35
14838,2,0.01065,-0.02103,-0.0266,0.1064,0.6852,0.01553,1363,4.35
14848,2,0.01056,-0.02016,-0.0058,0.0987,0.8206,0.00894,1375,4.35
14858,2,0.01067,-0.01929,0.0006,0.0942,0.8668,0.01600,1384,4.34
14868,2,0.01072,-0.01929,0.0080,0.0565,0.8439,0.00890,1369,4.34
14878,2,0.01055,-0.01754,0.0144,0.1037,0.9862,-0.00489,1375,4.34
14888,2,0.01069,-0.01667,0.0149,0.0972,0.9852,0.00997,1380,4.34
14898,2,0.01083,-0.01492,0.0304,0.1281,1.1804,0.00305,1385,4.34
14908,2,0.01122,-0.01396,0.0346,0.1152,1.2095,0.01303,1388,4.34
14918,2,0.01138,-0.01230,0.0171,0.1355,1.1323,0.01087,1349,4.34
14928,2,0.01160,-0.01056,0.0330,0.1511,1.3025,0.00606,1349,4.34
14938,2,0.01195,-0.00882,0.0304,0.1604,1.3260,0.01418,1356,4.34
14948,2,0.01204,-0.00620,0.0160,0.2010,1.3140,0.00883,1367,4.34
14958,2,0.01213,-0.00349,-0.0016,0.2289,1.2497,0.01739,1377,4.34
14968,2,0.01221,-0.00009,-0.0127,0.2734,1.2699,0.02236,1365,4.34
14978,2,0.01211,0.00253,-0.0303,0.2688,1.1230,0.02238,1368,4.34
14988,2,0.01208,0.00515,-0.0234,0.2660,1.1694,0.02220,1380,4.34
14998,2,0.01198,0.00864,-0.0106,0.2992,1.3354,0.01246,1381,4.34
15008,2,0.01188,0.01038,-0.0042,0.2493,1.2702,0.00905,1349,4.34
15018,2,0.01180,0.01213,0.0032,0.2194,1.2575,0.00597,1349,4.34
15028,2,0.01217,0.01388,0.0421,0.2015,1.5376,0.00972,1349,4.34
15038,2,0.01256,0.01571,0.0357,0.1942,1.4994,0.01429,1354,4.34
15048,2,0.01314,0.01736,0.0602,0.1828,1.6978,0.01200,1361,4.34
15058,2,0.01382,0.01911,0.0463,0.1795,1.6301,0.02450,1369,4.33
15068,2,0.01423,0.02085,0.0245,0.1775,1.4881,0.02267,1385,4.33
15078,2,0.01437,0.02347,0.0016,0.2113,1.3995,0.02053,1368,4.33
15088,2,0.01460,0.02530,0.0288,0.2000,1.5966,0.01179,1349,4.33
15098,2,0.01466,0.02784,0.0234,0.2212,1.6083,0.00573,1354,4.33
15108,2,0.01515,0.02958,0.0607,0.2026,1.8817,0.00916,1364,4.33
15118,2,0.01567,0.03229,0.0586,0.2298,1.9604,0.01257,1370,4.33
15128,2,0.01589,0.03395,0.0421,0.2042,1.7947,0.00573,1360,4.33
15138,2,0.01637,0.03831,0.0431,0.2970,2.0395,0.01910,1367,4.33
15148,2,0.01701,0.04093,0.0309,0.2829,1.9587,0.03350,1367,4.33
15158,2,0.01715,0.04442,0.0123,0.3095,1.8875,0.01817,1373,4.32
15168,2,0.01733,0.04878,0.0128,0.3602,2.0169,0.01964,1383,4.32
15178,2,0.01728,0.05314,-0.0095,0.3906,1.9148,0.01980,1390,4.32
15188,2,0.01707,0.05838,-0.0058,0.4438,2.0500,0.00937,1349,4.32
15198,2,0.01731,0.06274,0.0203,0.4408,2.2596,0.01921,1353,4.32
15208,2,0.01733,0.06894,-0.0079,0.5123,2.2086,0.02226,1360,4.32
15218,2,0.01735,0.07496,-0.0074,0.5483,2.2975,0.02210,1363,4.32
15228,2,0.01720,0.08107,-0.0239,0.5733,2.2225,0.02148,1371,4.32
15238,2,0.01668,0.08805,-0.0415,0.6232,2.1716,0.01154,1381,4.32
15248,2,0.01568,0.09599,-0.0377,0.6916,2.2926,-0.01544,1349,4.32
15258,2,0.01468,0.10646,-0.1160,0.8338,1.9560,0.02251,1351,4.31
15268,2,0.01266,0.11860,-0.1889,0.9855,1.6180,0.00640,1349,4.31
15278,2,0.01172,0.13256,-0.2634,1.1498,1.3644,0.09625,1355,4.31
15288,2,0.00922,0.14565,-0.3395,1.2135,0.7807,0.05416,1368,4.31
15298,2,0.00698,0.15787,-0.3607,1.2168,0.4953,0.07502,1378,4.31
15308,2,0.00372,0.17270,-0.6146,1.3234,-1.3870,0.14818,1383,4.31
15318,2,-0.00481,0.19190,-0.8758,1.5620,-3.3671,0.00652,1349,4.31
15328,2,-0.01402,0.21110,-0.8412,1.7051,-3.3579,-0.05378,1349,4.31
15338,2,-0.02107,0.22593,-0.6172,1.6165,-2.2878,-0.06531,1353,4.31
15348,2,-0.02752,0.23989,-0.5124,1.5284,-2.0810,-0.09357,1363,4.31
15358,2,-0.03093,0.25211,-0.4310,1.4057,-1.9369,0.01418,1374,4.33
15368,2,-0.03513,0.26520,-0.5124,1.3670,-2.8921,0.01074,1360,4.33
15378,2,-0.04037,0.27742,-0.5885,1.3090,-3.9152,-0.00814,1364,4.33
15388,2,-0.04623,0.28876,-0.5890,1.2392,-4.4317,-0.04477,1369,4.33
15398,2,-0.05118,0.29836,-0.4608,1.1274,-4.0084,-0.06812,1378,4.33
15408,2,-0.05423,0.30369,-0.3198,0.8894,-3.6479,-0.04693,1385,4.33
15418,2,-0.05605,0.30709,-0.2405,0.6697,-3.6384,-0.02672,1370,4.33
15428,2,-0.05809,0.30971,-0.2293,0.5066,-4.0363,-0.04559,1349,4.33
15438,2,-0.05969,0.31067,-0.1617,0.3424,-3.9825,-0.05853,1351,4.33
15448,2,-0.05995,0.30796,-0.0372,0.0972,-3.5935,-0.05463,1357,4.33
15458,2,-0.05925,0.30447,0.0298,-0.0814,-3.4336,-0.03884,1362,4.34
15468,2,-0.05836,0.29924,0.0431,-0.2582,-3.6672,-0.03579,1370,4.34
15478,2,-0.05752,0.29313,0.0612,-0.3993,-3.7897,-0.04585,1383,4.34
15488,2,-0.05635,0.28623,0.1059,-0.5153,-3.6362,-0.05078,1391,4.34
15498,2,-0.05475,0.27829,0.1363,-0.6269,-3.5555,-0.04284,1393,4.34
15508,2,-0.05276,0.26869,0.2081,-0.7601,-3.1851,-0.05760,1349,4.34
15518,2,-0.05023,0.25743,0.2688,-0.9064,-2.8943,-0.05792,1355,4.34
15528,2,-0.04708,0.24426,0.3757,-1.0709,-2.2557,-0.07742,1362,4.34
15538,2,-0.04213,0.22680,0.5066,-1.3406,-1.5551,-0.04789,1364,4.34
15548,2,-0.03629,0.20935,0.4938,-1.5026,-1.6514,0.00852,1369,4.34
15558,2,-0.03173,0.19539,0.3438,-1.4601,-2.4185,0.02476,1381,4.34
15568,2,-0.02932,0.18317,0.2219,-1.3646,-2.9914,-0.01991,1380,4.34
15578,2,-0.02745,0.17017,0.2544,-1.3390,-2.5824,-0.06101,1349,4.34
15588,2,-0.02423,0.15437,0.4220,-1.4352,-1.3335,-0.07443,1352,4.34
15598,2,-0.01848,0.13692,0.5806,-1.5593,-0.0556,-0.02148,1349,4.34
15608,2,-0.01194,0.11947,0.5476,-1.6336,-0.0696,0.04136,1349,4.34
15618,2,-0.00741,0.10385,0.3736,-1.6050,-1.0521,0.03219,1352,4.34
15628,2,-0.00465,0.08892,0.3119,-1.5599,-1.2590,-0.02216,1355,4.34
15638,2,-0.00133,0.07234,0.4039,-1.5991,-0.4520,-0.03734,1366,4.34
15648,2,0.00358,0.05576,0.4795,-1.6228,0.3640,0.00899,1373,4.34
15658,2,0.00873,0.04005,0.4167,-1.6019,0.2457,0.05791,1375,4.34
15668,2,0.01190,0.02697,0.2336,-1.4847,-0.6951,0.05399,1381,4.34
15678,2,0.01302,0.01571,0.1533,-1.3412,-0.9293,-0.00765,1349,4.34
15688,2,0.01454,0.00427,0.2464,-1.2620,0.0342,-0.03304,1349,4.34
15698,2,0.01774,-0.00882,0.3315,-1.2808,0.8288,0.01200,1350,4.34
15708,2,0.02130,-0.02103,0.2368,-1.2572,0.3775,0.08079,1357,4.34
15718,2,0.02235,-0.02889,0.0288,-1.0685,-0.7262,0.06086,1364,4.34
15728,2,0.02105,-0.03412,-0.1394,-0.8504,-1.6104,0.02570,1367,4.34
15738,2,0.01903,-0.03936,-0.1612,-0.7198,-1.6226,-0.00147,1373,4.34
15748,2,0.01766,-0.04460,-0.1090,-0.6414,-1.1473,0.00391,1361,4.34
15758,2,0.01662,-0.04887,-0.1261,-0.5558,-1.1591,0.02747,1367,4.35
15768,2,0.01510,-0.05245,-0.1745,-0.4766,-1.4521,0.02626,1371,4.35
15778,2,0.01296,-0.05507,-0.2016,-0.3907,-1.6075,0.00678,1349,4.35
15788,2,0.01101,-0.05847,-0.1633,-0.3705,-1.3990,-0.00458,1353,4.35
15798,2,0.00957,-0.06292,-0.1186,-0.4003,-1.2200,-0.00308,1363,4.35
15808,2,0.00852,-0.06720,-0.0968,-0.4112,-1.1487,0.00424,1369,4.35
15818,2,0.00751,-0.07165,-0.0803,-0.4247,-1.1210,-0.00302,1371,4.35
15828,2,0.00689,-0.07592,-0.0495,-0.4259,-0.9325,0.00061,1355,4.35
15838,2,0.00646,-0.08037,-0.0340,-0.4336,-0.8630,0.00225,1361,4.35
15848,2,0.00612,-0.08552,-0.0346,-0.4661,-0.9640,0.00610,1365,4.35
15858,2,0.00571,-0.08997,-0.0319,-0.4577,-0.9551,0.00131,1369,4.35
15868,2,0.00574,-0.09425,-0.0170,-0.4457,-0.8180,0.01555,1375,4.35
15878,2,0.00569,-0.09870,-0.0377,-0.4454,-0.9810,0.02235,1379,4.35
15888,2,0.00493,-0.10219,-0.0782,-0.4069,-1.2544,0.00571,1383,4.35
15898,2,0.00418,-0.10568,-0.0771,-0.3838,-1.2463,0.00531,1390,4.35
15908,2,0.00356,-0.11004,-0.0718,-0.4048,-1.2942,0.00869,1349,4.35
15918,2,0.00298,-0.11266,-0.0649,-0.3475,-1.1562,0.00609,1352,4.35
15928,2,0.00247,-0.11615,-0.0654,-0.3482,-1.1966,0.00985,1349,4.35
15938,2,0.00179,-0.12052,-0.0644,-0.3834,-1.3117,0.00011,1358,4.35
15948,2,0.00119,-0.12401,-0.0425,-0.3697,-1.1575,-0.00770,1364,4.35
15958,2,0.00098,-0.12924,-0.0005,-0.4313,-0.9912,-0.00921,1365,4.34
15968,2,0.00115,-0.13361,0.0410,-0.4333,-0.6739,-0.01060,1375,4.34
15978,2,0.00177,-0.13972,0.0830,-0.5043,-0.4769,-0.00904,1381,4.34
15988,2,0.00274,-0.14670,0.1198,-0.5818,-0.3125,-0.00853,1349,4.34
15998,2,0.00410,-0.15359,0.1692,-0.6249,0.0482,-0.01261,1349,4.34
16008,2,0.00596,-0.16066,0.1831,-0.6576,0.1928,0.00728,1349,4.34
16018,2,0.00777,-0.16851,0.1565,-0.7087,-0.0122,0.02027,1349,4.34
16028,2,0.00920,-0.17462,0.1171,-0.6696,-0.1402,0.02194,1356,4.34
16038,2,0.01006,-0.17811,0.0548,-0.5413,-0.2805,0.02562,1364,4.34
16048,2,0.01003,-0.18151,-0.0212,-0.4610,-0.6857,0.01953,1369,4.34
16058,2,0.00918,-0.18326,-0.0707,-0.3464,-0.8658,0.00191,1361,4.35
16068,2,0.00824,-0.18509,-0.0766,-0.2812,-0.8286,-0.00037,1383,4.35
16078,2,0.00733,-0.18509,-0.0665,-0.1687,-0.5645,-0.00514,1376,4.35
16088,2,0.00652,-0.18509,-0.0819,-0.1012,-0.5852,0.00699,1349,4.35
16098,2,0.00578,-0.18597,-0.0686,-0.0957,-0.5198,0.00312,1355,4.35
16108,2,0.00483,-0.18509,-0.0649,-0.0225,-0.3915,-0.01049,1362,4.35
16118,2,0.00440,-0.18422,-0.0207,0.0214,0.0127,-0.00635,1372,4.35
16128,2,0.00438,-0.18422,-0.0085,0.0128,0.0852,0.00744,1393,4.35
16138,2,0.00408,-0.18422,-0.0197,0.0077,-0.0293,-0.00091,1359,4.35
16148,2,0.00382,-0.18239,-0.0032,0.0780,0.2339,-0.00777,1359,4.35
16158,2,0.00407,-0.18239,0.0293,0.0468,0.4273,0.00190,1363,4.34
16168,2,0.00460,-0.18239,0.0474,0.0281,0.5568,0.00733,1362,4.34
16178,2,0.00506,-0.18151,0.0394,0.0517,0.5775,0.00823,1374,4.34
16188,2,0.00553,-0.17986,0.0506,0.0973,0.7927,0.00379,1381,4.34
16198,2,0.00612,-0.17986,0.0607,0.0584,0.8216,0.00528,1390,4.34
16208,2,0.00659,-0.17898,0.0543,0.0700,0.8293,0.00324,1349,4.34
16218,2,0.00732,-0.17811,0.0756,0.0769,1.0523,0.00597,1349,4.34
16228,2,0.00829,-0.17811,0.0745,0.0462,1.0384,0.01951,1352,4.34
16238,2,0.00906,-0.17724,0.0676,0.0625,1.0709,0.01372,1354,4.34
16248,2,0.00988,-0.17637,0.0623,0.0724,1.1046,0.01967,1361,4.34
16258,2,0.01060,-0.17637,0.0607,0.0435,1.0751,0.01646,1366,4.35
16268,2,0.01123,-0.17462,0.0580,0.0959,1.2103,0.01360,1368,4.35
16278,2,0.01217,-0.17462,0.0612,0.0575,1.2100,0.02840,1372,4.35
16288,2,0.01284,-0.17279,0.0421,0.1078,1.2185,0.02536,1349,4.35
16298,2,0.01331,-0.17279,0.0203,0.0647,0.9891,0.02687,1349,4.35
16308,2,0.01370,-0.17192,0.0309,0.0738,1.1146,0.01756,1349,4.35
16318,2,0.01428,-0.17192,0.0431,0.0443,1.1797,0.02186,1349,4.35
16328,2,0.01503,-0.17113,0.0336,0.0579,1.1845,0.03544,1352,4.35
16338,2,0.01543,-0.17026,0.0101,0.0697,1.0590,0.03046,1356,4.35
16348,2,0.01551,-0.16938,-0.0010,0.0768,0.9957,0.02009,1367,4.35
16358,2,0.01581,-0.16851,0.0011,0.0809,1.0407,0.03037,1371,4.35
16368,2,0.01606,-0.16851,-0.0042,0.0486,0.9457,0.03079,1370,4.35
16378,2,0.01637,-0.16851,-0.0021,0.0291,0.9386,0.03255,1375,4.35
16388,2,0.01654,-0.16677,-0.0106,0.0872,1.0131,0.03041,1366,4.35
16398,2,0.01644,-0.16677,-0.0324,0.0523,0.7658,0.02793,1349,4.35
16408,2,0.01635,-0.16590,-0.0287,0.0663,0.8196,0.02618,1349,4.35
16418,2,0.01642,-0.16590,-0.0239,0.0398,0.8022,0.03171,1349,4.35
16428,2,0.01628,-0.16502,-0.0409,0.0588,0.7064,0.02950,1353,4.35
16438,2,0.01600,-0.16502,-0.0500,0.0353,0.5691,0.02717,1360,4.35
16448,2,0.01560,-0.16415,-0.0532,0.0560,0.5660,0.02242,1377,4.35
16458,2,0.01554,-0.16502,-0.0287,-0.0012,0.6219,0.02694,1374,4.35
16468,2,0.01518,-0.16502,-0.0495,-0.0007,0.4427,0.02152,1362,4.35
16478,2,0.01460,-0.16415,-0.0612,0.0344,0.3954,0.01657,1370,4.35
16488,2,0.01411,-0.16415,-0.0697,0.0207,0.2694,0.02402,1349,4.35
16498,2,0.01375,-0.16415,-0.0659,0.0124,0.2570,0.02883,1349,4.35
16508,2,0.01334,-0.16415,-0.0574,0.0074,0.2850,0.02174,1356,4.35
16518,2,0.01278,-0.16415,-0.0782,0.0045,0.0860,0.02378,1362,4.35
16528,2,0.01199,-0.16502,-0.0771,-0.0322,-0.0367,0.01088,1367,4.35
16538,2,0.01132,-0.16502,-0.0734,-0.0193,-0.0224,0.01475,1374,4.35
16548,2,0.01054,-0.16502,-0.0819,-0.0116,-0.1190,0.01268,1358,4.35
16558,2,0.00960,-0.16502,-0.0926,-0.0070,-0.2489,0.00879,1365,4.35
16568,2,0.00887,-0.16502,-0.0851,-0.0042,-0.2324,0.01497,1365,4.35
16578,2,0.00800,-0.16502,-0.0899,-0.0025,-0.3204,0.00902,1371,4.35
16588,2,0.00725,-0.16502,-0.0878,-0.0015,-0.3489,0.01406,1375,4.35
16598,2,0.00640,-0.16502,-0.0920,-0.0009,-0.4334,0.00997,1380,4.35
16608,2,0.00564,-0.16502,-0.0755,-0.0005,-0.3560,0.00512,1388,4.35
16618,2,0.00508,-0.16590,-0.0697,-0.0353,-0.4235,0.01189,1393,4.35
16628,2,0.00436,-0.16590,-0.0798,-0.0212,-0.5146,0.00834,1349,4.35
16638,2,0.00348,-0.16677,-0.0739,-0.0476,-0.5841,-0.00336,1349,4.35
16648,2,0.00274,-0.16677,-0.0670,-0.0286,-0.5370,-0.00090,1353,4.35
16658,2,0.00233,-0.16677,-0.0526,-0.0171,-0.4291,0.00825,1358,4.35
16668,2,0.00190,-0.16677,-0.0633,-0.0103,-0.5221,0.01178,1360,4.35
16678,2,0.00139,-0.16677,-0.0585,-0.0062,-0.5088,0.00539,1368,4.35
16688,2,0.00070,-0.16677,-0.0628,-0.0037,-0.5793,-0.00256,1371,4.35
16698,2,0.00027,-0.16677,-0.0463,-0.0022,-0.4782,0.00204,1371,4.35
16708,2,-0.00001,-0.16677,-0.0314,-0.0013,-0.3814,0.00142,1376,4.35
16718,2,-0.00030,-0.16677,-0.0393,-0.0008,-0.4585,0.00521,1349,4.35
16728,2,-0.00095,-0.16677,-0.0436,-0.0005,-0.5313,-0.01186,1349,4.35
16738,2,-0.00112,-0.16764,-0.0159,-0.0351,-0.4088,-0.00168,1349,4.35
16748,2,-0.00109,-0.16851,-0.0016,-0.0560,-0.3444,0.00119,1349,4.35
16758,2,-0.00110,-0.16851,-0.0085,-0.0336,-0.3483,0.00287,1352,4.35
16768,2,-0.00106,-0.16677,-0.0010,0.0496,-0.1066,0.00140,1365,4.35
16778,2,-0.00096,-0.16851,-0.0026,-0.0400,-0.3093,0.00526,1367,4.35
16788,2,-0.00106,-0.16764,0.0000,0.0110,-0.1837,-0.00616,1374,4.35
16798,2,-0.00074,-0.16764,0.0160,0.0066,-0.0525,0.00708,1364,4.35
16808,2,-0.00058,-0.16677,0.0075,0.0387,-0.0357,0.00386,1366,4.35
16818,2,-0.00037,-0.16677,0.0123,0.0232,-0.0199,0.00405,1349,4.35
16828,2,-0.00032,-0.16677,0.0101,0.0139,-0.0535,-0.00317,1350,4.35
16838,2,0.00003,-0.16677,0.0240,0.0084,0.0616,0.00589,1354,4.35
16848,2,0.00047,-0.16677,0.0229,0.0050,0.0737,0.01075,1358,4.35
16858,2,0.00065,-0.16677,0.0064,0.0030,-0.0443,0.00641,1364,4.35
16868,2,0.00108,-0.16677,0.0266,0.0018,0.1338,0.00961,1369,4.35
16878,2,0.00145,-0.16677,0.0133,0.0011,0.0546,0.01314,1375,4.35
16888,2,0.00180,-0.16677,0.0203,0.0007,0.1282,0.00919,1366,4.35
16898,2,0.00213,-0.16677,0.0229,0.0004,0.1686,0.00724,1372,4.35
16908,2,0.00246,-0.16677,0.0117,0.0002,0.1046,0.01315,1349,4.35
16918,2,0.00266,-0.16677,0.0133,0.0001,0.1286,0.00562,1350,4.35
16928,2,0.00270,-0.16677,0.0075,0.0001,0.0872,0.00133,1359,4.35
16938,2,0.00286,-0.16677,0.0144,0.0001,0.1490,0.00323,1360,4.35
16948,2,0.00313,-0.16677,0.0027,0.0000,0.0777,0.01554,1367,4.35
16958,2,0.00328,-0.16677,-0.0010,0.0000,0.0591,0.01143,1374,4.35
16968,2,0.00370,-0.16677,0.0064,0.0000,0.1419,0.02142,1382,4.35
16978,2,0.00388,-0.16677,-0.0032,0.0000,0.0808,0.01452,1389,4.35
16988,2,0.00378,-0.16677,-0.0032,0.0000,0.0743,0.00018,1349,4.35
16998,2,0.00387,-0.16677,-0.0048,0.0000,0.0680,0.01085,1352,4.35
17008,2,0.00392,-0.16677,-0.0079,0.0000,0.0468,0.01029,1358,4.35
17018,2,0.00398,-0.16677,-0.0117,0.0000,0.0226,0.01292,1364,4.35
17028,2,0.00414,-0.16677,-0.0021,0.0000,0.1050,0.01304,1371,4.35
17038,2,0.00409,-0.16677,-0.0095,0.0000,0.0457,0.00657,1379,4.35
17048,2,0.00384,-0.16677,-0.0308,0.0000,-0.1312,0.00675,1356,4.35
17058,2,0.00390,-0.16677,-0.0010,0.0000,0.0980,0.00731,1361,4.35
17068,2,0.00397,-0.16677,-0.0324,0.0000,-0.1356,0.02344,1370,4.35
17078,2,0.00362,-0.16764,-0.0356,-0.0348,-0.2581,0.00415,1371,4.35
17088,2,0.00366,-0.16677,-0.0133,0.0139,0.0206,0.01235,1372,4.35
17098,2,0.00369,-0.16764,-0.0239,-0.0264,-0.1466,0.01728,1359,4.35
17108,2,0.00321,-0.16677,-0.0393,0.0189,-0.1944,-0.00134,1364,4.35
17118,2,0.00326,-0.16677,-0.0101,0.0114,0.0138,0.01075,1371,4.35
17128,2,0.00324,-0.16677,-0.0266,0.0068,-0.1221,0.01567,1351,4.35
17138,2,0.00297,-0.16677,-0.0271,0.0041,-0.1490,0.00313,1357,4.35
17148,2,0.00288,-0.16764,-0.0095,-0.0323,-0.1023,0.00282,1359,4.35
17158,2,0.00287,-0.16851,-0.0175,-0.0543,-0.2121,0.01108,1364,4.35
17168,2,0.00263,-0.16764,-0.0298,0.0023,-0.1954,0.00563,1368,4.35
17178,2,0.00266,-0.16851,-0.0053,-0.0335,-0.0870,0.00697,1374,4.35
17188,2,0.00255,-0.16764,-0.0170,0.0148,-0.0764,0.00550,1380,4.35
17198,2,0.00243,-0.16851,-0.0021,-0.0261,-0.0614,-0.00278,1385,4.35
17208,2,0.00235,-0.16677,-0.0037,0.0541,0.0980,0.00039,1387,4.35
17218,2,0.00228,-0.16764,-0.0079,-0.0023,-0.0622,0.00292,1350,4.35
17228,2,0.00194,-0.16764,-0.0234,-0.0014,-0.1985,-0.00337,1356,4.35
17238,2,0.00199,-0.16764,-0.0053,-0.0008,-0.0574,0.00689,1363,4.35
17248,2,0.00207,-0.16851,-0.0095,-0.0354,-0.1605,0.01108,1361,4.35
17258,2,0.00208,-0.16764,-0.0101,0.0137,-0.0560,0.00766,1378,4.35
17268,2,0.00205,-0.16851,-0.0069,-0.0267,-0.1229,0.00372,1384,4.35
17278,2,0.00208,-0.16851,-0.0053,-0.0160,-0.0856,0.00627,1386,4.35
17288,2,0.00222,-0.16764,-0.0021,0.0253,0.0384,0.01029,1349,4.35
17298,2,0.00234,-0.16851,-0.0021,-0.0198,-0.0527,0.00963,1349,4.35
17308,2,0.00244,-0.16764,-0.0010,0.0231,0.0556,0.00776,1354,4.35
17318,2,0.00260,-0.16764,-0.0042,0.0139,0.0210,0.01246,1362,4.35
17328,2,0.00250,-0.16764,-0.0048,0.0083,-0.0013,-0.00001,1368,4.35
17338,2,0.00258,-0.16851,-0.0048,-0.0300,-0.0806,0.00883,1375,4.35
17348,2,0.00250,-0.16851,-0.0037,-0.0180,-0.0512,0.00048,1381,4.35
17358,2,0.00265,-0.16851,-0.0016,-0.0108,-0.0099,0.01097,1389,4.35
17368,2,0.00259,-0.16851,-0.0053,-0.0065,-0.0326,0.00219,1370,4.35
17378,2,0.00255,-0.16764,-0.0037,0.0311,0.0597,0.00249,1393,4.35
17388,2,0.00260,-0.16851,-0.0106,-0.0163,-0.0934,0.01052,1355,4.35
17398,2,0.00258,-0.16851,0.0000,-0.0098,0.0000,0.00149,1362,4.35
17408,2,0.00256,-0.16851,-0.0058,-0.0059,-0.0369,0.00454,1364,4.35
17418,2,0.00267,-0.16851,-0.0074,-0.0035,-0.0373,0.01156,1367,4.35
17428,2,0.00282,-0.16764,0.0038,0.0328,0.1368,0.00850,1349,4.35
17438,2,0.00285,-0.16764,-0.0117,0.0197,-0.0064,0.01051,1358,4.35
17448,2,0.00287,-0.16764,0.0000,0.0118,0.0660,0.00353,1364,4.35
17458,2,0.00286,-0.16764,-0.0053,0.0071,0.0150,0.00519,1369,4.35
17468,2,0.00289,-0.16764,-0.0048,0.0043,0.0144,0.00651,1353,4.35
17478,2,0.00497,-0.16764,-0.0074,0.0026,0.1220,0.11288,1361,4.35
17488,2,0.00801,-0.16319,-0.5709,0.1795,-3.5631,0.44557,1372,4.35
17498,2,0.00310,-0.15804,-1.0126,0.3136,-6.9205,0.26359,1370,4.35
17508,2,-0.00406,-0.15804,-1.1674,0.1882,-8.8179,0.22202,1378,4.35
17518,2,-0.01252,-0.16502,-1.1983,-0.1663,-10.3648,0.16326,1362,4.35
17528,2,-0.02089,-0.18073,-1.1147,-0.7281,-11.4984,0.11809,1369,4.35
17538,2,-0.02914,-0.20508,-0.9056,-1.4107,-11.9445,0.01137,1351,4.35
17548,2,-0.03627,-0.23920,-0.4459,-2.2113,-10.6882,-0.17014,1358,4.35
17558,2,-0.03578,-0.28807,0.4640,-3.2816,-6.1429,-0.24328,1363,4.29
17568,2,-0.02419,-0.35439,1.3032,-4.6219,-2.0366,-0.09615,1366,4.29
17578,2,-0.01170,-0.42063,1.1850,-5.4225,-3.9447,0.02024,1375,4.29
17588,2,-0.00219,-0.48354,1.1382,-5.7702,-4.5103,-0.09571,1383,4.29
17598,2,0.00963,-0.55597,1.3266,-6.3594,-3.6841,-0.06267,1390,4.29
17608,2,0.02324,-0.62134,1.4421,-6.4302,-2.1605,-0.01743,1397,4.29
17618,2,0.03706,-0.68775,1.3793,-6.5145,-2.0039,0.03832,1376,4.29
17628,2,0.05055,-0.75494,1.2941,-6.5965,-2.0327,0.07810,1355,4.29
17638,2,0.06132,-0.81167,1.1228,-6.2268,-1.8916,0.03870,1361,4.29
17648,2,0.07136,-0.87101,1.0749,-6.1098,-1.4157,0.03566,1365,4.29
17658,2,0.08105,-0.92948,0.9137,-6.0046,-1.8447,0.10886,1367,4.33
17668,2,0.08821,-0.98175,0.8647,-5.6937,-1.1296,0.01383,1354,4.33
17678,2,0.09673,-1.03507,0.9589,-5.5490,0.3917,0.04321,1357,4.33
17688,2,0.10558,-1.09092,0.8120,-5.5634,-0.2402,0.14221,1368,4.33
17698,2,0.11133,-1.13804,0.5774,-5.2230,-0.9519,0.10976,1375,4.33
17708,2,0.11476,-1.17819,0.4055,-4.7395,-1.0163,0.08350,1354,4.33
17718,2,0.11718,-1.21920,0.3385,-4.4843,-0.8490,0.06902,1360,4.33
17728,2,0.12010,-1.25934,0.3677,-4.2963,-0.0669,0.08232,1361,4.33
17738,2,0.12284,-1.29251,0.1347,-3.9042,-0.8318,0.19235,1364,4.33
17748,2,0.12109,-1.31869,-0.1452,-3.3898,-1.9612,0.10642,1367,4.33
17758,2,0.11824,-1.34399,-0.1995,-3.0461,-1.8238,0.07558,1377,4.34
17768,2,0.11529,-1.36843,-0.1516,-2.8051,-1.1421,0.04364,1384,4.34
17778,2,0.11369,-1.39461,-0.0840,-2.7303,-0.5904,0.07562,1386,4.34
17788,2,0.11229,-1.41730,-0.1995,-2.5457,-1.1694,0.14213,1351,4.34
17798,2,0.10790,-1.43562,-0.4278,-2.2604,-2.5680,0.10242,1358,4.34
17808,2,0.10141,-1.45133,-0.5017,-1.9846,-2.9499,0.02731,1364,4.34
17818,2,0.09610,-1.46791,-0.3421,-1.8539,-1.8046,0.00202,1364,4.34
17828,2,0.09273,-1.48536,-0.1984,-1.8105,-0.8496,0.02333,1372,4.34
17838,2,0.09069,-1.50107,-0.1181,-1.7147,-0.1739,0.04797,1354,4.34
17848,2,0.08931,-1.51591,-0.1208,-1.6221,-0.0921,0.08039,1365,4.34
17858,2,0.08726,-1.53074,-0.2032,-1.5667,-0.7376,0.08635,1370,4.35
17868,2,0.08422,-1.54296,-0.2415,-1.4288,-0.9287,0.05315,1372,4.35
17878,2,0.08137,-1.55605,-0.2117,-1.3809,-0.7897,0.04453,1377,4.35
17888,2,0.07881,-1.56827,-0.2229,-1.3172,-0.9070,0.06252,1383,4.35
17898,2,0.07602,-1.57874,-0.2469,-1.2092,-1.0374,0.06009,1388,4.35
17908,2,0.07298,-1.58921,-0.2692,-1.1444,-1.2666,0.05515,1392,4.35
17918,2,0.06969,-1.59794,-0.2474,-1.0358,-1.0790,0.02919,1349,4.35
17928,2,0.06678,-1.60754,-0.2086,-1.0054,-0.9104,0.02543,1354,4.35
17938,2,0.06490,-1.61626,-0.1181,-0.9523,-0.2355,0.03008,1362,4.35
17948,2,0.06394,-1.62499,-0.0888,-0.9204,-0.0126,0.06009,1369,4.35
17958,2,0.06260,-1.63110,-0.1867,-0.7966,-0.5735,0.08909,1375,4.35
17968,2,0.05944,-1.63372,-0.3240,-0.5827,-1.3483,0.06329,1380,4.35
17978,2,0.05511,-1.63459,-0.3831,-0.3846,-1.6369,0.03053,1349,4.35
17988,2,0.05084,-1.63634,-0.3655,-0.3006,-1.5918,0.01994,1350,4.35
17998,2,0.04716,-1.63634,-0.3267,-0.1803,-1.2675,0.02664,1349,4.35
18008,2,0.04395,-1.63721,-0.3022,-0.1431,-1.2044,0.03437,1351,4.35
18018,2,0.04056,-1.63721,-0.3224,-0.0858,-1.4465,0.03235,1357,4.35
18028,2,0.03738,-1.63721,-0.2761,-0.0515,-1.2217,0.01641,1359,4.35
18038,2,0.03484,-1.63721,-0.2298,-0.0309,-0.9865,0.02278,1366,4.35
18048,2,0.03241,-1.63721,-0.2171,-0.0185,-1.0165,0.01918,1371,4.35
18058,2,0.02999,-1.63721,-0.1942,-0.0111,-0.9793,0.00646,1381,4.35
18068,2,0.02824,-1.63721,-0.1548,-0.0067,-0.7822,0.01791,1349,4.35
18078,2,0.02671,-1.63634,-0.1346,0.0309,-0.6426,0.01780,1352,4.35
18088,2,0.02553,-1.63634,-0.1064,0.0185,-0.5309,0.01941,1349,4.35
18098,2,0.02451,-1.63459,-0.0894,0.0809,-0.3288,0.01816,1356,4.35
18108,2,0.02377,-1.63459,-0.0771,0.0486,-0.3532,0.02544,1359,4.35
18118,2,0.02292,-1.63372,-0.0580,0.0641,-0.2270,0.00964,1367,4.35
18128,2,0.02252,-1.63284,-0.0292,0.0733,-0.0142,0.01680,1375,4.35
18138,2,0.02220,-1.63284,-0.0079,0.0440,0.0628,0.01017,1384,4.35
18148,2,0.02233,-1.63284,0.0192,0.0264,0.2385,0.01953,1386,4.35
18158,2,0.02275,-1.63197,0.0368,0.0508,0.4517,0.02524,1372,4.35
18168,2,0.02314,-1.63110,0.0405,0.0654,0.5374,0.02258,1352,4.35
18178,2,0.02370,-1.62935,0.0554,0.1091,0.7817,0.02359,1359,4.35
18188,2,0.02418,-1.62848,0.0506,0.1003,0.7578,0.02328,1371,4.35
18198,2,0.02463,-1.62673,0.0453,0.1301,0.8120,0.02422,1392,4.35
18208,2,0.02515,-1.62412,0.0580,0.1826,1.0587,0.02247,1351,4.35
18218,2,0.02605,-1.62237,0.0751,0.1795,1.2386,0.03322,1357,4.35
18228,2,0.02688,-1.62063,0.0783,0.1775,1.3126,0.02949,1358,4.35
18238,2,0.02754,-1.61801,0.0623,0.2112,1.3091,0.02933,1366,4.35
18248,2,0.02826,-1.61539,0.0793,0.2314,1.5294,0.02440,1370,4.35
18258,2,0.02919,-1.61277,0.0841,0.2435,1.6532,0.03381,1375,4.34
18268,2,0.03009,-1.60928,0.0761,0.2858,1.7446,0.03698,1386,4.34
18278,2,0.03092,-1.60579,0.0532,0.3111,1.6817,0.04569,1349,4.34
18288,2,0.03161,-1.60143,0.0469,0.3612,1.7901,0.04290,1349,4.34
18298,2,0.03200,-1.59619,0.0085,0.4262,1.6704,0.04702,1358,4.34
18308,2,0.03211,-1.59183,-0.0212,0.4303,1.4643,0.04821,1364,4.34
18318,2,0.03188,-1.58485,-0.0287,0.5373,1.6330,0.03491,1368,4.34
18328,2,0.03196,-1.57961,-0.0409,0.5319,1.5381,0.05658,1375,4.34
18338,2,0.03149,-1.57350,-0.0665,0.5634,1.3885,0.04087,1362,4.34
18348,2,0.03106,-1.56652,-0.0580,0.6174,1.5497,0.03879,1389,4.34
18358,2,0.03075,-1.55954,-0.0659,0.6497,1.5457,0.04798,1373,4.34
18368,2,0.03029,-1.55169,-0.1027,0.7039,1.3636,0.05867,1349,4.34
18378,2,0.02913,-1.54296,-0.1537,0.7715,1.0581,0.04785,1351,4.34
18388,2,0.02776,-1.53423,-0.1532,0.8119,1.0716,0.03613,1354,4.34
18398,2,0.02652,-1.52463,-0.1553,0.8711,1.1144,0.04208,1365,4.34
18408,2,0.02499,-1.51591,-0.1756,0.8718,0.8733,0.03611,1369,4.34
18418,2,0.02343,-1.50718,-0.1798,0.8721,0.7510,0.03554,1376,4.34
18428,2,0.02195,-1.49845,-0.1665,0.8723,0.7662,0.03133,1363,4.34
18438,2,0.02081,-1.49060,-0.1410,0.8375,0.8184,0.03433,1369,4.34
18448,2,0.01966,-1.48274,-0.1553,0.8168,0.5982,0.03969,1350,4.34
18458,2,0.01834,-1.47489,-0.1724,0.8042,0.3648,0.03827,1382,4.34
18468,2,0.01663,-1.46617,-0.2272,0.8315,-0.0910,0.04473,1392,4.34
18478,2,0.01445,-1.45656,-0.2612,0.8830,-0.3659,0.03622,1399,4.34
18488,2,0.01200,-1.44697,-0.2921,0.9137,-0.6791,0.03557,1349,4.34
18498,2,0.00923,-1.43911,-0.2809,0.8624,-0.8747,0.01101,1354,4.34
18508,2,0.00681,-1.43213,-0.2032,0.7966,-0.5768,-0.01256,1362,4.34
18518,2,0.00587,-1.42777,-0.0638,0.6525,0.1091,-0.00915,1368,4.34
18528,2,0.00625,-1.42428,0.0112,0.5312,0.4394,0.01953,1372,4.34
18538,2,0.00682,-1.42079,0.0304,0.4583,0.4647,0.02035,1382,4.34
18548,2,0.00748,-1.41817,0.0288,0.3797,0.3251,0.02632,1382,4.34
18558,2,0.00806,-1.41642,0.0346,0.2976,0.2286,0.01974,1350,4.34
18568,2,0.00871,-1.41381,0.0421,0.2833,0.2971,0.02022,1349,4.34
18578,2,0.00945,-1.41119,0.0506,0.2747,0.3917,0.02116,1353,4.34
18588,2,0.01039,-1.40857,0.0501,0.2696,0.4374,0.03194,1355,4.34
18598,2,0.01095,-1.40595,-0.0074,0.2664,0.0329,0.04280,1361,4.34
18608,2,0.01101,-1.40246,-0.0228,0.2995,-0.0048,0.02547,1367,4.34
18618,2,0.01093,-1.39897,-0.0431,0.3193,-0.1170,0.02836,1373,4.34
18628,2,0.01065,-1.39548,-0.0542,0.3313,-0.1899,0.02402,1378,4.34
18638,2,0.01028,-1.39199,-0.0596,0.3383,-0.2356,0.02127,1350,4.34
18648,2,0.00957,-1.38675,-0.0867,0.4125,-0.3198,0.01737,1349,4.34
18658,2,0.00879,-1.38239,-0.0686,0.4220,-0.2075,0.00418,1349,4.34
18668,2,0.00857,-1.37890,-0.0282,0.3928,0.0240,0.01155,1353,4.34
18678,2,0.00847,-1.37628,-0.0074,0.3404,0.0633,0.00755,1361,4.34
18688,2,0.00866,-1.37366,0.0160,0.3090,0.1858,0.00985,1371,4.34
18698,2,0.00897,-1.37105,0.0261,0.2900,0.2426,0.01133,1380,4.34
18708,2,0.00963,-1.36930,0.0580,0.2439,0.4274,0.01406,1389,4.34
18718,2,0.01030,-1.36843,0.0623,0.1812,0.3660,0.01269,1365,4.34
18728,2,0.01106,-1.36581,0.0559,0.2135,0.4376,0.02069,1369,4.34
18738,2,0.01189,-1.36406,0.0607,0.1979,0.4942,0.02340,1358,4.34
18748,2,0.01258,-1.36232,0.0437,0.1885,0.3899,0.02524,1365,4.34
18758,2,0.01299,-1.35883,0.0277,0.2527,0.4379,0.01967,1372,4.34
18768,2,0.01391,-1.35708,0.0245,0.2215,0.4047,0.04744,1353,4.34
18778,2,-0.00104,-1.33090,-2.8957,1.1801,-20.5370,0.69942,1359,4.34
18788,2,-0.02946,-1.30996,-3.1187,1.5458,-23.2033,0.10881,1367,4.34
18798,2,-0.04885,-1.31432,-1.8565,0.7530,-16.6024,-0.09002,1374,4.34
18808,2,-0.05874,-1.34574,-1.0232,-0.8049,-14.3411,-0.04192,1377,4.34
18818,2,-0.06296,-1.40071,-0.1788,-2.6820,-12.3531,-0.18446,1384,4.34
18828,2,-0.05954,-1.46791,0.6615,-4.2970,-9.3539,-0.21917,1368,4.34
18838,2,-0.04764,-1.54732,1.4814,-5.7548,-5.6404,-0.19344,1374,4.34
18848,2,-0.02890,-1.64070,1.9098,-7.1878,-4.4186,-0.04688,1349,4.34
18858,2,-0.01004,-1.72360,1.8864,-7.6288,-4.4370,-0.00999,1357,4.28
18868,2,0.00870,-1.81087,1.8630,-8.0680,-4.4631,0.01418,1362,4.28
18878,2,0.02549,-1.88941,1.7438,-7.9824,-4.1857,-0.00686,1362,4.28
18888,2,0.04366,-1.97405,1.8246,-8.1753,-2.9186,0.03994,1368,4.28
18898,2,0.06051,-2.05172,1.8007,-8.0119,-1.7464,0.00220,1374,4.28
18908,2,0.07995,-2.13637,1.9337,-8.1931,0.0212,0.08509,1378,4.28
18918,2,0.09943,-2.21317,1.7746,-7.9877,0.4290,0.18615,1349,4.28
18928,2,0.11427,-2.28298,1.3069,-7.5851,-1.3567,0.20304,1349,4.28
18938,2,0.12604,-2.34843,1.0494,-7.1690,-1.7120,0.18963,1351,4.28
18948,2,0.13440,-2.40602,0.9105,-6.6053,-1.0548,0.09746,1359,4.28
18958,2,0.14349,-2.46799,0.9211,-6.4416,-0.0957,0.13751,1365,4.33
18968,2,0.14994,-2.52383,0.6764,-6.0989,-0.8417,0.13434,1373,4.33
18978,2,0.15484,-2.57445,0.6716,-5.6840,0.2935,0.06400,1377,4.33
18988,2,0.16244,-2.62943,0.7136,-5.6095,1.2072,0.18543,1350,4.33
18998,2,0.16790,-2.68004,0.4390,-5.3903,-0.0917,0.22149,1349,4.33
19008,2,0.16981,-2.71844,0.1166,-4.7701,-1.0926,0.20687,1349,4.33
19018,2,0.16867,-2.75335,-0.0808,-4.2583,-1.5727,0.15200,1360,4.33
19028,2,0.16574,-2.78738,-0.1676,-3.9163,-1.6969,0.10321,1368,4.33
19038,2,0.16327,-2.82228,-0.1410,-3.7460,-1.3095,0.11010,1369,4.33
19048,2,0.16111,-2.85196,-0.2671,-3.4345,-1.7464,0.18658,1374,4.33
19058,2,0.15625,-2.87552,-0.4602,-3.0032,-2.5945,0.14354,1381,4.34
19068,2,0.15007,-2.89734,-0.4783,-2.6746,-2.4232,0.08011,1349,4.34
19078,2,0.14486,-2.91915,-0.3799,-2.4774,-1.5948,0.07445,1350,4.34
19088,2,0.14056,-2.94097,-0.3565,-2.3591,-1.4488,0.10408,1349,4.34
19098,2,0.13572,-2.96191,-0.4299,-2.2532,-2.0968,0.10867,1352,4.34
19108,2,0.13016,-2.98111,-0.4773,-2.1199,-2.5324,0.09035,1359,4.34
19118,2,0.12445,-2.99857,-0.4672,-1.9701,-2.5039,0.07270,1371,4.34
19128,2,0.11930,-3.01602,-0.4262,-1.8802,-2.3370,0.07492,1377,4.34
19138,2,0.11453,-3.02998,-0.3730,-1.6866,-1.8244,0.06273,1380,4.34
19148,2,0.11076,-3.04569,-0.2687,-1.6403,-1.1850,0.05651,1349,4.34
19158,2,0.10782,-3.05965,-0.1974,-1.5427,-0.6293,0.05959,1349,4.35
19168,2,0.10576,-3.07274,-0.1649,-1.4492,-0.3210,0.08492,1349,4.35
19178,2,0.10349,-3.08321,-0.2314,-1.2884,-0.6255,0.10606,1349,4.35
19188,2,0.10019,-3.09281,-0.3267,-1.1570,-1.2765,0.09853,1359,4.35
19198,2,0.09576,-3.09979,-0.3857,-0.9734,-1.6094,0.06665,1361,4.35
19208,2,0.09133,-3.10678,-0.3613,-0.8634,-1.4692,0.05069,1368,4.35
19218,2,0.08733,-3.11376,-0.3134,-0.7973,-1.2206,0.04401,1375,4.35
19228,2,0.08407,-3.11986,-0.2687,-0.7227,-0.9301,0.05554,1379,4.35
19238,2,0.08103,-3.12510,-0.2628,-0.6431,-0.9085,0.06043,1349,4.35
19248,2,0.07808,-3.12947,-0.2697,-0.5604,-0.9705,0.06542,1349,4.35
19258,2,0.07500,-3.13208,-0.2692,-0.4408,-0.9022,0.05559,1349,4.35
19268,2,0.07193,-3.13470,-0.2825,-0.3693,-1.0426,0.05980,1356,4.35
19278,2,0.06886,-3.13557,-0.2666,-0.2565,-0.8706,0.04838,1365,4.35
19288,2,0.06614,-3.13557,-0.2298,-0.1539,-0.5402,0.04525,1371,4.35
19298,2,0.06363,-3.13557,-0.2298,-0.0923,-0.5646,0.05281,1374,4.35
19308,2,0.06088,-3.13383,-0.2266,0.0144,-0.4796,0.03680,1349,4.35
19318,2,0.05873,-3.13383,-0.1761,0.0086,-0.2447,0.03954,1349,4.35
19328,2,0.05705,-3.13121,-0.1394,0.1099,0.1499,0.04249,1349,4.35
19338,2,0.05589,-3.13034,-0.1106,0.1009,0.2757,0.05341,1350,4.35
19348,2,0.05488,-3.12685,-0.0947,0.2001,0.5519,0.05148,1356,4.35
19358,2,0.05410,-3.12335,-0.0846,0.2598,0.7125,0.05757,1369,4.35
19368,2,0.05328,-3.11986,-0.0888,0.2955,0.7095,0.05685,1377,4.35
19378,2,0.05208,-3.11463,-0.1149,0.3867,0.6393,0.04917,1377,4.35
19388,2,0.05110,-3.10852,-0.0957,0.4764,0.9234,0.05011,1349,4.35
19398,2,0.04985,-3.10328,-0.1309,0.4952,0.6237,0.05257,1352,4.35
19408,2,0.04839,-3.09543,-0.1623,0.6114,0.5543,0.05683,1352,4.35
19418,2,0.04686,-3.08845,-0.1686,0.6461,0.4908,0.05461,1352,4.35
19428,2,0.04531,-3.07972,-0.1591,0.7367,0.6706,0.04737,1358,4.35
19438,2,0.04405,-3.07361,-0.1271,0.6864,0.7285,0.04480,1362,4.35
19448,2,0.04298,-3.06489,-0.0931,0.7609,1.0883,0.03579,1374,4.35
19458,2,0.04236,-3.05878,-0.0500,0.7009,1.2501,0.03656,1381,4.34
19468,2,0.04237,-3.05092,-0.0064,0.7346,1.6612,0.04597,1367,4.34
19478,2,0.04291,-3.04307,-0.0048,0.7550,1.7583,0.07229,1349,4.34
19488,2,0.04274,-3.03347,-0.1186,0.8369,1.0717,0.09321,1350,4.34
19498,2,0.04100,-3.02125,-0.2570,0.9909,0.2607,0.08266,1354,4.34
19508,2,0.03814,-3.00554,-0.3437,1.2229,-0.0572,0.06711,1360,4.34
19518,2,0.03473,-2.98984,-0.3251,1.3620,0.1853,0.02677,1369,4.34
19528,2,0.03219,-2.97500,-0.2336,1.4107,0.8366,0.02190,1373,4.34
19538,2,0.03060,-2.96104,-0.2064,1.4048,0.9406,0.05424,1361,4.34
19548,2,0.02856,-2.94533,-0.2942,1.4712,0.3055,0.07394,1365,4.34
19558,2,0.02539,-2.92962,-0.3778,1.5111,-0.4271,0.05557,1372,4.34
19568,2,0.02156,-2.91304,-0.3708,1.5698,-0.4745,0.01541,1349,4.34
19578,2,0.01854,-2.89908,-0.2681,1.5004,-0.0268,0.00180,1355,4.34
19588,2,0.01662,-2.88512,-0.2123,1.4587,0.1955,0.02642,1361,4.34
19598,2,0.01523,-2.87203,-0.2107,1.3988,0.0004,0.05116,1364,4.34
19608,2,0.01304,-2.85719,-0.3272,1.4328,-0.9337,0.06705,1375,4.34
19618,2,0.00895,-2.84061,-0.3799,1.5228,-1.3799,-0.00521,1357,4.34
19628,2,0.00581,-2.82665,-0.1750,1.4722,-0.1256,-0.06384,1366,4.34
19638,2,0.00602,-2.81705,0.0431,1.2673,1.1006,-0.00500,1372,4.34
19648,2,0.00746,-2.80745,0.0655,1.1444,1.1006,0.04651,1366,4.34
19658,2,0.00800,-2.79610,-0.0314,1.1404,0.4027,0.05098,1370,4.35
19668,2,0.00753,-2.78389,-0.0628,1.1729,0.2160,0.01509,1375,4.35
19678,2,0.00760,-2.77254,0.0123,1.1576,0.7649,0.00527,1381,4.35
19688,2,0.00871,-2.76382,0.0788,1.0436,1.0971,0.02460,1387,4.35
19698,2,0.01037,-2.75509,0.0836,0.9752,1.0963,0.05159,1391,4.35
19708,2,0.01171,-2.74549,0.0389,0.9690,0.8373,0.05950,1349,4.35
19718,2,0.01217,-2.73502,-0.0303,1.0004,0.4199,0.05038,1351,4.35
19728,2,0.01206,-2.72367,-0.0808,1.0540,0.1564,0.04688,1359,4.35
19738,2,0.01138,-2.71320,-0.1458,1.0513,-0.3752,0.05011,1364,4.35
19748,2,0.00991,-2.70273,-0.1777,1.0496,-0.7044,0.02533,1363,4.35
19758,2,0.00822,-2.69226,-0.1255,1.0486,-0.4096,-0.01354,1368,4.35
19768,2,0.00813,-2.68528,0.0378,0.9085,0.5218,-0.01532,1378,4.35
19778,2,0.00973,-2.68004,0.1613,0.7544,1.2259,0.00909,1386,4.35
19788,2,0.01197,-2.67568,0.1974,0.6272,1.3672,0.02506,1349,4.35
19798,2,0.01432,-2.67132,0.2028,0.5508,1.3934,0.03086,1349,4.35
19808,2,0.01659,-2.66695,0.1937,0.5051,1.3718,0.03309,1357,4.35
19818,2,0.01890,-2.66171,0.1836,0.5125,1.4616,0.04250,1363,4.35
19828,2,0.02092,-2.65648,0.1980,0.5169,1.7118,0.02285,1367,4.35
19838,2,0.02297,-2.65124,0.1868,0.5196,1.7669,0.03228,1375,4.35
19848,2,0.02487,-2.64601,0.1645,0.5212,1.7253,0.03749,1349,4.35
19858,2,0.02698,-2.64164,0.1852,0.4873,1.9455,0.04010,1357,4.34
19868,2,0.02929,-2.63554,0.1708,0.5367,2.0951,0.05923,1363,4.34
19878,2,0.03149,-2.62943,0.1543,0.5664,2.1792,0.06453,1365,4.34
19888,2,0.03308,-2.62245,0.0926,0.6191,1.9328,0.06612,1375,4.34
19898,2,0.03412,-2.61546,0.0564,0.6507,1.7990,0.05758,1381,4.34
19908,2,0.03455,-2.60674,0.0064,0.7395,1.6487,0.05314,1349,4.34
19918,2,0.03477,-2.59801,-0.0016,0.7927,1.7253,0.04632,1349,4.34
19928,2,0.03503,-2.59016,0.0027,0.7898,1.7744,0.04686,1353,4.34
19938,2,0.03512,-2.58318,-0.0101,0.7531,1.6089,0.04438,1360,4.34
19948,2,0.03507,-2.57532,-0.0191,0.7660,1.5719,0.04211,1369,4.34
19958,2,0.03493,-2.56834,-0.0287,0.7389,1.4374,0.04234,1382,4.34
19968,2,0.03472,-2.56136,-0.0244,0.7226,1.4270,0.03670,1356,4.34
19978,2,0.03474,-2.55438,-0.0048,0.7129,1.5621,0.03817,1360,4.34
19988,2,0.03545,-2.54740,0.0266,0.7070,1.8374,0.05752,1367,4.34
19998,2,0.03594,-2.54129,-0.0212,0.6685,1.4270,0.07101,1370,4.34
20008,2,0.03569,-2.53343,-0.0718,0.7152,1.1371,0.05922,1369,4.34
20018,2,0.03491,-2.52645,-0.1032,0.7084,0.8409,0.04737,1377,4.34
20028,2,0.03377,-2.51860,-0.1239,0.7392,0.6861,0.03903,1381,4.34
20038,2,0.03249,-2.51074,-0.1224,0.7577,0.6641,0.02949,1385,4.34
20048,2,0.03136,-2.50202,-0.1186,0.8037,0.7282,0.03388,1349,4.34
20058,2,0.03023,-2.49242,-0.1553,0.8661,0.5236,0.05175,1353,4.34
20068,2,0.02878,-2.48282,-0.1979,0.9037,0.1995,0.05488,1350,4.34
20078,2,0.02675,-2.47147,-0.2495,0.9960,-0.1085,0.05005,1355,4.34
20088,2,0.02429,-2.46013,-0.2830,1.0514,-0.3868,0.04315,1359,4.34
20098,2,0.02152,-2.44791,-0.2830,1.1195,-0.4029,0.02442,1366,4.34
20108,2,0.01868,-2.43744,-0.2767,1.0906,-0.5882,0.01497,1369,4.34
20118,2,0.01603,-2.42697,-0.2330,1.0732,-0.4541,-0.00001,1376,4.34
20128,2,0.01423,-2.41737,-0.1468,1.0279,-0.0055,-0.00220,1384,4.34
20138,2,0.01364,-2.41039,-0.0792,0.8961,0.1875,0.02391,1349,4.34
20148,2,0.01327,-2.40341,-0.0526,0.8169,0.1983,0.02075,1350,4.34
20158,2,0.01311,-2.39817,-0.0292,0.6995,0.1144,0.01997,1353,4.34
20168,2,0.01329,-2.39119,-0.0207,0.6990,0.1945,0.03244,1356,4.34
20178,2,0.01322,-2.38508,-0.0463,0.6637,-0.0750,0.03279,1365,4.34
20188,2,0.01279,-2.37984,-0.0686,0.6077,-0.3888,0.02594,1375,4.34
20198,2,0.01229,-2.37374,-0.0425,0.6090,-0.2149,0.00856,1360,4.34
20208,2,0.01245,-2.36937,0.0016,0.5399,-0.0178,0.01938,1364,4.34
20218,2,0.01258,-2.36501,-0.0111,0.4985,-0.1925,0.02494,1369,4.34
20228,2,0.01271,-2.36065,-0.0159,0.4736,-0.2715,0.02682,1370,4.34
20238,2,0.01264,-2.35541,-0.0500,0.4936,-0.4858,0.03416,1371,4.34
20248,2,0.01238,-2.35105,-0.0606,0.4707,-0.6291,0.02966,1383,4.34
20258,2,0.01187,-2.34668,-0.0787,0.4569,-0.8244,0.02593,1388,4.35
20268,2,0.01141,-2.34145,-0.0761,0.4836,-0.7710,0.02622,1385,4.35
20278,2,0.01076,-2.33708,-0.0824,0.4647,-0.8978,0.01957,1349,4.35
20288,2,0.01015,-2.33272,-0.0734,0.4533,-0.8887,0.01655,1349,4.35
20298,2,0.00966,-2.32923,-0.0505,0.4117,-0.8342,0.01044,1349,4.35
20308,2,0.00964,-2.32748,0.0048,0.3168,-0.6218,0.00627,1355,4.35
20318,2,0.00988,-2.32487,0.0213,0.2948,-0.5275,0.01121,1359,4.35
20328,2,0.01056,-2.32399,0.0538,0.2118,-0.4192,0.01768,1359,4.35
20338,2,0.01139,-2.32225,0.0772,0.1968,-0.2208,0.01428,1365,4.35
20348,2,0.01271,-2.32138,0.1097,0.1530,0.0136,0.02392,1371,4.35
20358,2,0.01395,-2.32138,0.0926,0.0918,-0.1709,0.02941,1377,4.35
20368,2,0.01468,-2.32138,0.0809,0.0551,-0.2933,0.01097,1349,4.35
20378,2,0.01568,-2.32050,0.0809,0.0680,-0.2016,0.02497,1349,4.35
20388,2,0.01704,-2.32138,0.1182,0.0059,0.0302,0.02613,1349,4.35
20398,2,0.01278,-2.33010,0.9360,-0.3455,5.1805,-0.66814,1354,4.35
20408,2,0.03406,-2.34930,3.2262,-0.9752,22.4744,-0.51519,1362,4.35
20418,2,0.06145,-2.35716,3.7919,-0.8994,28.6439,-0.46520,1368,4.35
20428,2,0.08813,-2.34145,3.1831,0.0887,27.8865,-0.16910,1372,4.35
20438,2,0.11253,-2.29956,2.5739,1.7288,28.4242,0.04518,1360,4.35
20448,2,0.13067,-2.22800,1.5879,3.8996,26.8975,0.24387,1362,4.35
20458,2,0.14351,-2.13899,-0.1734,5.9002,18.8097,0.87249,1362,4.21
20468,2,0.13810,-2.01943,-2.1183,8.3224,9.1252,0.92676,1367,4.21
20478,2,0.09942,-1.88330,-3.9424,10.4388,-2.3969,0.13632,1372,4.21
20488,2,0.06182,-1.74105,-3.3044,11.9531,3.4837,-0.16580,1376,4.21
20498,2,0.03719,-1.60754,-2.4110,12.5126,10.0265,0.01089,1381,4.21
20508,2,0.01745,-1.46791,-2.4652,13.0926,9.7529,0.26343,1349,4.21
20518,2,-0.01114,-1.31869,-3.3161,13.8245,3.2279,0.21707,1349,4.21
20528,2,-0.04938,-1.16684,-3.6566,14.3685,-0.4492,-0.13301,1349,4.21
20538,2,-0.08488,-1.01674,-3.2783,14.6250,0.8612,-0.22070,1355,4.21
20548,2,-0.11216,-0.87799,-2.7334,14.3252,2.7289,-0.10912,1362,4.21
20558,2,-0.13648,-0.74534,-2.5711,13.9010,1.6095,-0.06711,1368,4.29
20568,2,-0.16024,-0.61444,-2.4019,13.5766,0.7939,-0.14755,1375,4.29
20578,2,-0.18208,-0.48791,-2.1556,13.2073,0.5828,-0.19618,1371,4.29
20588,2,-0.20019,-0.37097,-1.8501,12.6018,0.5310,-0.18034,1349,4.29
20598,2,-0.21399,-0.25752,-1.4654,12.0990,1.5721,-0.17125,1355,4.29
20608,2,-0.22641,-0.15281,-1.2770,11.4482,0.8831,-0.20924,1386,4.29
20618,2,-0.23687,-0.05236,-1.0833,10.8867,0.5496,-0.21826,1366,4.29
20628,2,-0.24626,0.04529,-0.9695,10.4380,-0.0765,-0.23070,1377,4.29
20638,2,-0.25108,0.13081,-0.4544,9.6837,1.9464,-0.26478,1352,4.29
20648,2,-0.25132,0.21197,-0.1367,9.0565,3.0369,-0.19512,1359,4.29
20658,2,-0.24921,0.28702,-0.0761,8.4359,2.3385,-0.10598,1363,4.33
20668,2,-0.24923,0.35945,-0.0723,7.9588,1.3865,-0.21368,1372,4.33
20678,2,-0.24737,0.42839,0.0447,7.5329,1.5191,-0.17702,1378,4.33
20688,2,-0.24573,0.48948,0.1597,6.9632,1.3020,-0.24345,1381,4.33
20698,2,-0.24191,0.54620,0.4263,6.4468,2.4829,-0.26425,1349,4.33
20708,2,-0.23358,0.59681,0.7205,5.8926,4.0707,-0.17716,1349,4.33
20718,2,-0.22331,0.64306,0.8535,5.3856,4.6591,-0.13660,1349,4.33
20728,2,-0.21415,0.68844,0.7056,5.0466,3.4156,-0.10904,1353,4.33
20738,2,-0.20582,0.73382,0.7046,4.8431,3.5279,-0.14140,1359,4.33
20748,2,-0.19739,0.77580,0.6955,4.5848,3.4630,-0.12380,1360,4.33
20758,2,-0.18999,0.81760,0.5747,4.4229,2.6975,-0.10740,1368,4.34
20768,2,-0.18365,0.85687,0.6481,4.2246,3.2542,-0.19054,1382,4.34
20778,2,-0.17472,0.89352,0.7897,4.0008,4.4318,-0.12330,1366,4.34
20788,2,-0.16503,0.92756,0.8360,3.7619,4.9016,-0.09827,1349,4.34
20798,2,-0.15624,0.96159,0.7237,3.6184,4.3215,-0.07890,1355,4.34
20808,2,-0.14862,0.99126,0.8381,3.3579,5.1257,-0.18637,1361,4.34
20818,2,-0.13747,1.01831,1.0201,3.0968,6.6606,-0.08990,1389,4.34
20828,2,-0.12615,1.04536,0.9105,2.9402,6.2262,-0.01539,1351,4.34
20838,2,-0.11762,1.07329,0.7461,2.8812,5.4141,-0.06412,1356,4.34
20848,2,-0.10993,1.10217,0.6423,2.8841,5.1440,-0.04686,1360,4.34
20858,2,-0.10320,1.12914,0.5976,2.8090,5.0894,-0.06534,1370,4.35
20868,2,-0.09617,1.15357,0.6088,2.6628,5.3188,-0.04940,1374,4.35
20878,2,-0.08952,1.17810,0.5034,2.5786,4.7780,-0.00844,1373,4.35
20888,2,-0.08485,1.20515,0.3672,2.6293,4.1746,-0.03493,1377,4.35
20898,2,-0.08099,1.23220,0.3358,2.6596,4.2688,-0.05617,1381,4.35
20908,2,-0.07676,1.25829,0.3518,2.6395,4.6348,-0.04096,1379,4.35
20918,2,-0.07241,1.28447,0.2469,2.6309,4.1188,0.02156,1349,4.35
20928,2,-0.07033,1.31065,0.0080,2.6257,2.4522,0.02997,1349,4.35
20938,2,-0.07158,1.33954,-0.1809,2.7308,1.1962,-0.04390,1349,4.35
20948,2,-0.07283,1.36397,0.0027,2.6159,2.2776,-0.13643,1359,4.35
20958,2,-0.07041,1.38396,0.3119,2.3690,4.2489,-0.10569,1363,4.35
20968,2,-0.06524,1.40150,0.4337,2.1230,4.9760,-0.02368,1369,4.35
20978,2,-0.06088,1.41799,0.3299,1.9335,4.0667,-0.00739,1378,4.35
20988,2,-0.05810,1.43632,0.2688,1.8932,3.7058,-0.05388,1362,4.35
20998,2,-0.05526,1.45202,0.2586,1.7641,3.5404,-0.04235,1366,4.35
21008,2,-0.05264,1.46869,0.1868,1.7253,3.0908,-0.01530,1370,4.35
21018,2,-0.05149,1.48519,0.1187,1.6948,2.5952,-0.05323,1370,4.35
21028,2,-0.04980,1.49924,0.2523,1.5789,3.4726,-0.09115,1378,4.35
21038,2,-0.04581,1.50883,0.4220,1.3313,4.4775,-0.05735,1383,4.35
21048,2,-0.04055,1.51660,0.4789,1.1095,4.7632,-0.01715,1389,4.35
21058,2,-0.03547,1.52446,0.3954,0.9798,4.1747,0.02063,1349,4.35
21068,2,-0.03218,1.53493,0.2225,1.0067,3.1408,0.02145,1352,4.35
21078,2,-0.03103,1.54627,0.0474,1.0578,2.0084,0.00241,1349,4.35
21088,2,-0.03134,1.55849,-0.0308,1.1234,1.5502,-0.03116,1357,4.35
21098,2,-0.03181,1.57080,-0.0111,1.1662,1.7729,-0.05006,1361,4.35
21108,2,-0.03164,1.58118,0.0123,1.1151,1.8586,-0.02885,1367,4.35
21118,2,-0.03131,1.59253,0.0117,1.1229,1.9015,-0.02111,1372,4.35
21128,2,-0.03110,1.60213,0.0187,1.0577,1.8335,-0.02958,1377,4.35
21138,2,-0.03067,1.60998,0.0559,0.9487,1.9112,-0.03744,1349,4.35
21148,2,-0.02949,1.61530,0.1309,0.7823,2.1957,-0.03554,1349,4.35
21158,2,-0.02751,1.62045,0.1905,0.6752,2.5422,-0.02419,1350,4.35
21168,2,-0.02530,1.62307,0.1836,0.5099,2.2711,-0.00642,1356,4.35
21178,2,-0.02335,1.62569,0.1687,0.4107,2.0675,-0.00998,1368,4.35
21188,2,-0.02182,1.62831,0.1501,0.3512,1.8953,-0.02043,1369,4.35
21198,2,-0.02015,1.63005,0.1352,0.2804,1.7347,-0.00456,1355,4.35
21208,2,-0.01911,1.63092,0.1033,0.2031,1.3910,-0.01854,1362,4.35
21218,2,-0.01816,1.63276,0.0969,0.1953,1.3872,-0.01896,1371,4.35
21228,2,-0.01718,1.63276,0.0846,0.1172,1.1857,-0.01078,1376,4.35
21238,2,-0.01617,1.63267,0.0788,0.0668,1.0950,-0.00515,1349,4.35
21248,2,-0.01531,1.63267,0.0570,0.0401,0.9261,-0.00058,1353,4.35
21258,2,-0.01487,1.63267,0.0272,0.0240,0.6932,-0.00651,1358,4.35
21268,2,-0.01475,1.63267,0.0080,0.0144,0.5351,-0.01251,1363,4.35
21278,2,-0.01468,1.63101,0.0011,-0.0577,0.3279,-0.01213,1370,4.35
21288,2,-0.01481,1.63005,-0.0042,-0.0730,0.2457,-0.01884,1377,4.35
21298,2,-0.01508,1.62831,-0.0330,-0.1135,-0.0791,-0.01241,1358,4.35
21308,2,-0.01568,1.62656,-0.0420,-0.1380,-0.2399,-0.02436,1362,4.35
21318,2,-0.01618,1.62481,-0.0383,-0.1526,-0.2770,-0.02235,1367,4.35
21328,2,-0.01675,1.62228,-0.0457,-0.1928,-0.4589,-0.02223,1365,4.35
21338,2,-0.01722,1.61870,-0.0239,-0.2588,-0.4704,-0.02883,1370,4.35
21348,2,-0.01741,1.61443,-0.0212,-0.3263,-0.6128,-0.01614,1381,4.35
21358,2,-0.01792,1.60910,-0.0510,-0.4088,-1.0554,-0.01821,1383,4.35
21368,2,-0.01865,1.60570,-0.0590,-0.3814,-1.1045,-0.02522,1351,4.35
21378,2,-0.01928,1.60038,-0.0713,-0.4418,-1.3735,-0.01549,1350,4.35
21388,2,-0.02030,1.59601,-0.0979,-0.4396,-1.6384,-0.02245,1349,4.35
21398,2,-0.02148,1.59078,-0.1112,-0.4731,-1.8910,-0.02482,1352,4.35
21408,2,-0.02306,1.58554,-0.1330,-0.4934,-2.2045,-0.03561,1359,4.35
21418,2,-0.02469,1.58118,-0.1420,-0.4706,-2.3295,-0.03499,1366,4.35
21428,2,-0.02614,1.57516,-0.1181,-0.5231,-2.3596,-0.03975,1369,4.35
21438,2,-0.02731,1.56818,-0.0734,-0.5932,-2.2532,-0.04879,1375,4.35
21448,2,-0.02802,1.56120,-0.0149,-0.6352,-1.9522,-0.05611,1367,4.35
21458,2,-0.02792,1.55238,0.0793,-0.7336,-1.4550,-0.06261,1369,4.34
21468,2,-0.02692,1.54191,0.1341,-0.8590,-1.2596,-0.04426,1349,4.34
21478,2,-0.02523,1.53240,0.1788,-0.8959,-0.9024,-0.02975,1355,4.34
21488,2,-0.02343,1.52358,0.1373,-0.8901,-1.0983,-0.00244,1365,4.34
21498,2,-0.02262,1.51573,0.0144,-0.8482,-1.8932,0.01064,1385,4.34
21508,2,-0.02353,1.50971,-0.0878,-0.7498,-2.5144,-0.02498,1374,4.34
21518,2,-0.02475,1.50351,-0.0718,-0.6977,-2.3621,-0.04987,1351,4.34
21528,2,-0.02545,1.49566,-0.0234,-0.7328,-2.1228,-0.04875,1353,4.34
21538,2,-0.02574,1.48780,0.0187,-0.7539,-1.8755,-0.04971,1358,4.34
21548,2,-0.02543,1.47742,0.0612,-0.8677,-1.7905,-0.04049,1361,4.34
21558,2,-0.02489,1.46686,0.1038,-0.9430,-1.6070,-0.04966,1367,4.34
21568,2,-0.02361,1.45464,0.1810,-1.0545,-1.1957,-0.05017,1373,4.34
21578,2,-0.02130,1.43893,0.2586,-1.2611,-0.9255,-0.03523,1376,4.34
21588,2,-0.01842,1.42497,0.2751,-1.3151,-0.7481,-0.01162,1378,4.34
21598,2,-0.01625,1.41110,0.2054,-1.3441,-1.2141,-0.01065,1349,4.34
21608,2,-0.01490,1.39879,0.1517,-1.2986,-1.4471,-0.02341,1349,4.34
21618,2,-0.01385,1.38658,0.1421,-1.2679,-1.3962,-0.03202,1349,4.34
21628,2,-0.01259,1.37444,0.1304,-1.2460,-1.3684,-0.01527,1349,4.34
21638,2,-0.01146,1.36389,0.0932,-1.1699,-1.4220,-0.00152,1352,4.34
21648,2,-0.01120,1.35516,-0.0032,-1.0510,-1.8830,0.00339,1360,4.34
21658,2,-0.01190,1.34731,-0.0654,-0.9448,-2.1735,-0.01421,1366,4.34
21668,2,-0.01301,1.33954,-0.0835,-0.8775,-2.2401,-0.02648,1368,4.34
21678,2,-0.01402,1.33247,-0.0659,-0.8093,-2.0281,-0.03173,1373,4.34
21688,2,-0.01468,1.32374,-0.0085,-0.8346,-1.6970,-0.04327,1379,4.34
21698,2,-0.01460,1.31415,0.0463,-0.8847,-1.3941,-0.03368,1349,4.34
21708,2,-0.01378,1.30463,0.0783,-0.9114,-1.1669,-0.01197,1352,4.34
21718,2,-0.01313,1.29494,0.0149,-0.9343,-1.6634,0.01207,1349,4.34
21728,2,-0.01400,1.28718,-0.0851,-0.8712,-2.3451,-0.01534,1353,4.34
21738,2,-0.01537,1.28011,-0.0920,-0.8055,-2.3467,-0.03787,1359,4.34
21748,2,-0.01626,1.27051,-0.0191,-0.8672,-1.9932,-0.05098,1369,4.34
21758,2,-0.01596,1.26013,0.0942,-0.9358,-1.2742,-0.04805,1366,4.33
21768,2,-0.01448,1.24791,0.1538,-1.0501,-0.9897,-0.01770,1372,4.33
21778,2,-0.01291,1.23569,0.1581,-1.1187,-1.0178,-0.01304,1382,4.33
21788,2,-0.01171,1.22339,0.1517,-1.1635,-1.0984,-0.02756,1371,4.33
21798,2,-0.01055,1.21030,0.2129,-1.2217,-0.6999,-0.05901,1349,4.33
21808,2,-0.00815,1.19555,0.3576,-1.3229,0.3142,-0.06701,1349,4.33
21818,2,-0.00394,1.17984,0.4215,-1.4220,0.8340,-0.00418,1354,4.33
21828,2,0.00030,1.16666,0.3182,-1.3803,0.3997,0.05316,1358,4.33
21838,2,0.00190,1.15619,0.0958,-1.2471,-0.9015,0.03406,1364,4.33
21848,2,0.00115,1.14746,-0.0250,-1.0974,-1.5446,-0.02412,1373,4.33
21858,2,0.00074,1.13961,0.0692,-0.9725,-0.5918,-0.05440,1375,4.34
21868,2,0.00186,1.12914,0.1980,-1.0024,0.3801,-0.04095,1355,4.34
21878,2,0.00430,1.11788,0.2895,-1.0517,1.1104,-0.01830,1361,4.34
21888,2,0.00746,1.10471,0.3060,-1.1581,1.1914,0.01244,1363,4.34
21898,2,0.01037,1.09423,0.2336,-1.1138,0.9145,0.03874,1372,4.34
21908,2,0.01182,1.08551,0.0990,-1.0173,0.1896,0.03475,1376,4.34
21918,2,0.01173,1.07853,-0.0090,-0.8896,-0.3613,0.01179,1376,4.34
21928,2,0.01135,1.07242,-0.0021,-0.7781,-0.0944,-0.00621,1381,4.34
21938,2,0.01132,1.06456,0.0250,-0.7811,0.0957,-0.00313,1382,4.34
21948,2,0.01161,1.05671,0.0623,-0.7827,0.3859,-0.00490,1349,4.34
21958,2,0.01230,1.04973,0.0799,-0.7489,0.6305,0.00700,1349,4.35
21968,2,0.01314,1.04187,0.0607,-0.7636,0.4998,0.02480,1349,4.35
21978,2,0.01321,1.03576,-0.0026,-0.7024,0.1526,0.01774,1353,4.35
21988,2,0.01282,1.02878,-0.0356,-0.7008,-0.1239,0.01120,1355,4.35
21998,2,0.01246,1.02355,-0.0202,-0.6298,0.1208,0.00472,1362,4.35
22008,2,0.01216,1.01927,-0.0340,-0.5489,0.1701,0.01440,1370,4.35
22018,2,0.01178,1.01482,-0.0425,-0.5074,0.1685,0.01395,1375,4.35
22028,2,0.01113,1.00958,-0.0553,-0.5139,0.0117,0.00592,1382,4.35
22038,2,0.01048,1.00522,-0.0473,-0.4829,0.0950,0.00164,1371,4.35
22048,2,0.00987,1.00086,-0.0372,-0.4642,0.1706,-0.00167,1349,4.35
22058,2,0.00957,0.99658,-0.0282,-0.4496,0.2485,0.00868,1349,4.35
22068,2,0.00917,0.99213,-0.0340,-0.4478,0.1789,0.00607,1355,4.35
22078,2,0.00850,0.98864,-0.0638,-0.4082,-0.0054,0.00704,1361,4.35
22088,2,0.00768,0.98515,-0.0941,-0.3846,-0.2385,0.01360,1363,4.35
22098,2,0.00655,0.98340,-0.1362,-0.3006,-0.4463,0.01807,1388,4.35
22108,2,0.00497,0.98079,-0.1692,-0.2851,-0.7642,0.01062,1393,4.35
22118,2,0.00295,0.97913,-0.2070,-0.2374,-1.0747,0.00563,1355,4.35
22128,2,0.00103,0.97730,-0.2054,-0.2157,-1.1382,0.00751,1360,4.35
22138,2,-0.00117,0.97642,-0.2197,-0.1643,-1.2748,-0.00143,1364,4.35
22148,2,-0.00318,0.97468,-0.2096,-0.1684,-1.3351,0.00133,1366,4.35
22158,2,-0.00505,0.97293,-0.2022,-0.1709,-1.4038,0.00228,1369,4.35
22168,2,-0.00726,0.97119,-0.1937,-0.1723,-1.4833,-0.02076,1373,4.35
22178,2,-0.00903,0.96866,-0.1729,-0.2046,-1.5104,-0.01106,1377,4.35
22188,2,-0.01051,0.96595,-0.1383,-0.2310,-1.4015,-0.01532,1385,4.35
22198,2,-0.01167,0.96246,-0.1048,-0.2782,-1.3269,-0.01737,1349,4.35
22208,2,-0.01260,0.95897,-0.0670,-0.3066,-1.1644,-0.02551,1349,4.35
22218,2,-0.01303,0.95374,-0.0175,-0.3933,-1.0101,-0.02563,1349,4.35
22228,2,-0.01318,0.94763,0.0187,-0.4804,-0.9407,-0.03014,1349,4.35
22238,2,-0.01283,0.93977,0.0756,-0.6024,-0.7604,-0.03323,1358,4.35
22248,2,-0.01154,0.93200,0.1549,-0.6721,-0.2371,-0.02435,1362,4.35
22258,2,-0.00963,0.92319,0.1506,-0.7558,-0.3386,0.01070,1374,4.34
22268,2,-0.00851,0.91621,0.0713,-0.7327,-0.8239,0.01175,1356,4.34
22278,2,-0.00833,0.90923,-0.0005,-0.7189,-1.3326,0.00067,1360,4.34
22288,2,-0.00865,0.90399,-0.0250,-0.6407,-1.3715,-0.01187,1368,4.34
22298,2,-0.00867,0.89788,-0.0159,-0.6289,-1.2836,-0.00168,1372,4.34
22308,2,-0.00880,0.89265,-0.0356,-0.5867,-1.3533,0.00247,1371,4.34
22318,2,-0.00927,0.88750,-0.0542,-0.5580,-1.4661,-0.00595,1375,4.34
22328,2,-0.00979,0.88218,-0.0452,-0.5477,-1.4120,-0.01290,1381,4.34
22338,2,-0.01007,0.87607,-0.0202,-0.5730,-1.3007,-0.01389,1382,4.34
22348,2,-0.01010,0.87083,0.0197,-0.5533,-0.9621,-0.02183,1385,4.34
22358,2,-0.00971,0.86210,0.0639,-0.6810,-0.8888,-0.02197,1349,4.34
22368,2,-0.00892,0.85512,0.1171,-0.6878,-0.4571,-0.02819,1349,4.34
22378,2,-0.00743,0.84640,0.1708,-0.7618,-0.1249,-0.01837,1349,4.34
22388,2,-0.00579,0.83941,0.1416,-0.7363,-0.1929,0.00569,1354,4.34
22398,2,-0.00453,0.83331,0.0772,-0.6861,-0.4965,0.01994,1360,4.34
22408,2,-0.00426,0.82816,-0.0181,-0.6176,-1.0558,0.01815,1368,4.34
22418,2,-0.00496,0.82371,-0.0745,-0.5487,-1.3802,-0.00262,1376,4.34
22428,2,-0.00574,0.82030,-0.0686,-0.4653,-1.2064,-0.01056,1383,4.34
22438,2,-0.00653,0.81673,-0.0915,-0.4222,-1.3383,-0.00009,1364,4.34
22448,2,-0.00755,0.81323,-0.0931,-0.3930,-1.3543,-0.01224,1367,4.34
22458,2,-0.00859,0.81062,-0.0787,-0.3406,-1.1987,-0.02105,1367,4.34
22468,2,-0.00929,0.80721,-0.0569,-0.3404,-1.0803,-0.01601,1350,4.34
22478,2,-0.00968,0.80364,-0.0090,-0.3474,-0.7606,-0.02470,1375,4.34
22488,2,-0.00974,0.80014,-0.0090,-0.3481,-0.7692,-0.00842,1383,4.34
22498,2,-0.00981,0.79491,0.0022,-0.4182,-0.8457,-0.01394,1387,4.34
22508,2,-0.00998,0.79151,0.0006,-0.3871,-0.8039,-0.01905,1349,4.34
22518,2,-0.00988,0.78793,0.0144,-0.3754,-0.6701,-0.01194,1349,4.34
22528,2,-0.00977,0.78444,-0.0005,-0.3649,-0.7558,-0.00390,1349,4.34
22538,2,-0.00988,0.78182,-0.0133,-0.3236,-0.7717,-0.00877,1352,4.34
22548,2,-0.01002,0.77842,-0.0143,-0.3303,-0.8066,-0.01019,1359,4.34
22558,2,-0.01049,0.77571,-0.0377,-0.3065,-0.9638,-0.01521,1362,4.34
22568,2,-0.01078,0.77396,-0.0106,-0.2537,-0.6626,-0.01968,1363,4.34
22578,2,-0.01082,0.77135,-0.0133,-0.2569,-0.6947,-0.00634,1372,4.34
22588,2,-0.01105,0.76882,-0.0244,-0.2553,-0.7926,-0.01042,1377,4.34
22598,2,-0.01157,0.76698,-0.0228,-0.2266,-0.7520,-0.02597,1380,4.34
22608,2,-0.01173,0.76437,-0.0005,-0.2406,-0.6257,-0.01951,1349,4.34
22618,2,-0.01158,0.76262,0.0203,-0.2143,-0.4029,-0.01407,1349,4.34
22628,2,-0.01116,0.76009,0.0288,-0.2297,-0.3478,-0.00454,1350,4.34
22638,2,-0.01088,0.75826,0.0171,-0.2112,-0.3802,-0.00573,1357,4.34
22648,2,-0.01060,0.75564,0.0234,-0.2314,-0.3603,-0.00815,1365,4.34
22658,2,-0.01062,0.75477,0.0101,-0.1738,-0.3372,-0.01659,1394,4.34
22668,2,-0.01040,0.75302,0.0203,-0.1741,-0.2489,-0.00948,1349,4.34
22678,2,-0.01013,0.75128,0.0399,-0.1742,-0.0849,-0.01682,1354,4.34
22688,2,-0.00972,0.75040,0.0431,-0.1395,0.0402,-0.01076,1359,4.34
22698,2,-0.00921,0.74874,0.0394,-0.1500,0.0199,-0.00343,1362,4.34
22708,2,-0.00886,0.74787,0.0362,-0.1249,0.0719,-0.00932,1371,4.34
22718,2,-0.00849,0.74604,0.0368,-0.1482,0.0472,-0.00819,1375,4.34
22728,2,-0.00818,0.74604,0.0415,-0.0889,0.2317,-0.01393,1373,4.34
22738,2,-0.00771,0.74517,0.0426,-0.0883,0.2701,-0.00547,1376,4.34
22748,2,-0.00736,0.74430,0.0357,-0.0878,0.2403,-0.00753,1350,4.34
22758,2,-0.00705,0.74430,0.0378,-0.0527,0.3523,-0.01068,1349,4.34
22768,2,-0.00680,0.74430,0.0288,-0.0316,0.3459,-0.00840,1349,4.34
22778,2,-0.00648,0.74430,0.0277,-0.0190,0.3854,-0.00457,1353,4.34
22788,2,-0.00605,0.74430,0.0330,-0.0114,0.4693,-0.00111,1358,4.34
22798,2,-0.00568,0.74430,0.0240,-0.0068,0.4342,0.00093,1363,4.34
22808,2,-0.00539,0.74430,0.0410,-0.0041,0.5878,-0.01109,1370,4.34
22818,2,-0.00502,0.74430,0.0373,-0.0025,0.5862,-0.00539,1357,4.34
22828,2,-0.00467,0.74613,0.0250,0.0718,0.6793,0.00042,1357,4.34
22838,2,-0.00430,0.74613,0.0123,0.0431,0.5432,0.00801,1362,4.34
22848,2,-0.00420,0.74700,0.0080,0.0608,0.5565,-0.00329,1366,4.34
22858,2,-0.00395,0.74779,0.0234,0.0678,0.7050,-0.00333,1371,4.34
22868,2,-0.00356,0.74866,0.0383,0.0756,0.8602,-0.00320,1375,4.34
22878,2,-0.00309,0.74866,0.0325,0.0454,0.7801,0.00460,1381,4.34
22888,2,-0.00278,0.74953,0.0160,0.0620,0.7116,0.00460,1349,4.34
22898,2,-0.00248,0.75040,0.0346,0.0722,0.8941,-0.00504,1349,4.34
22908,2,-0.00189,0.75128,0.0421,0.0782,1.0019,0.00678,1349,4.34
22918,2,-0.00156,0.75128,0.0245,0.0469,0.8214,0.00254,1353,4.34
22928,2,-0.00148,0.75302,0.0032,0.0980,0.7782,0.00104,1354,4.34
22938,2,-0.00130,0.75389,-0.0042,0.0937,0.7241,0.00951,1367,4.34
22948,2,-0.00131,0.75389,-0.0079,0.0562,0.6137,0.00229,1372,4.34
22958,2,-0.00119,0.75564,-0.0101,0.1036,0.7100,0.00985,1364,4.35
22968,2,-0.00102,0.75651,-0.0143,0.0970,0.6752,0.01487,1369,4.35
22978,2,-0.00100,0.75834,-0.0452,0.1315,0.5195,0.02254,1349,4.35
22988,2,-0.00148,0.76000,-0.0612,0.1453,0.3999,0.00524,1372,4.35
22998,2,-0.00209,0.76175,-0.0888,0.1570,0.1785,0.01154,1381,4.35
23008,2,-0.00282,0.76349,-0.0856,0.1639,0.1733,0.00357,1386,4.35
23018,2,-0.00356,0.76524,-0.0856,0.1682,0.1371,0.00207,1349,4.35
23028,2,-0.00410,0.76698,-0.0824,0.1707,0.1345,0.01029,1349,4.35
23038,2,-0.00472,0.76882,-0.0808,0.1758,0.1201,0.00469,1349,4.35
23048,2,-0.00531,0.76969,-0.0755,0.1404,0.0466,0.00297,1352,4.35
23058,2,-0.00594,0.77048,-0.0745,0.1156,-0.0384,-0.00027,1357,4.35
23068,2,-0.00666,0.77048,-0.0729,0.0694,-0.1727,-0.00631,1365,4.35
23078,2,-0.00703,0.77222,-0.0436,0.1114,0.1187,-0.00374,1369,4.35
23088,2,-0.00716,0.77222,-0.0399,0.0669,0.0415,0.00627,1376,4.35
23098,2,-0.00773,0.77222,-0.0713,0.0401,-0.2900,-0.00021,1349,4.35
23108,2,-0.00829,0.77222,-0.0601,0.0241,-0.2760,-0.00642,1349,4.35
23118,2,-0.00865,0.77135,-0.0388,-0.0205,-0.2353,-0.00713,1351,4.35
23128,2,-0.00906,0.77048,-0.0633,-0.0472,-0.5058,0.00179,1358,4.35
23138,2,-0.00981,0.77048,-0.0633,-0.0283,-0.5116,-0.01540,1364,4.35
23148,2,-0.01041,0.76960,-0.0580,-0.0519,-0.5615,-0.01152,1368,4.35
23158,2,-0.01073,0.76960,-0.0441,-0.0312,-0.4316,-0.00461,1349,4.35
23168,2,-0.01115,0.76882,-0.0675,-0.0500,-0.6777,0.00130,1352,4.35
23178,2,-0.01187,0.76794,-0.0808,-0.0650,-0.8566,-0.00702,1359,4.35
23188,2,-0.01239,0.76794,-0.0670,-0.0390,-0.7282,-0.00506,1368,4.35
23198,2,-0.01282,0.76794,-0.0580,-0.0234,-0.6530,-0.00549,1372,4.35
23208,2,-0.01354,0.76794,-0.0819,-0.0140,-0.8591,-0.00838,1376,4.35
23218,2,-0.01445,0.76707,-0.0867,-0.0434,-1.0176,-0.01671,1377,4.35
23228,2,-0.01494,0.76611,-0.0537,-0.0644,-0.8451,-0.01240,1381,4.35
23238,2,-0.01530,0.76611,-0.0510,-0.0386,-0.7919,-0.00808,1384,4.35
23248,2,-0.01586,0.76524,-0.0750,-0.0581,-1.0517,-0.00632,1354,4.35
23258,2,-0.01669,0.76524,-0.0755,-0.0349,-1.0573,-0.02035,1350,4.34
23268,2,-0.01718,0.76349,-0.0340,-0.0907,-0.8975,-0.02484,1351,4.34
23278,2,-0.01740,0.76349,-0.0298,-0.0544,-0.8000,-0.01356,1351,4.34
23288,2,-0.01766,0.76262,-0.0340,-0.0676,-0.8778,-0.01338,1367,4.34
23298,2,-0.01805,0.76262,-0.0330,-0.0406,-0.8355,-0.02121,1364,4.34
23308,2,-0.01843,0.76088,-0.0266,-0.0941,-0.9292,-0.02409,1372,4.34
23318,2,-0.01846,0.75913,0.0064,-0.1263,-0.7531,-0.02332,1379,4.34
23328,2,-0.01805,0.75747,0.0639,-0.1421,-0.3279,-0.02939,1349,4.34
23338,2,-0.01727,0.75477,0.0772,-0.1935,-0.2923,-0.01682,1349,4.34
23348,2,-0.01619,0.75215,0.1198,-0.2208,0.0364,-0.02201,1353,4.34
23358,2,-0.01483,0.74866,0.1299,-0.2720,0.0840,-0.01188,1356,4.34
23368,2,-0.01367,0.74613,0.1166,-0.2645,0.0712,-0.01366,1360,4.34
23378,2,-0.01256,0.74430,0.0969,-0.2320,0.0610,-0.00582,1367,4.34
23388,2,-0.01178,0.74168,0.0793,-0.2440,-0.0508,-0.01233,1355,4.34
23398,2,-0.01067,0.73993,0.1102,-0.2162,0.3120,-0.01027,1360,4.34
23408,2,-0.00946,0.73906,0.1097,-0.1647,0.4957,-0.00397,1361,4.34
23418,2,-0.00851,0.73731,0.0878,-0.1685,0.3811,-0.00448,1365,4.34
23428,2,-0.00800,0.73557,0.0612,-0.1709,0.2051,-0.01314,1366,4.34
23438,2,-0.00739,0.73557,0.0687,-0.1026,0.4491,-0.01122,1372,4.34
23448,2,-0.00655,0.73391,0.0809,-0.1278,0.5380,-0.00516,1380,4.34
23458,2,-0.00578,0.73304,0.0628,-0.1116,0.4839,0.00106,1387,4.34
23468,2,-0.00525,0.73304,0.0559,-0.0670,0.5628,-0.00632,1388,4.34
23478,2,-0.00470,0.73295,0.0602,-0.0437,0.6800,-0.00769,1349,4.34
23488,2,-0.00419,0.73295,0.0426,-0.0262,0.6173,-0.00001,1349,4.34
23498,2,-0.00392,0.73382,0.0352,0.0192,0.6782,-0.00762,1354,4.34
23508,2,-0.00343,0.73382,0.0527,0.0115,0.8248,-0.00567,1358,4.34
23518,2,-0.00257,0.74953,-2.4440,0.6351,-16.6516,1.26259,1368,4.34
23528,2,-0.02734,0.76969,-3.6066,1.1875,-25.7961,0.53756,1373,4.34
23538,2,-0.05232,0.77484,-3.5790,0.9184,-27.7454,0.48796,1372,4.34
23548,2,-0.08358,0.76088,-3.5736,-0.0074,-30.0000,0.14033,1374,4.34
23558,2,-0.11430,0.72597,-3.1299,-1.4008,-30.0000,-0.08519,1377,4.23
23568,2,-0.13669,0.66575,-1.8996,-3.2490,-29.5331,-0.30653,1381,4.23
23578,2,-0.14556,0.58460,-0.4129,-5.1957,-23.1492,-0.38252,1349,4.23
23588,2,-0.13467,0.46417,1.6868,-7.9345,-12.6382,-0.43387,1356,4.23
23598,2,-0.10678,0.31581,3.3784,-10.6949,-4.2145,-0.40121,1350,4.23
23608,2,-0.06651,0.15533,4.1079,-12.8361,-0.9546,-0.10689,1352,4.23
23618,2,-0.02784,-0.01309,4.0265,-14.4387,-2.7676,-0.10763,1351,4.23
23628,2,0.00824,-0.17715,3.8004,-15.2257,-4.0584,-0.08835,1355,4.23
23638,2,0.04204,-0.33868,3.6753,-15.5966,-3.8170,-0.10534,1357,4.23
23648,2,0.07756,-0.50361,3.8845,-15.9553,-0.9131,-0.08848,1363,4.23
23658,2,0.11629,-0.66768,3.8712,-16.1357,0.8979,0.11685,1367,4.27
23668,2,0.15501,-0.82292,3.6125,-15.8913,1.7857,0.28511,1373,4.27
23678,2,0.19093,-0.97049,3.2523,-15.4375,2.1899,0.36079,1376,4.27
23688,2,0.21950,-1.11186,2.7473,-14.9173,1.1843,0.27422,1349,4.27
23698,2,0.24006,-1.24102,2.1381,-14.1166,-0.4940,0.19910,1349,4.27
23708,2,0.25749,-1.36144,1.8592,-13.2871,0.2021,0.19926,1349,4.27
23718,2,0.27593,-1.48013,1.7938,-12.7196,2.0075,0.30094,1349,4.27
23728,2,0.29174,-1.59183,1.5549,-12.0997,2.4540,0.30481,1354,4.27
23738,2,0.30461,-1.69568,1.2186,-11.4138,2.1284,0.33901,1360,4.27
23748,2,0.31193,-1.78818,0.7610,-10.5483,0.9346,0.29719,1362,4.27
23758,2,0.31482,-1.87108,0.2884,-9.6451,-0.5606,0.31526,1368,4.32
23768,2,0.31598,-1.95049,0.2613,-8.9636,0.7267,0.24339,1375,4.32
23778,2,0.31643,-2.02118,0.1203,-8.2057,1.2804,0.27845,1349,4.32
23788,2,0.31528,-2.09274,-0.0393,-7.7857,0.8547,0.27741,1352,4.32
23798,2,0.31221,-2.15383,-0.2016,-7.1149,0.8437,0.25956,1349,4.32
23808,2,0.30792,-2.21317,-0.5560,-6.6426,-1.1296,0.37184,1349,4.32
23818,2,0.29789,-2.26029,-0.9211,-5.8705,-2.8827,0.25650,1352,4.32
23828,2,0.28584,-2.30392,-0.9860,-5.2676,-2.8563,0.17642,1358,4.32
23838,2,0.27455,-2.34668,-1.0110,-4.8710,-2.9288,0.21571,1364,4.32
23848,2,0.26269,-2.38508,-1.0413,-4.4585,-3.0395,0.19032,1366,4.32
23858,2,0.25050,-2.42086,-1.0567,-4.1062,-3.1873,0.16941,1377,4.33
23868,2,0.23899,-2.45751,-1.0418,-3.9299,-3.4468,0.18451,1349,4.33
23878,2,0.22704,-2.48893,-1.0700,-3.6146,-3.7532,0.16449,1351,4.33
23888,2,0.21399,-2.51860,-1.0658,-3.3556,-4.0047,0.09420,1355,4.33
23898,2,0.20239,-2.54827,-0.9716,-3.2002,-3.7093,0.10837,1350,4.33
23908,2,0.19193,-2.58143,-0.8646,-3.2465,-3.6887,0.10110,1354,4.33
23918,2,0.18334,-2.61284,-0.7651,-3.2045,-3.4119,0.13644,1361,4.33
23928,2,0.17452,-2.64077,-0.7928,-3.0398,-3.8421,0.13005,1367,4.33
23938,2,0.16601,-2.66870,-0.7721,-2.9409,-4.0301,0.12621,1378,4.33
23948,2,0.15778,-2.69313,-0.8583,-2.7419,-4.7882,0.17588,1349,4.33
23958,2,0.14723,-2.71582,-0.9977,-2.5527,-6.1161,0.11830,1349,4.34
23968,2,0.13603,-2.73676,-0.9407,-2.3694,-6.0093,0.04657,1351,4.34
23978,2,0.12715,-2.75858,-0.7524,-2.2943,-4.9979,0.05934,1349,4.34
23988,2,0.11914,-2.78040,-0.6891,-2.2493,-4.9440,0.06326,1352,4.34
23998,2,0.11200,-2.80309,-0.5613,-2.2571,-4.4639,0.03540,1362,4.34
24008,2,0.10755,-2.82752,-0.4826,-2.3317,-4.3315,0.12641,1365,4.34
24018,2,0.10182,-2.84759,-0.6901,-2.2018,-5.9981,0.16036,1371,4.34
24028,2,0.09269,-2.86330,-0.7827,-1.9495,-6.7378,0.02771,1383,4.34
24038,2,0.08493,-2.88075,-0.5571,-1.8678,-5.3557,-0.02454,1385,4.34
24048,2,0.08118,-2.90170,-0.3017,-1.9584,-3.8737,0.04457,1349,4.34
24058,2,0.07845,-2.92264,-0.2756,-2.0128,-3.9848,0.07959,1352,4.35
24068,2,0.07495,-2.94359,-0.2399,-2.0454,-4.0247,0.01985,1349,4.35
24078,2,0.07311,-2.96540,-0.1160,-2.0999,-3.3390,0.03918,1355,4.35
24088,2,0.07227,-2.98635,-0.1639,-2.0977,-3.7674,0.11214,1361,4.35
24098,2,0.06913,-3.00467,-0.2868,-1.9917,-4.6806,0.05550,1367,4.35
24108,2,0.06549,-3.02213,-0.1713,-1.8932,-3.8358,-0.03088,1371,4.35
24118,2,0.06557,-3.04220,0.1480,-1.9388,-1.5296,-0.00439,1378,4.35
24128,2,0.06890,-3.06227,0.2352,-1.9660,-0.7351,0.11774,1349,4.35
24138,2,0.07029,-3.07885,0.0469,-1.8429,-1.8194,0.11619,1349,4.35
24148,2,0.06951,-3.09456,-0.0106,-1.7341,-2.0791,0.03624,1349,4.35
24158,2,0.06959,-3.11026,0.0644,-1.6687,-1.3769,0.04104,1353,4.35
24168,2,0.07070,-3.12423,0.0522,-1.5597,-1.1735,0.10034,1357,4.35
24178,2,0.07022,-3.13732,-0.1037,-1.4595,-2.1767,0.09795,1364,4.35
24188,2,0.06808,-3.14779,-0.1708,-1.2945,-2.4683,0.04662,1367,4.35
24198,2,0.06618,-3.15826,-0.0702,-1.1956,-1.6198,0.00624,1373,4.35
24208,2,0.06648,-3.17048,0.0926,-1.2061,-0.4014,0.03496,1379,4.35
24218,2,0.06800,-3.18182,0.1059,-1.1774,-0.1514,0.09141,1382,4.35
24228,2,0.06858,-3.18968,-0.0319,-1.0206,-0.8230,0.11355,1349,4.35
24238,2,0.06713,-3.19404,-0.1825,-0.7869,-1.5485,0.08587,1349,4.35
24248,2,0.06449,-3.19753,-0.2469,-0.6117,-1.8242,0.05547,1349,4.35
24258,2,0.06189,-3.19840,-0.2288,-0.4020,-1.3944,0.04634,1352,4.35
24268,2,0.05975,-3.19928,-0.2112,-0.2761,-1.1229,0.05825,1356,4.35
24278,2,0.05743,-3.19928,-0.2346,-0.1657,-1.2052,0.05912,1356,4.35
24288,2,0.05509,-3.19753,-0.2054,-0.0295,-0.8330,0.04068,1360,4.35
24298,2,0.05312,-3.19666,-0.1697,0.0172,-0.5849,0.03936,1363,4.35
24308,2,0.05153,-3.19404,-0.1330,0.1150,-0.1913,0.03872,1371,4.35
24318,2,0.05035,-3.19230,-0.0984,0.1388,0.0496,0.04067,1376,4.35
24328,2,0.04943,-3.18968,-0.0702,0.1880,0.3139,0.03814,1377,4.35
24338,2,0.04890,-3.18706,-0.0393,0.2175,0.5814,0.04249,1349,4.35
24348,2,0.04890,-3.18444,-0.0064,0.2353,0.8718,0.05186,1354,4.35
24358,2,0.04911,-3.18182,0.0203,0.2458,1.1118,0.04953,1354,4.35
24368,2,0.04972,-3.17746,0.0538,0.3220,1.5740,0.05348,1356,4.35
24378,2,0.05041,-3.17397,0.0495,0.3329,1.6119,0.06008,1349,4.35
24388,2,0.05100,-3.16961,0.0362,0.3743,1.6425,0.06246,1351,4.35
24398,2,0.05167,-3.16437,0.0469,0.4339,1.8993,0.06132,1356,4.35
24408,2,0.05234,-3.15913,0.0234,0.4699,1.8471,0.07415,1358,4.35
24418,2,0.05258,-3.15128,-0.0271,0.5960,1.7613,0.07823,1364,4.35
24428,2,0.05230,-3.14168,-0.1027,0.7416,1.4974,0.08984,1372,4.35
24438,2,0.05107,-3.13121,-0.2133,0.8638,0.8568,0.09600,1378,4.35
24448,2,0.04857,-3.11812,-0.2676,1.0419,0.6877,0.05755,1385,4.35
24458,2,0.04554,-3.10590,-0.2687,1.1139,0.6555,0.02821,1349,4.34
24468,2,0.04335,-3.09456,-0.1644,1.1220,1.3344,0.01607,1349,4.34
24478,2,0.04266,-3.08408,-0.0745,1.0922,1.9153,0.04523,1355,4.34
24488,2,0.04301,-3.07361,-0.0361,1.0742,2.1970,0.07859,1365,4.34
24498,2,0.04252,-3.06140,-0.1766,1.1332,1.2414,0.10639,1369,4.34
24508,2,0.04004,-3.04831,-0.3097,1.2035,0.2424,0.07110,1349,4.34
24518,2,0.03646,-3.03434,-0.3118,1.2806,0.1802,0.01338,1353,4.34
24528,2,0.03381,-3.02125,-0.1968,1.2920,0.9191,-0.00028,1358,4.34
24538,2,0.03316,-3.00729,-0.1048,1.3336,1.6777,0.05302,1369,4.34
24548,2,0.03308,-2.99245,-0.1798,1.3937,1.2482,0.11918,1367,4.34
24558,2,0.03074,-2.97413,-0.4022,1.5692,-0.1859,0.11450,1374,4.34
24568,2,0.02502,-2.95406,-0.5427,1.7444,-1.2113,0.01049,1383,4.34
24578,2,0.02003,-2.93573,-0.3331,1.7797,0.1536,-0.06297,1368,4.34
24588,2,0.01914,-2.92177,-0.0596,1.6263,1.8455,0.00433,1349,4.34
24598,2,0.02039,-2.90868,-0.0548,1.4994,1.6951,0.11046,1349,4.34
24608,2,0.01950,-2.89297,-0.3027,1.5280,-0.1633,0.12613,1352,4.34
24618,2,0.01466,-2.87377,-0.4948,1.6847,-1.5650,0.02029,1355,4.34
24628,2,0.00934,-2.85632,-0.4453,1.7090,-1.4583,-0.03402,1362,4.34
24638,2,0.00672,-2.83974,-0.2495,1.6886,-0.1715,0.00042,1370,4.34
24648,2,0.00540,-2.82403,-0.2346,1.6414,-0.2314,0.05692,1381,4.34
24658,2,0.00318,-2.80745,-0.2405,1.6482,-0.3871,0.01245,1388,4.35
24668,2,0.00089,-2.79262,-0.1420,1.5822,0.0820,-0.04297,1354,4.35
24678,2,0.00149,-2.78127,0.1011,1.4031,1.5800,-0.01911,1349,4.35
24688,2,0.00452,-2.77254,0.2262,1.1910,2.2628,0.04301,1353,4.35
24698,2,0.00763,-2.76469,0.1655,1.0287,1.6525,0.08039,1357,4.35
24708,2,0.00884,-2.75247,-0.0101,1.1060,0.5782,0.07453,1362,4.35
24718,2,0.00829,-2.74026,-0.1330,1.1522,-0.2763,0.04710,1367,4.35
24728,2,0.00682,-2.72717,-0.1474,1.2149,-0.3299,0.00713,1373,4.35
24738,2,0.00611,-2.71669,-0.0697,1.1478,0.0763,0.00566,1381,4.35
24748,2,0.00635,-2.70622,0.0006,1.1075,0.5441,0.01800,1365,4.35
24758,2,0.00751,-2.69750,0.0336,1.0136,0.6697,0.04887,1370,4.35
24768,2,0.00825,-2.68789,-0.0122,0.9922,0.3310,0.05104,1375,4.35
24778,2,0.00792,-2.67655,-0.0516,1.0491,0.1459,0.01736,1362,4.35
24788,2,0.00764,-2.66782,0.0043,0.9785,0.4043,-0.00877,1368,4.35
24798,2,0.00840,-2.65910,0.1107,0.9362,1.1733,-0.00871,1349,4.35
24808,2,0.01054,-2.65299,0.2134,0.8061,1.8074,0.01090,1349,4.35
24818,2,0.01344,-2.64775,0.2656,0.6931,2.1428,0.02531,1349,4.35
24828,2,0.01650,-2.64252,0.2677,0.6253,2.2086,0.03573,1352,4.35
24838,2,0.01939,-2.63728,0.2602,0.5847,2.2505,0.03388,1357,4.35
24848,2,0.02221,-2.63117,0.2581,0.5951,2.4402,0.03410,1364,4.35
24858,2,0.02529,-2.62593,0.2379,0.5666,2.4239,0.06059,1372,4.34
24868,2,0.02793,-2.61983,0.1836,0.5842,2.2231,0.06811,1384,4.34
24878,2,0.02980,-2.61197,0.1107,0.6646,1.9708,0.06769,1380,4.34
24888,2,0.03087,-2.60325,0.0421,0.7479,1.7076,0.06344,1349,4.34
24898,2,0.03103,-2.59365,-0.0282,0.8327,1.3787,0.05290,1350,4.34
24908,2,0.03065,-2.58405,-0.0468,0.8835,1.3331,0.03545,1353,4.34
24918,2,0.03039,-2.57532,-0.0106,0.8792,1.5884,0.02267,1359,4.34
24928,2,0.03120,-2.56834,0.0799,0.8068,2.1723,0.03155,1366,4.34
24938,2,0.03266,-2.56223,0.1166,0.7284,2.3768,0.04762,1370,4.34
24948,2,0.03418,-2.55525,0.1011,0.7163,2.3350,0.05925,1349,4.34
24958,2,0.03537,-2.54914,0.0740,0.6741,2.1181,0.05823,1356,4.34
24968,2,0.03643,-2.54129,0.0293,0.7187,1.9502,0.07460,1360,4.34
24978,2,0.03682,-2.53256,-0.0601,0.7803,1.4393,0.08623,1360,4.34
24988,2,0.03561,-2.52296,-0.1926,0.8521,0.5245,0.07142,1367,4.34
24998,2,0.03329,-2.51162,-0.2187,0.9650,0.4364,0.02651,1370,4.34
25008,2,0.03140,-2.50202,-0.1559,0.9630,0.7964,0.01495,1371,4.34
25018,2,0.03055,-2.49329,-0.0973,0.9269,1.1148,0.03686,1375,4.34
25028,2,0.02993,-2.48369,-0.1037,0.9401,1.0639,0.05067,1385,4.34
25038,2,0.02890,-2.47235,-0.1793,1.0178,0.6062,0.06729,1386,4.34
25048,2,0.02685,-2.45926,-0.3113,1.1343,-0.2572,0.08003,1349,4.34
25058,2,0.02291,-2.44355,-0.4379,1.3089,-1.0708,0.04488,1352,4.34
25068,2,0.01817,-2.42871,-0.4022,1.3787,-0.9354,-0.01796,1357,4.34
25078,2,0.01527,-2.41737,-0.1915,1.2810,0.2735,-0.03405,1360,4.34
25088,2,0.01499,-2.40952,-0.0117,1.0828,1.1920,0.00692,1365,4.34
25098,2,0.01605,-2.40166,0.0357,0.9639,1.3647,0.05118,1366,4.34
25108,2,0.01657,-2.39381,-0.0377,0.8924,0.6924,0.06152,1349,4.34
25118,2,0.01582,-2.38421,-0.1527,0.9195,-0.1583,0.05446,1355,4.34
25128,2,0.01406,-2.37374,-0.2117,0.9706,-0.5965,0.03187,1360,4.34
25138,2,0.01196,-2.36501,-0.2187,0.9314,-0.8591,0.01653,1361,4.34
25148,2,0.00996,-2.35628,-0.1942,0.9079,-0.8439,0.00709,1364,4.34
25158,2,0.00858,-2.34843,-0.1330,0.8589,-0.5681,0.00583,1368,4.34
25168,2,0.00811,-2.34145,-0.0739,0.7946,-0.2848,0.02172,1372,4.34
25178,2,0.00819,-2.33447,-0.0574,0.7560,-0.2333,0.04077,1375,4.34
25188,2,0.00790,-2.32836,-0.0803,0.6980,-0.5461,0.03368,1380,4.34
25198,2,0.00731,-2.32138,-0.1048,0.6980,-0.7627,0.03020,1349,4.34
25208,2,0.00623,-2.31439,-0.1357,0.6981,-1.0583,0.02010,1355,4.34
25218,2,0.00542,-2.30741,-0.0936,0.6981,-0.7853,0.01168,1349,4.34
25228,2,0.00490,-2.30218,-0.0479,0.6283,-0.6192,0.00308,1352,4.34
25238,2,0.00488,-2.29694,0.0011,0.5864,-0.3370,0.00315,1353,4.34
25248,2,0.00516,-2.29345,0.0197,0.4915,-0.3827,0.00905,1360,4.34
25258,2,0.00604,-2.28996,0.0953,0.4346,0.1242,0.00275,1367,4.35
25268,2,0.00748,-2.28821,0.1320,0.3306,0.2679,0.01360,1370,4.35
25278,2,0.00905,-2.28734,0.1442,0.2331,0.2476,0.01520,1357,4.35
25288,2,0.01080,-2.28647,0.1645,0.1748,0.3850,0.01632,1362,4.35
25298,2,0.01293,-2.28647,0.1916,0.1049,0.5718,0.02322,1365,4.35
25308,2,0.01526,-2.28473,0.2017,0.1327,0.8576,0.03095,1367,4.35
25318,2,0.01748,-2.28560,0.1767,0.0448,0.6159,0.04021,1369,4.35
25328,2,0.01933,-2.28385,0.1586,0.0967,0.7101,0.03238,1373,4.35
25338,2,0.02110,-2.28385,0.1570,0.0580,0.7253,0.03110,1349,4.35
25348,2,0.02282,-2.28385,0.1570,0.0348,0.7837,0.03065,1349,4.35
25358,2,0.02448,-2.28298,0.1453,0.0557,0.8459,0.03458,1349,4.35
25368,2,0.02613,-2.28211,0.1522,0.0684,1.0309,0.03271,1349,4.35
25378,2,0.02772,-2.28211,0.1299,0.0410,0.9025,0.04237,1358,4.35
25388,2,0.02889,-2.28036,0.1038,0.0944,0.8964,0.03520,1364,4.35
25398,2,0.03024,-2.28036,0.1150,0.0567,0.9841,0.04047,1367,4.35
25408,2,0.03144,-2.27862,0.1081,0.1038,1.1114,0.03713,1368,4.35
25418,2,0.03260,-2.27862,0.0937,0.0623,0.9852,0.04374,1376,4.35
25428,2,0.03369,-2.27774,0.0889,0.0723,1.0406,0.04399,1380,4.35
25438,2,0.03468,-2.27687,0.0910,0.0783,1.1330,0.03864,1365,4.35
25448,2,0.03561,-2.27600,0.0852,0.0819,1.1560,0.03963,1365,4.35
25458,2,0.03654,-2.27425,0.0708,0.1189,1.1879,0.04755,1369,4.34
25468,2,0.03733,-2.27251,0.0575,0.1412,1.1870,0.04793,1374,4.34
25478,2,0.03805,-2.27251,0.0442,0.0847,1.0086,0.05198,1382,4.34
25488,2,0.03852,-2.26989,0.0426,0.1555,1.1830,0.04096,1387,4.34
25498,2,0.03892,-2.26814,0.0272,0.1632,1.1095,0.04526,1386,4.34
25508,2,0.03921,-2.26640,0.0139,0.1677,1.0381,0.04645,1349,4.34
25518,2,0.03939,-2.26465,-0.0053,0.1704,0.9120,0.05119,1349,4.34
25528,2,0.03951,-2.26204,0.0006,0.2069,1.0458,0.04535,1349,4.34
25538,2,0.03959,-2.26029,-0.0138,0.1940,0.9151,0.05038,1349,4.34
25548,2,0.03945,-2.25767,-0.0282,0.2211,0.8593,0.04677,1353,4.34
25558,2,0.03942,-2.25505,-0.0372,0.2374,0.8266,0.05654,1355,4.34
25568,2,0.03900,-2.25244,-0.0675,0.2471,0.5939,0.05178,1352,4.34
25578,2,0.03834,-2.24982,-0.0878,0.2530,0.4136,0.04893,1356,4.34
25588,2,0.03737,-2.24545,-0.1032,0.3263,0.3991,0.04031,1361,4.34
25598,2,0.03636,-2.24196,-0.1117,0.3355,0.2940,0.04184,1366,4.34
25608,2,0.03518,-2.23935,-0.1330,0.3059,-0.0036,0.04294,1374,4.34
25618,2,0.03402,-2.23498,-0.1261,0.3581,0.0931,0.03913,1379,4.34
25628,2,0.03291,-2.23236,-0.1319,0.3196,-0.1031,0.04325,1381,4.34
25638,2,0.03166,-2.22887,-0.1266,0.3315,-0.1133,0.03215,1384,4.34
25648,2,0.03056,-2.22626,-0.1298,0.3035,-0.2652,0.04084,1349,4.34
25658,2,0.02936,-2.22276,-0.1330,0.3218,-0.3222,0.03586,1349,4.34
25668,2,0.02807,-2.22015,-0.1607,0.2978,-0.6635,0.04368,1350,4.34
25678,2,0.02668,-2.21666,-0.1553,0.3183,-0.6630,0.03503,1359,4.34
25688,2,0.02542,-2.21491,-0.1543,0.2607,-0.8591,0.03919,1359,4.34
25698,2,0.02396,-2.21229,-0.1511,0.2612,-0.9238,0.02652,1363,4.34
25708,2,0.02271,-2.21055,-0.1335,0.2265,-0.9434,0.02733,1366,4.34
25718,2,0.02162,-2.20880,-0.1106,0.2057,-0.8829,0.02233,1372,4.34
25728,2,0.02079,-2.20793,-0.0936,0.1584,-0.9086,0.02630,1360,4.34
25738,2,0.02006,-2.20793,-0.0718,0.0950,-0.9282,0.01905,1370,4.34
25748,2,0.01955,-2.20793,-0.0377,0.0570,-0.7851,0.01315,1376,4.34
25758,2,0.01942,-2.20793,-0.0324,0.0342,-0.8027,0.02914,1377,4.35
25768,2,0.01929,-2.20793,-0.0404,0.0205,-0.9015,0.03276,1382,4.35
25778,2,0.01885,-2.20793,-0.0665,0.0123,-1.1442,0.03038,1388,4.35
25788,2,0.01829,-2.20880,-0.0596,-0.0276,-1.2150,0.01998,1349,4.35
25798,2,0.01793,-2.20967,-0.0330,-0.0514,-1.0891,0.01631,1349,4.35
25808,2,0.01798,-2.21055,-0.0106,-0.0658,-0.9490,0.02562,1351,4.35
25818,2,0.01780,-2.21229,-0.0484,-0.1093,-1.3423,0.03334,1357,4.35
25828,2,0.01733,-2.21229,-0.0468,-0.0656,-1.2649,0.01693,1360,4.35
25838,2,0.01682,-2.21404,-0.0612,-0.1091,-1.5025,0.02185,1365,4.35
25848,2,0.01623,-2.21578,-0.0447,-0.1352,-1.4730,0.00915,1369,4.35
25858,2,0.01589,-2.21578,-0.0244,-0.0811,-1.2231,0.01134,1374,4.35
25868,2,0.01589,-2.21840,-0.0079,-0.1534,-1.2580,0.01990,1385,4.35
25878,2,0.01596,-2.22015,0.0022,-0.1619,-1.1970,0.01828,1370,4.35
25888,2,0.01600,-2.22276,0.0112,-0.2019,-1.2155,0.01235,1349,4.35
25898,2,0.01630,-2.22538,0.0447,-0.2259,-0.9973,0.00892,1349,4.35
25908,2,0.01678,-2.22800,0.0527,-0.2402,-0.9402,0.01428,1351,4.35
25918,2,0.01709,-2.23062,0.0485,-0.2489,-0.9737,0.00865,1355,4.35
25928,2,0.01786,-2.23411,0.1038,-0.2889,-0.5964,0.00443,1360,4.35
25938,2,0.01923,-2.23847,0.1437,-0.3479,-0.3401,0.01589,1364,4.35
25948,2,0.02064,-2.24196,0.1490,-0.3483,-0.2150,0.01635,1366,4.35
25958,2,0.02237,-2.24633,0.1698,-0.3835,-0.0291,0.02410,1374,4.35
25968,2,0.02401,-2.25069,0.1756,-0.4047,0.0693,0.01851,1381,4.35
25978,2,0.02559,-2.25418,0.1666,-0.3824,0.1457,0.02092,1349,4.35
25988,2,0.02715,-2.25767,0.1613,-0.3691,0.2302,0.02466,1349,4.35
25998,2,0.02868,-2.26029,0.1496,-0.3262,0.3296,0.03058,1349,4.35
26008,2,0.03002,-2.26291,0.1341,-0.3005,0.3508,0.02961,1351,4.35
26018,2,0.03087,-2.26465,0.0937,-0.2500,0.2070,0.02669,1358,4.35
26028,2,0.03175,-2.26553,0.0974,-0.1850,0.4316,0.02682,1365,4.35
26038,2,0.03273,-2.26640,0.0963,-0.1458,0.5704,0.03395,1368,4.35
26048,2,0.03343,-2.26727,0.0713,-0.1224,0.4752,0.03250,1350,4.35
26058,2,0.03408,-2.26727,0.0639,-0.0735,0.5670,0.03497,1352,4.35
26068,2,0.03485,-2.26640,0.0804,-0.0091,0.8811,0.03281,1360,4.35
26078,2,0.03583,-2.26553,0.0836,0.0294,1.0520,0.04321,1368,4.35
26088,2,0.03647,-2.26465,0.0522,0.0526,0.9056,0.04209,1366,4.35
26098,2,0.03686,-2.26291,0.0490,0.1013,1.0137,0.03185,1370,4.35
26108,2,0.03750,-2.26116,0.0655,0.1306,1.2450,0.03721,1371,4.35
26118,2,0.03823,-2.26116,0.0724,0.0783,1.2294,0.03843,1377,4.35
26128,2,0.03900,-2.25942,0.0740,0.1169,1.3756,0.04057,1349,4.35
26138,2,0.03978,-2.25767,0.0650,0.1399,1.4080,0.04620,1355,4.35
26148,2,0.04049,-2.25505,0.0495,0.1887,1.4443,0.05111,1355,4.35
26158,2,0.04088,-2.25331,0.0181,0.1830,1.2203,0.05129,1355,4.35
26168,2,0.04110,-2.24982,0.0059,0.2494,1.2894,0.04941,1357,4.35
26178,2,0.04125,-2.24633,-0.0138,0.2893,1.2397,0.05551,1361,4.35
26188,2,0.04092,-2.24196,-0.0564,0.3481,1.0284,0.05255,1364,4.35
26198,2,0.04049,-2.23847,-0.0574,0.3484,0.9967,0.04760,1349,4.35
26208,2,0.03996,-2.23498,-0.0633,0.3487,0.9223,0.04500,1349,4.35
26218,2,0.03938,-2.23062,-0.0798,0.3838,0.8409,0.05023,1349,4.35
26228,2,0.03876,-2.22626,-0.0840,0.4047,0.8193,0.05006,1355,4.35
26238,2,0.03809,-2.22189,-0.1048,0.4174,0.6513,0.05708,1357,4.35
26248,2,0.03696,-2.21753,-0.1447,0.4250,0.2981,0.05279,1366,4.35
26258,2,0.03541,-2.21317,-0.1830,0.4295,-0.0768,0.04908,1374,4.35
26268,2,0.03347,-2.20793,-0.1947,0.4672,-0.2009,0.03410,1376,4.35
26278,2,0.03166,-2.20269,-0.1686,0.4898,-0.0642,0.02524,1380,4.35
26288,2,0.03042,-2.20008,-0.1452,0.3985,-0.1621,0.04104,1366,4.35
26298,2,0.02926,-2.19658,-0.1277,0.3788,-0.1423,0.03518,1370,4.35
26308,2,0.02846,-2.19397,-0.0936,0.3320,-0.0343,0.03560,1371,4.35
26318,2,0.02779,-2.19135,-0.0835,0.3038,-0.0593,0.03602,1374,4.35
26328,2,0.02709,-2.18960,-0.0867,0.2522,-0.2393,0.03505,1378,4.35
26338,2,0.02634,-2.18786,-0.0851,0.2211,-0.3408,0.03144,1378,4.35
26348,2,0.02592,-2.18611,-0.0574,0.2025,-0.1966,0.03386,1382,4.35
26358,2,0.02595,-2.18524,-0.0175,0.1564,0.0074,0.03596,1390,4.35
26368,2,0.02585,-2.18524,-0.0367,0.0939,-0.2802,0.03936,1380,4.35
26378,2,0.02544,-2.18437,-0.0463,0.0912,-0.3834,0.02832,1362,4.35
26388,2,0.02524,-2.18437,-0.0250,0.0547,-0.3149,0.02731,1382,4.35
26398,2,0.02537,-2.18437,-0.0016,0.0328,-0.1771,0.03265,1349,4.35
26408,2,0.02251,-2.18437,-0.0117,0.0197,-0.4624,-0.11440,1349,4.35
26418,2,0.04038,-2.20269,2.8873,-0.7211,20.9842,-0.50959,1355,4.35
26428,2,0.06037,-2.21404,3.4758,-0.8866,26.3309,-0.67834,1349,4.35
26438,2,0.08199,-2.20793,3.3736,-0.2876,28.2330,-0.52366,1356,4.35
26448,2,0.10721,-2.18524,3.6003,0.7351,30.0000,-0.43193,1361,4.35
26458,2,0.13518,-2.14597,3.6280,2.0118,30.0000,-0.28045,1364,4.23
26468,2,0.16553,-2.08139,3.3651,3.7901,30.0000,0.00063,1376,4.23
26478,2,0.19052,-2.00111,2.7984,5.4855,30.0000,0.04053,1382,4.23
26488,2,0.21676,-1.90250,1.8667,7.2358,30.0000,0.59533,1382,4.23
26498,2,0.23021,-1.78032,0.4050,9.2283,30.0000,0.70064,1383,4.23
26508,2,0.22919,-1.63284,-1.0605,11.4362,29.9980,0.70844,1349,4.23
26518,2,0.21421,-1.45482,-2.5461,13.9827,23.5067,0.73800,1349,4.23
26528,2,0.18641,-1.25149,-4.0265,16.5229,16.2546,0.80949,1350,4.23
26538,2,0.14003,-1.02625,-5.5004,18.9231,7.5918,0.57130,1356,4.23
26548,2,0.08002,-0.78461,-6.5785,21.0195,0.4180,0.36883,1361,4.23
26558,2,0.00665,-0.53678,-6.8179,22.5251,-2.5321,-0.25264,1366,4.19
26568,2,-0.05927,-0.29592,-6.1097,23.1493,0.2350,-0.30058,1372,4.19
26578,2,-0.11074,-0.07077,-5.0737,22.8955,4.4680,-0.14729,1349,4.19
26588,2,-0.16028,0.15612,-5.0077,22.8130,1.8526,-0.13369,1357,4.19
26598,2,-0.21350,0.37428,-5.1801,22.4145,-3.4964,-0.28447,1362,4.19
26608,2,-0.26672,0.58023,-5.0604,21.6867,-7.3615,-0.39743,1363,4.19
26618,2,-0.30585,0.77048,-3.7322,20.6216,-1.9368,-0.39639,1366,4.19
26628,2,-0.33452,0.94501,-3.0362,19.3543,-1.0929,-0.24997,1376,4.19
26638,2,-0.36178,1.11256,-2.7600,18.3146,-2.8482,-0.34477,1377,4.19
26648,2,-0.38553,1.27400,-2.3764,17.4465,-3.1990,-0.38476,1349,4.19
26658,2,-0.40417,1.42672,-1.9725,16.5765,-3.0857,-0.34983,1351,4.29
26668,2,-0.41787,1.56547,-1.4447,15.4961,-2.1928,-0.38043,1353,4.29
26678,2,-0.42480,1.69114,-0.8588,14.3242,-0.6441,-0.34196,1349,4.29
26688,2,-0.42837,1.80895,-0.5970,13.3070,-1.0066,-0.30855,1349,4.29
26698,2,-0.43178,1.91812,-0.4698,12.3509,-2.2516,-0.36713,1355,4.29
26708,2,-0.43015,2.01664,0.0687,11.3515,-0.1680,-0.38297,1361,4.29
26718,2,-0.42286,2.10138,0.6008,10.2004,1.8817,-0.35878,1368,4.29
26728,2,-0.41201,2.18690,0.8743,9.5411,3.2713,-0.30671,1380,4.29
26738,2,-0.39994,2.25758,0.8796,8.5520,1.9753,-0.23650,1386,4.29
26748,2,-0.38842,2.33167,1.0009,8.0948,2.6864,-0.31252,1385,4.29
26758,2,-0.37528,2.39450,1.1558,7.3701,3.1602,-0.29637,1349,4.31
26768,2,-0.36185,2.45393,1.2643,6.7993,3.6344,-0.32250,1350,4.31
26778,2,-0.34632,2.51057,1.4580,6.3449,5.1381,-0.29855,1350,4.31
26788,2,-0.32810,2.55769,1.5613,5.6920,5.6847,-0.19804,1363,4.31
26798,2,-0.31209,2.60656,1.4341,5.3699,5.0708,-0.22831,1365,4.31
26808,2,-0.29640,2.65814,1.4878,5.2850,6.3258,-0.25593,1367,4.31
26818,2,-0.27890,2.70090,1.5996,4.8814,7.4314,-0.20396,1353,4.31
26828,2,-0.26105,2.73755,1.5586,4.3949,7.2173,-0.14783,1358,4.31
26838,2,-0.24504,2.77935,1.4197,4.3090,7.0240,-0.15423,1360,4.31
26848,2,-0.23060,2.82307,1.2862,4.3342,7.0152,-0.15193,1369,4.31
26858,2,-0.21726,2.86225,1.2308,4.1678,7.1083,-0.16542,1369,4.33
26868,2,-0.20397,2.89978,1.1510,4.0017,7.0118,-0.11493,1372,4.33
26878,2,-0.19193,2.93913,1.0025,3.9753,6.6232,-0.09103,1382,4.33
26888,2,-0.18283,2.98189,0.8637,4.0956,6.4435,-0.15999,1387,4.33
26898,2,-0.17261,3.02108,0.9871,4.0246,7.9014,-0.15511,1349,4.33
26908,2,-0.16126,3.05773,0.9248,3.8809,7.8637,-0.05596,1352,4.33
26918,2,-0.15283,3.09525,0.6263,3.8295,6.0547,-0.04469,1351,4.33
26928,2,-0.14805,3.13627,0.5481,3.9383,6.0356,-0.18314,1355,4.33
26938,2,-0.14000,3.17379,0.8003,3.8640,8.3228,-0.13766,1360,4.33
26948,2,-0.13057,3.20870,0.8078,3.7146,8.6778,-0.06303,1369,4.33
26958,2,-0.12184,3.24099,0.6657,3.5204,7.7564,-0.01817,1381,4.34
26968,2,-0.11702,3.27677,0.3762,3.5434,5.9493,-0.06401,1352,4.34
26978,2,-0.11330,3.31516,0.2943,3.6619,5.8540,-0.07460,1353,4.34
26988,2,-0.11113,3.35531,0.2123,3.8028,5.7115,-0.10888,1349,4.34
26998,2,-0.10743,3.39109,0.3198,3.7129,6.5931,-0.08205,1349,4.34
27008,2,-0.10408,3.42608,0.1288,3.6275,5.2013,-0.00099,1353,4.34
27018,2,-0.10349,3.46439,-0.0888,3.7089,3.8004,-0.02947,1359,4.34
27028,2,-0.10623,3.50453,-0.1617,3.8311,3.3754,-0.16274,1365,4.34
27038,2,-0.10510,3.53769,0.1857,3.6250,5.6561,-0.14152,1373,4.34
27048,2,-0.10195,3.56911,0.1613,3.4317,5.2745,-0.02502,1380,4.34
27058,2,-0.10095,3.60227,-0.0095,3.3855,3.9713,-0.04620,1351,4.35
27068,2,-0.10238,3.63805,-0.1112,3.4624,3.3093,-0.11835,1353,4.35
27078,2,-0.10193,3.66772,0.1730,3.2643,5.0821,-0.16589,1350,4.35
27088,2,-0.09807,3.69390,0.3055,3.0058,5.7872,-0.05774,1350,4.35
27098,2,-0.09525,3.71921,0.2368,2.8157,5.0523,-0.07261,1355,4.35
27108,2,-0.09259,3.74364,0.2698,2.6668,5.1661,-0.09424,1362,4.35
27118,2,-0.08943,3.76633,0.2331,2.5077,4.7592,-0.04822,1368,4.35
27128,2,-0.08800,3.78989,0.0814,2.4471,3.5889,-0.05711,1376,4.35
27138,2,-0.08740,3.81258,0.0527,2.3758,3.2730,-0.08360,1384,4.35
27148,2,-0.08637,3.83702,0.0133,2.4029,3.1192,-0.04174,1349,4.35
27158,2,-0.08691,3.86058,-0.0681,2.3842,2.4477,-0.07991,1349,4.35
27168,2,-0.08716,3.88327,0.0559,2.3381,3.2896,-0.12738,1349,4.35
27178,2,-0.08513,3.90081,0.1570,2.1045,3.6885,-0.06219,1357,4.35
27188,2,-0.08347,3.91905,0.0139,1.9923,2.4796,-0.00779,1361,4.35
27198,2,-0.08457,3.93912,-0.1686,1.9982,1.0579,-0.05518,1373,4.35
27208,2,-0.08633,3.95753,-0.1394,1.9354,1.0474,-0.10446,1379,4.35
27218,2,-0.08709,3.97490,-0.1117,1.8559,1.0504,-0.06904,1364,4.35
27228,2,-0.08861,3.99410,-0.1346,1.8814,0.8528,-0.09750,1363,4.35
27238,2,-0.08969,4.00806,-0.0053,1.6874,1.3521,-0.14122,1366,4.35
27248,2,-0.08831,4.01853,0.2368,1.4313,2.7229,-0.13753,1369,4.35
27258,2,-0.08448,4.02551,0.3874,1.1381,3.4709,-0.08690,1375,4.35
27268,2,-0.08027,4.03162,0.3480,0.9272,2.9835,-0.04379,1384,4.35
27278,2,-0.07741,4.03947,0.2150,0.8704,2.0395,-0.04195,1392,4.35
27288,2,-0.07569,4.04733,0.1288,0.8365,1.4280,-0.05408,1349,4.35
27298,2,-0.07480,4.05518,0.0602,0.8160,0.9263,-0.06040,1351,4.35
27308,2,-0.07432,4.06217,0.0261,0.7689,0.6025,-0.06297,1358,4.35
27318,2,-0.07427,4.06827,0.0011,0.7056,0.2831,-0.07256,1364,4.35
27328,2,-0.07387,4.07351,0.0330,0.6329,0.3958,-0.07037,1373,4.35
27338,2,-0.07329,4.07613,0.0799,0.4845,0.4656,-0.08422,1384,4.35
27348,2,-0.07212,4.07787,0.1139,0.3604,0.5282,-0.07049,1393,4.35
27358,2,-0.07063,4.07874,0.1448,0.2511,0.6180,-0.06873,1354,4.35
27368,2,-0.06900,4.07874,0.1437,0.1507,0.4942,-0.05903,1350,4.35
27378,2,-0.06763,4.07787,0.1160,0.0555,0.1628,-0.05721,1354,4.35
27388,2,-0.06648,4.07700,0.1054,-0.0016,0.0292,-0.06183,1357,4.35
27398,2,-0.06548,4.07526,0.0894,-0.0707,-0.1804,-0.06000,1363,4.35
27408,2,-0.06496,4.07264,0.0522,-0.1472,-0.5986,-0.06502,1374,4.35
27418,2,-0.06468,4.07002,0.0336,-0.1931,-0.8247,-0.06782,1376,4.35
27428,2,-0.06450,4.06740,0.0203,-0.2205,-0.9760,-0.06552,1349,4.35
27438,2,-0.06421,4.06391,0.0266,-0.2720,-1.0244,-0.06291,1349,4.35
27448,2,-0.06405,4.05955,0.0085,-0.3377,-1.2982,-0.06030,1352,4.35
27458,2,-0.06427,4.05518,-0.0032,-0.3772,-1.4905,-0.07369,1351,4.34
27468,2,-0.06442,4.04908,0.0266,-0.4706,-1.4833,-0.08532,1359,4.34
27478,2,-0.06399,4.04209,0.0974,-0.5617,-1.1249,-0.09130,1366,4.34
27488,2,-0.06256,4.03250,0.2086,-0.7209,-0.5477,-0.09514,1373,4.34
27498,2,-0.06012,4.02036,0.3172,-0.9178,-0.0114,-0.09672,1349,4.34
27508,2,-0.05650,4.00632,0.3752,-1.1126,0.2190,-0.06344,1349,4.34
27518,2,-0.05302,3.99244,0.3033,-1.2226,-0.3567,-0.03050,1352,4.34
27528,2,-0.05074,3.98188,0.1666,-1.1559,-1.1119,-0.02016,1351,4.34
27538,2,-0.05052,3.97411,-0.0042,-1.0042,-2.0666,-0.03714,1356,4.34
27548,2,-0.05149,3.96626,-0.0542,-0.9167,-2.3225,-0.07302,1367,4.34
27558,2,-0.05233,3.95832,-0.0228,-0.8676,-2.0375,-0.08296,1372,4.33
27568,2,-0.05264,3.94959,0.0548,-0.8696,-1.4805,-0.09552,1373,4.33
27578,2,-0.05205,3.93921,0.1208,-0.9372,-1.0996,-0.08284,1380,4.33
27588,2,-0.05069,3.92778,0.1762,-1.0195,-0.7843,-0.07101,1369,4.33
27598,2,-0.04921,3.91730,0.1751,-1.0307,-0.7317,-0.06255,1349,4.33
27608,2,-0.04782,3.90509,0.1597,-1.1071,-0.9380,-0.05837,1354,4.33
27618,2,-0.04672,3.89383,0.1666,-1.1146,-0.8422,-0.07504,1362,4.33
27628,2,-0.04509,3.88153,0.2432,-1.1609,-0.2699,-0.08487,1369,4.33
27638,2,-0.04256,3.86582,0.3071,-1.3249,0.0020,-0.06984,1376,4.33
27648,2,-0.03959,3.84924,0.3214,-1.4581,-0.0064,-0.05172,1361,4.33
27658,2,-0.03687,3.83440,0.2517,-1.4684,-0.3973,-0.02669,1390,4.34
27668,2,-0.03538,3.82218,0.1251,-1.3696,-1.0571,-0.02344,1375,4.34
27678,2,-0.03523,3.80997,0.0463,-1.3104,-1.5250,-0.05084,1349,4.34
27688,2,-0.03509,3.79696,0.1187,-1.3064,-0.9701,-0.08725,1355,4.34
27698,2,-0.03332,3.78204,0.2890,-1.3808,0.2556,-0.08956,1359,4.34
27708,2,-0.02979,3.76546,0.3917,-1.4917,1.0001,-0.04918,1371,4.34
27718,2,-0.02610,3.74975,0.3486,-1.5233,0.8243,-0.01599,1377,4.34
27728,2,-0.02341,3.73579,0.2842,-1.4725,0.6060,-0.03073,1356,4.34
27738,2,-0.02117,3.72191,0.2821,-1.4385,0.7932,-0.05047,1357,4.34
27748,2,-0.01850,3.70621,0.3172,-1.4915,1.0992,-0.04336,1361,4.34
27758,2,-0.01554,3.69137,0.2661,-1.4883,0.8938,-0.00045,1368,4.34
27768,2,-0.01383,3.67907,0.1240,-1.3851,0.1401,0.00933,1373,4.34
27778,2,-0.01382,3.66685,0.0096,-1.3198,-0.5932,-0.01804,1379,4.34
27788,2,-0.01459,3.65638,0.0022,-1.2108,-0.4693,-0.05427,1391,4.34
27798,2,-0.01448,3.64503,0.0772,-1.1802,0.1632,-0.04721,1389,4.34
27808,2,-0.01374,3.63290,0.1070,-1.1933,0.3964,-0.03061,1349,4.34
27818,2,-0.01308,3.62147,0.0618,-1.1733,0.1300,-0.01059,1352,4.34
27828,2,-0.01299,3.61187,-0.0101,-1.0880,-0.2307,-0.00390,1357,4.34
27838,2,-0.01397,3.60489,-0.1208,-0.9319,-0.7959,-0.00237,1359,4.34
27848,2,-0.01590,3.59878,-0.2043,-0.8036,-1.2757,-0.01039,1371,4.34
27858,2,-0.01843,3.59355,-0.2394,-0.6915,-1.4613,-0.02527,1377,4.35
27868,2,-0.02112,3.58927,-0.2596,-0.5860,-1.5570,-0.02545,1378,4.35
27878,2,-0.02392,3.58394,-0.2660,-0.5646,-1.7403,-0.03117,1349,4.35
27888,2,-0.02650,3.57967,-0.2341,-0.5098,-1.5453,-0.03836,1349,4.35
27898,2,-0.02910,3.57435,-0.2352,-0.5187,-1.7412,-0.04139,1351,4.35
27908,2,-0.03196,3.56920,-0.2479,-0.5172,-2.0199,-0.05135,1357,4.35
27918,2,-0.03472,3.56387,-0.2075,-0.5233,-1.9051,-0.06874,1360,4.35
27928,2,-0.03697,3.55776,-0.1713,-0.5583,-1.8546,-0.06368,1361,4.35
27938,2,-0.03903,3.55078,-0.1458,-0.6142,-1.9190,-0.06918,1368,4.35
27948,2,-0.04077,3.54468,-0.1255,-0.6128,-1.8776,-0.06489,1374,4.35
27958,2,-0.04209,3.53682,-0.0941,-0.6819,-1.8808,-0.06137,1349,4.34
27968,2,-0.04319,3.52984,-0.0761,-0.6884,-1.8332,-0.06012,1353,4.34
27978,2,-0.04402,3.52120,-0.0298,-0.7586,-1.6952,-0.07038,1355,4.34
27988,2,-0.04436,3.51151,0.0437,-0.8427,-1.3523,-0.08341,1351,4.34
27998,2,-0.04367,3.50104,0.1570,-0.9245,-0.6378,-0.08769,1362,4.34
28008,2,-0.04173,3.48882,0.2501,-1.0433,-0.0797,-0.06965,1368,4.34
28018,2,-0.03904,3.47661,0.2714,-1.1147,0.0849,-0.04048,1375,4.34
28028,2,-0.03681,3.46614,0.1549,-1.0877,-0.6060,-0.00234,1364,4.34
28038,2,-0.03633,3.45828,0.0064,-0.9667,-1.4432,-0.01597,1366,4.34
28048,2,-0.03711,3.45304,-0.0931,-0.7895,-1.8635,-0.02932,1349,4.34
28058,2,-0.03846,3.44877,-0.1239,-0.6448,-1.8704,-0.04410,1350,4.34
28068,2,-0.03945,3.44345,-0.1138,-0.5997,-1.7625,-0.03204,1361,4.34
28078,2,-0.04078,3.43821,-0.1186,-0.5693,-1.8210,-0.04805,1362,4.34
28088,2,-0.04228,3.43385,-0.1106,-0.5161,-1.7428,-0.06206,1368,4.34
28098,2,-0.04323,3.42861,-0.0585,-0.5192,-1.4186,-0.06111,1375,4.34
28108,2,-0.04361,3.42250,0.0043,-0.5558,-1.0520,-0.06468,1381,4.34
28118,2,-0.04343,3.41639,0.0399,-0.5778,-0.8242,-0.05458,1388,4.34
28128,2,-0.04323,3.40854,0.0485,-0.6608,-0.9345,-0.05737,1349,4.34
28138,2,-0.04281,3.40243,0.0820,-0.6409,-0.6162,-0.06297,1351,4.34
28148,2,-0.04210,3.39458,0.0900,-0.6987,-0.6433,-0.05144,1351,4.34
28158,2,-0.04126,3.38760,0.0942,-0.6984,-0.5639,-0.04670,1359,4.33
28168,2,-0.04065,3.38061,0.0825,-0.6984,-0.6197,-0.05133,1364,4.33
28178,2,-0.03968,3.37276,0.1070,-0.7331,-0.4556,-0.04471,1369,4.33
28188,2,-0.03854,3.36491,0.1538,-0.7540,-0.0812,-0.05849,1373,4.33
28198,2,-0.03685,3.35705,0.1895,-0.7666,0.2616,-0.04675,1377,4.33
28208,2,-0.03500,3.34745,0.1985,-0.8439,0.2702,-0.04180,1350,4.33
28218,2,-0.03338,3.33969,0.1810,-0.8171,0.2915,-0.04276,1349,4.33
28228,2,-0.03183,3.33183,0.1586,-0.8044,0.2409,-0.03392,1349,4.33
28238,2,-0.03057,3.32485,0.1331,-0.7618,0.2141,-0.03386,1350,4.33
28248,2,-0.02935,3.31874,0.0878,-0.7015,0.0750,-0.01237,1357,4.33
28258,2,-0.02896,3.31264,0.0293,-0.6652,-0.2698,-0.02431,1364,4.34
28268,2,-0.02914,3.30818,-0.0260,-0.5772,-0.5116,-0.02476,1377,4.34
28278,2,-0.02975,3.30469,-0.0484,-0.4860,-0.5235,-0.03616,1379,4.34
28288,2,-0.03046,3.30207,-0.0564,-0.3963,-0.4355,-0.03793,1378,4.34
28298,2,-0.03093,3.29955,-0.0697,-0.3389,-0.4429,-0.01958,1382,4.34
28308,2,-0.03182,3.29684,-0.0878,-0.3116,-0.5786,-0.03228,1386,4.34
28318,2,-0.03286,3.29597,-0.0894,-0.2219,-0.4614,-0.04022,1389,4.34
28328,2,-0.03486,3.29335,-0.0798,-0.2379,-0.5520,-0.09484,1349,4.34
28338,2,-0.04344,3.28820,0.4433,-0.3486,2.6212,-0.69427,1351,4.34
28348,2,-0.02521,3.26630,3.3076,-1.0853,23.8347,-0.76736,1351,4.34
28358,2,0.00544,3.24797,4.7848,-1.3843,30.0000,-0.85449,1356,4.31
28368,2,0.04384,3.25416,4.8774,-0.5828,30.0000,-0.47477,1360,4.31
28378,2,0.09049,3.29335,4.7529,1.2176,30.0000,0.04625,1362,4.31
28388,2,0.12870,3.35627,2.7676,3.2474,30.0000,0.65576,1368,4.31
28398,2,0.15580,3.44170,1.0031,5.3658,30.0000,1.00883,1377,4.31
28408,2,0.16046,3.56649,-0.8811,8.2111,24.3591,0.83419,1382,4.31
28418,2,0.13690,3.72270,-3.1533,11.1750,12.2636,0.53536,1381,4.31
28428,2,0.10080,3.89994,-4.4277,13.7945,6.1981,0.50967,1350,4.31
28438,2,0.04653,4.07613,-5.1412,15.3244,0.8559,-0.09625,1349,4.31
28448,2,-0.00235,4.25590,-4.5187,16.3854,4.9511,-0.18670,1349,4.31
28458,2,-0.03721,4.42868,-3.4864,16.7427,11.4922,-0.03730,1352,4.25
28468,2,-0.06382,4.60147,-3.5215,16.9572,10.1607,0.36663,1355,4.25
28478,2,-0.10756,4.78735,-4.5522,17.6094,1.1751,-0.01886,1355,4.25
28488,2,-0.15541,4.97323,-4.5761,18.0007,-1.0155,-0.25967,1360,4.25
28498,2,-0.19477,5.14610,-3.8737,17.7154,1.3427,-0.22584,1363,4.25
28508,2,-0.22772,5.31016,-3.1905,17.1917,3.4328,-0.28013,1368,4.25
28518,2,-0.25625,5.46812,-2.9644,16.6332,2.2601,-0.20036,1372,4.25
28528,2,-0.28471,5.62162,-2.9069,16.1199,-0.0906,-0.25413,1349,4.25
28538,2,-0.31287,5.77433,-2.8015,15.7806,-1.6809,-0.32010,1350,4.25
28548,2,-0.33554,5.91221,-2.1582,14.9836,0.1373,-0.39016,1355,4.25
28558,2,-0.34613,6.03002,-1.2893,13.7025,3.3538,-0.23102,1354,4.31
28568,2,-0.35505,6.14792,-1.2047,12.9374,1.8621,-0.19880,1354,4.31
28578,2,-0.36871,6.26486,-1.4207,12.4399,-1.6219,-0.34119,1356,4.31
28588,2,-0.37818,6.36338,-0.9934,11.4049,-1.1582,-0.35481,1368,4.31
28598,2,-0.38071,6.45850,-0.2054,10.6478,3.0779,-0.40464,1375,4.31
28608,2,-0.37593,6.53704,0.1368,9.5302,3.5992,-0.20517,1373,4.31
28618,2,-0.37288,6.61646,0.0149,8.8946,1.5492,-0.22820,1378,4.31
28628,2,-0.37051,6.68976,0.0474,8.2690,0.6418,-0.27563,1378,4.31
28638,2,-0.36771,6.75704,0.1618,7.6527,0.3976,-0.30831,1384,4.31
28648,2,-0.36249,6.82066,0.4875,7.1363,2.1199,-0.34542,1349,4.31
28658,2,-0.35315,6.86874,0.8764,6.2052,3.6641,-0.32443,1349,4.31
28668,2,-0.34112,6.91491,1.0520,5.5696,4.4057,-0.26539,1354,4.31
28678,2,-0.32828,6.95679,1.1318,5.0172,4.6505,-0.25256,1362,4.31
28688,2,-0.31505,6.99344,1.1143,4.4764,4.2040,-0.21036,1375,4.31
28698,2,-0.30340,7.03184,0.9429,4.2218,3.1189,-0.19231,1376,4.31
28708,2,-0.29344,7.06762,0.9515,3.9643,3.2799,-0.27148,1379,4.31
28718,2,-0.28153,7.09904,1.0669,3.6352,4.2146,-0.21932,1384,4.31
28728,2,-0.26944,7.12784,1.0142,3.3330,3.9438,-0.17201,1363,4.31
28738,2,-0.25878,7.15672,0.8668,3.1552,3.1367,-0.15931,1388,4.31
28748,2,-0.25001,7.18543,0.8195,3.0416,3.1079,-0.22118,1393,4.31
28758,2,-0.23968,7.20812,1.0387,2.7325,4.7647,-0.24257,1355,4.32
28768,2,-0.22658,7.22557,1.1606,2.3376,5.6670,-0.15218,1355,4.32
28778,2,-0.21478,7.24390,0.9445,2.1356,4.3508,-0.09684,1359,4.32
28788,2,-0.20639,7.26310,0.7290,2.0493,3.0763,-0.15155,1361,4.32
28798,2,-0.19886,7.27977,0.7349,1.8963,3.2758,-0.18989,1365,4.32
28808,2,-0.19028,7.29364,0.8019,1.6929,3.8929,-0.16223,1369,4.32
28818,2,-0.18142,7.30586,0.8168,1.5043,4.1641,-0.14658,1379,4.32
28828,2,-0.17250,7.31633,0.8392,1.3215,4.5063,-0.14613,1384,4.32
28838,2,-0.16346,7.32515,0.8711,1.1455,4.9421,-0.14682,1380,4.32
28848,2,-0.15385,7.33125,0.9206,0.9316,5.4615,-0.13403,1387,4.32
28858,2,-0.14381,7.33553,0.9291,0.7300,5.7233,-0.10638,1349,4.33
28868,2,-0.13428,7.33815,0.8589,0.5427,5.3868,-0.08695,1353,4.33
28878,2,-0.12561,7.34077,0.7950,0.4304,5.2072,-0.08987,1363,4.33
28888,2,-0.11748,7.34251,0.7461,0.3280,5.1281,-0.08375,1363,4.33
28898,2,-0.10989,7.34338,0.6827,0.2317,4.9182,-0.07177,1365,4.33
28908,2,-0.10300,7.34338,0.6226,0.1390,4.6957,-0.06961,1350,4.33
28918,2,-0.09683,7.34251,0.5465,0.0485,4.3106,-0.06181,1352,4.33
28928,2,-0.09173,7.34338,0.4630,0.0640,4.0344,-0.06810,1357,4.33
28938,2,-0.08720,7.34251,0.3922,0.0035,3.6516,-0.05690,1366,4.33
28948,2,-0.08360,7.34173,0.3172,-0.0293,3.2384,-0.06214,1370,4.33
28958,2,-0.08070,7.34077,0.2496,-0.0560,2.8510,-0.06033,1371,4.35
28968,2,-0.07835,7.33902,0.1799,-0.1034,2.3662,-0.05110,1373,4.35
28978,2,-0.07674,7.33728,0.1251,-0.1318,1.9893,-0.05875,1349,4.35
28988,2,-0.07561,7.33553,0.0697,-0.1489,1.6027,-0.05412,1354,4.35
28998,2,-0.07506,7.33291,0.0234,-0.1941,1.1864,-0.05907,1349,4.35
29008,2,-0.07514,7.32942,-0.0308,-0.2561,0.6324,-0.06369,1351,4.35
29018,2,-0.07573,7.32689,-0.0782,-0.2549,0.2371,-0.06606,1359,4.35
29028,2,-0.07671,7.32331,-0.1208,-0.2961,-0.2402,-0.06563,1362,4.35
29038,2,-0.07826,7.31904,-0.1676,-0.3487,-0.8108,-0.07187,1367,4.35
29048,2,-0.08003,7.31546,-0.1984,-0.3523,-1.1671,-0.06945,1372,4.35
29058,2,-0.08239,7.30935,-0.2522,-0.4557,-1.9533,-0.07394,1379,4.34
29068,2,-0.08534,7.30507,-0.2836,-0.4445,-2.3562,-0.09104,1387,4.34
29078,2,-0.08835,7.29888,-0.2905,-0.5145,-2.7565,-0.09366,1393,4.34
29088,2,-0.09116,7.29103,-0.2692,-0.6229,-3.0156,-0.09712,1352,4.34
29098,2,-0.09377,7.28151,-0.2187,-0.7542,-3.0919,-0.11492,1359,4.34
29108,2,-0.09579,7.27183,-0.1309,-0.8400,-2.7501,-0.13151,1365,4.34
29118,2,-0.09675,7.25874,-0.0346,-1.0276,-2.5011,-0.12713,1368,4.34
29128,2,-0.09670,7.24390,0.0123,-1.2100,-2.5538,-0.10053,1355,4.34
29138,2,-0.09665,7.22828,-0.0127,-1.3508,-3.0601,-0.08759,1363,4.34
29148,2,-0.09725,7.21161,-0.0064,-1.4772,-3.3397,-0.12451,1365,4.34
29158,2,-0.09727,7.19154,0.1405,-1.6892,-2.7079,-0.16827,1375,4.32
29168,2,-0.09404,7.16711,0.3661,-1.9909,-1.4744,-0.11577,1381,4.32
29178,2,-0.08988,7.14267,0.2592,-2.1719,-2.4373,-0.01152,1383,4.32
29188,2,-0.08965,7.12260,-0.0010,-2.1060,-4.2659,-0.07753,1349,4.32
29198,2,-0.09078,7.10174,0.0415,-2.0979,-4.0145,-0.16784,1349,4.32
29208,2,-0.08903,7.07635,0.3033,-2.2745,-2.3283,-0.15318,1352,4.32
29218,2,-0.08492,7.04755,0.4438,-2.5167,-1.5582,-0.10172,1353,4.32
29228,2,-0.08005,7.01701,0.5023,-2.7316,-1.3021,-0.08765,1360,4.32
29238,2,-0.07543,6.98472,0.3736,-2.9306,-2.4464,-0.03089,1365,4.32
29248,2,-0.07371,6.95592,0.2634,-2.9102,-3.1519,-0.11977,1367,4.32
29258,2,-0.07100,6.92538,0.4678,-2.9679,-1.5849,-0.16904,1372,4.32
29268,2,-0.06487,6.89134,0.7014,-3.1421,0.1621,-0.10900,1349,4.32
29278,2,-0.05682,6.85469,0.7562,-3.3513,0.5974,-0.03275,1349,4.32
29288,2,-0.05021,6.81726,0.5263,-3.5083,-1.0998,0.01721,1349,4.32
29298,2,-0.04697,6.78401,0.3714,-3.4349,-1.9360,-0.07089,1351,4.32
29308,2,-0.04359,6.75259,0.3454,-3.3176,-1.6903,-0.04697,1349,4.32
29318,2,-0.04103,6.72292,0.2570,-3.1774,-1.9165,-0.04136,1353,4.32
29328,2,-0.03887,6.69325,0.2060,-3.0933,-2.0090,-0.03420,1362,4.32
29338,2,-0.03800,6.66105,0.1565,-3.1440,-2.4665,-0.07280,1370,4.32
29348,2,-0.03663,6.62963,0.2187,-3.1431,-1.9331,-0.07747,1372,4.32
29358,2,-0.03463,6.59900,0.1522,-3.1111,-2.2666,-0.01084,1383,4.33
29368,2,-0.03475,6.57195,0.0250,-2.9487,-2.9055,-0.05300,1391,4.33
29378,2,-0.03496,6.54402,0.0623,-2.8862,-2.5242,-0.07678,1387,4.33
29388,2,-0.03456,6.51435,0.1432,-2.9186,-1.9818,-0.08597,1349,4.33
29398,2,-0.03244,6.48032,0.2379,-3.1125,-1.5822,-0.04526,1352,4.33
29408,2,-0.03040,6.44716,0.1331,-3.1939,-2.4527,0.00505,1352,4.33
29418,2,-0.03064,6.41487,0.0761,-3.2079,-2.9570,-0.08095,1357,4.33
29428,2,-0.02942,6.38267,0.2645,-3.2128,-1.4914,-0.10059,1361,4.33
29438,2,-0.02553,6.34776,0.4273,-3.3240,-0.2848,-0.04472,1365,4.33
29448,2,-0.02055,6.31024,0.3592,-3.4953,-0.8917,0.04877,1373,4.33
29458,2,-0.01893,6.27350,0.1049,-3.5668,-2.9023,0.00955,1380,4.34
29468,2,-0.01911,6.23946,0.0516,-3.5014,-3.2022,-0.05368,1388,4.34
29478,2,-0.01872,6.20718,0.0607,-3.3924,-2.8986,-0.02968,1369,4.34
29488,2,-0.01826,6.17497,0.0575,-3.3235,-2.7705,-0.02389,1374,4.34
29498,2,-0.01870,6.14260,-0.0149,-3.2892,-3.2985,-0.03314,1356,4.34
29508,2,-0.01966,6.10682,0.0038,-3.4046,-3.5001,-0.06967,1362,4.34
29518,2,-0.01936,6.07366,0.0442,-3.3692,-3.1255,-0.02638,1364,4.34
29528,2,-0.02009,6.04224,-0.0521,-3.2782,-3.7291,-0.03076,1369,4.34
29538,2,-0.02115,6.01266,-0.0037,-3.1502,-3.1746,-0.07197,1374,4.34
29548,2,-0.02074,5.97854,0.1182,-3.2549,-2.4833,-0.05937,1380,4.34
29558,2,-0.01878,5.94197,0.1884,-3.4157,-2.2095,-0.01537,1382,4.34
29568,2,-0.01770,5.90611,0.0437,-3.4840,-3.4160,0.01478,1354,4.34
29578,2,-0.01902,5.87294,-0.0335,-3.4169,-3.9654,-0.06851,1350,4.34
29588,2,-0.01925,5.83978,0.1629,-3.3766,-2.4333,-0.11228,1356,4.34
29598,2,-0.01583,5.80313,0.3454,-3.4920,-1.1180,-0.01744,1362,4.34
29608,2,-0.01229,5.76299,0.2491,-3.7010,-2.1131,0.04037,1367,4.34
29618,2,-0.01192,5.72555,0.0043,-3.7180,-4.0118,0.00443,1377,4.34
29628,2,-0.01404,5.69414,-0.0393,-3.4874,-3.9998,-0.10057,1383,4.34
29638,2,-0.01390,5.66263,0.1086,-3.3526,-2.6033,-0.06115,1350,4.34
29648,2,-0.01299,5.62956,0.0740,-3.3345,-2.7961,-0.00446,1353,4.34
29658,2,-0.01289,5.59631,0.0415,-3.3307,-3.0548,-0.02846,1351,4.34
29668,2,-0.01275,5.56140,0.0740,-3.3947,-2.9693,-0.04289,1358,4.34
29678,2,-0.01209,5.52912,0.0006,-3.3283,-3.3662,0.02056,1367,4.34
29688,2,-0.01385,5.50119,-0.1128,-3.1141,-3.8916,-0.04530,1375,4.34
29698,2,-0.01533,5.47239,-0.0782,-3.0203,-3.5430,-0.05049,1383,4.34
29708,2,-0.01623,5.44098,-0.0106,-3.0689,-3.2205,-0.05592,1366,4.34
29718,2,-0.01573,5.40869,0.0687,-3.1328,-2.7552,-0.02499,1349,4.34
29728,2,-0.01577,5.37727,-0.0856,-3.1363,-3.9603,0.02501,1349,4.34
29738,2,-0.01839,5.34943,-0.1420,-2.9953,-4.2685,-0.07834,1349,4.34
29748,2,-0.01954,5.31976,0.0485,-2.9840,-2.8991,-0.10141,1359,4.34
29758,2,-0.01814,5.28913,0.2171,-3.0156,-1.6278,-0.05629,1360,4.34
29768,2,-0.01541,5.25510,0.2581,-3.1708,-1.5125,-0.00817,1371,4.34
29778,2,-0.01381,5.22194,0.0905,-3.2290,-2.8356,0.02094,1377,4.34
29788,2,-0.01498,5.19061,-0.0117,-3.1904,-3.6250,-0.06746,1379,4.34
29798,2,-0.01527,5.16172,0.0495,-3.0697,-2.9410,-0.05451,1368,4.34
29808,2,-0.01495,5.13380,0.0314,-2.9588,-2.8394,-0.01468,1349,4.34
29818,2,-0.01506,5.10762,-0.0021,-2.8225,-2.8254,-0.01986,1349,4.34
29828,2,-0.01539,5.08144,-0.0457,-2.7407,-3.0198,-0.00871,1352,4.34
29838,2,-0.01665,5.05438,-0.0197,-2.7266,-2.8943,-0.07016,1357,4.34
29848,2,-0.01583,5.02646,0.0921,-2.7529,-2.0773,-0.02086,1362,4.34
29858,2,-0.01530,5.00203,-0.1192,-2.6291,-3.3938,0.07095,1366,4.34
29868,2,-0.01912,4.98195,-0.3735,-2.3804,-5.0351,-0.02336,1373,4.34
29878,2,-0.02333,4.96276,-0.2862,-2.1961,-4.2541,-0.09052,1372,4.34
29888,2,-0.02510,4.94094,-0.0904,-2.1903,-2.8892,-0.06870,1349,4.34
29898,2,-0.02549,4.91563,0.0250,-2.3265,-2.3572,-0.05718,1352,4.34
29908,2,-0.02498,4.88858,0.0846,-2.4780,-2.2274,-0.04205,1354,4.34
29918,2,-0.02384,4.86153,0.0703,-2.5689,-2.4852,-0.00198,1360,4.34
29928,2,-0.02378,4.83796,0.0282,-2.4839,-2.6340,-0.03484,1371,4.34
29938,2,-0.02400,4.81266,0.0804,-2.5026,-2.3152,-0.07523,1373,4.34
29948,2,-0.02251,4.78648,0.1799,-2.5487,-1.5903,-0.03792,1374,4.34
29958,2,-0.02124,4.75942,0.1586,-2.6114,-1.8311,-0.03729,1381,4.34
29968,2,-0.01967,4.73150,0.2187,-2.6838,-1.4578,-0.05019,1349,4.34
29978,2,-0.01726,4.70270,0.2448,-2.7623,-1.3038,-0.01932,1349,4.34
29988,2,-0.01503,4.67652,0.2496,-2.7045,-1.0228,-0.02824,1349,4.34
29998,2,-0.01230,4.65034,0.2225,-2.6699,-1.0027,0.01290,1358,4.34
30008,2,-0.01077,4.62678,0.0415,-2.5444,-2.0221,0.04496,1364,4.34
30018,2,-0.01133,4.60409,-0.0846,-2.4342,-2.7912,0.00282,1368,4.34
30028,2,-0.01336,4.58402,-0.1894,-2.2634,-3.3571,-0.01984,1375,4.34
30038,2,-0.01573,4.56482,-0.1617,-2.1259,-3.0134,-0.05328,1381,4.34
30048,2,-0.01654,4.54388,-0.0356,-2.1134,-2.0998,-0.03927,1349,4.34
30058,2,-0.01614,4.52468,-0.1053,-2.0360,-2.4499,0.05643,1350,4.34
30068,2,-0.01855,4.50984,-0.3666,-1.8149,-4.1108,0.04409,1349,4.34
30078,2,-0.02347,4.49588,-0.4182,-1.6475,-4.4583,-0.06006,1351,4.34
30088,2,-0.02718,4.47843,-0.2399,-1.6867,-3.4432,-0.09306,1360,4.34
30098,2,-0.02790,4.45748,-0.0622,-1.8497,-2.5157,-0.03247,1366,4.34
30108,2,-0.02837,4.43828,-0.1112,-1.8778,-2.9940,0.00327,1369,4.34
30118,2,-0.03054,4.41996,-0.1575,-1.8597,-3.4574,-0.06030,1376,4.34
30128,2,-0.03174,4.39902,0.0208,-1.9535,-2.4052,-0.10179,1349,4.34
30138,2,-0.02997,4.37633,0.2134,-2.0797,-1.1297,-0.04850,1350,4.34
30148,2,-0.02720,4.35276,0.1927,-2.1903,-1.3729,0.01505,1352,4.34
30158,2,-0.02598,4.33095,0.0697,-2.1869,-2.2371,0.00053,1350,4.34
30168,2,-0.02634,4.31087,0.0112,-2.1150,-2.5635,-0.05032,1355,4.34
30178,2,-0.02599,4.29080,0.0969,-2.0718,-1.8154,-0.05683,1362,4.34
30188,2,-0.02451,4.26899,0.1692,-2.1158,-1.2884,-0.03515,1365,4.34
30198,2,-0.02271,4.24455,0.2161,-2.2469,-1.1263,-0.04047,1372,4.34
30208,2,-0.03163,4.21488,0.5268,-2.5349,0.0106,-0.74119,1382,4.34
30218,2,-0.01296,4.17561,2.6122,-3.0918,15.7304,-0.38587,1349,4.34
30228,2,0.00685,4.14856,2.9272,-2.9372,19.6800,-0.46599,1349,4.34
30238,2,0.02426,4.13896,2.2009,-2.1462,16.9959,-0.20558,1355,4.34
30248,2,0.03120,4.15641,1.5942,-0.5896,16.2503,-0.41884,1366,4.34
30258,2,0.03766,4.19132,1.5884,1.0425,20.2022,-0.43349,1373,4.26
30268,2,0.04747,4.24630,1.6299,2.8246,25.0681,-0.27695,1357,4.26
30278,2,0.05768,4.31960,1.1127,4.6269,25.7882,0.01180,1358,4.26
30288,2,0.06146,4.41996,0.1405,6.7904,23.4681,0.18000,1362,4.26
30298,2,0.05878,4.54737,-0.8710,9.1706,20.9379,0.36039,1365,4.26
30308,2,0.04757,4.70008,-1.9502,11.6111,17.5102,0.46194,1368,4.26
30318,2,0.02683,4.88160,-3.5715,14.2272,9.7833,0.77573,1373,4.26
30328,2,-0.01690,5.06573,-5.2221,15.9016,-1.6671,0.40787,1377,4.26
30338,2,-0.06638,5.25248,-4.4915,17.0110,3.3191,-0.29476,1379,4.26
30348,2,-0.10264,5.43138,-3.6513,17.3624,8.3101,-0.08993,1349,4.26
30358,2,-0.13564,5.60329,-3.6386,17.2941,6.3199,0.03328,1349,4.24
30368,2,-0.17378,5.78393,-4.0297,17.6021,1.7758,-0.06598,1349,4.24
30378,2,-0.21514,5.96283,-4.0084,17.7171,-0.2712,-0.27885,1361,4.24
30388,2,-0.25203,6.13047,-3.5976,17.3358,-0.1789,-0.29771,1364,4.24
30398,2,-0.28204,6.28572,-2.9122,16.6114,1.6679,-0.32625,1367,4.24
30408,2,-0.30595,6.43581,-2.5727,15.9708,1.4592,-0.21498,1379,4.24
30418,2,-0.32586,6.57544,-2.2386,15.1675,1.0989,-0.20209,1365,4.24
30428,2,-0.34440,6.70634,-1.9901,14.3365,0.1082,-0.27658,1365,4.24
30438,2,-0.36200,6.83200,-1.8251,13.6284,-1.1916,-0.32937,1366,4.24
30448,2,-0.37598,6.94903,-1.4548,12.8581,-0.8510,-0.34757,1355,4.24
30458,2,-0.38305,7.04842,-0.8806,11.6907,0.5880,-0.29623,1355,4.31
30468,2,-0.38852,7.14625,-0.7534,10.9274,-0.3766,-0.28549,1361,4.31
30478,2,-0.39189,7.23517,-0.5257,10.1134,-0.5650,-0.29737,1395,4.31
30488,2,-0.39261,7.32157,-0.0883,9.5238,1.4883,-0.38436,1375,4.31
30498,2,-0.38663,7.39060,0.2975,8.4754,2.5585,-0.23629,1358,4.31
30508,2,-0.38121,7.46730,0.3055,8.1535,2.3228,-0.26337,1363,4.31
30518,2,-0.37499,7.53110,0.3746,7.4438,1.7450,-0.25137,1367,4.31
30528,2,-0.36923,7.59480,0.3049,7.0144,0.6982,-0.23334,1370,4.31
30538,2,-0.36445,7.65405,0.3885,6.5788,0.7319,-0.31993,1377,4.31
30548,2,-0.35599,7.70476,0.7508,5.9754,2.7361,-0.30844,1375,4.31
30558,2,-0.34389,7.74568,1.0132,5.2223,3.8778,-0.24550,1379,4.31
30568,2,-0.33185,7.78408,1.0728,4.6693,3.9151,-0.26626,1350,4.31
30578,2,-0.31754,7.81899,1.2643,4.1978,5.2697,-0.23414,1349,4.31
30588,2,-0.30275,7.85040,1.1840,3.7753,4.6994,-0.15530,1349,4.31
30598,2,-0.29088,7.88016,1.0275,3.4555,3.5913,-0.21124,1359,4.31
30608,2,-0.27923,7.90974,1.0217,3.2566,3.8735,-0.20731,1368,4.31
30618,2,-0.26778,7.93680,1.0228,3.0361,4.1457,-0.20667,1369,4.31
30628,2,-0.25533,7.95774,1.0850,2.6594,4.5986,-0.17550,1383,4.31
30638,2,-0.24326,7.97703,1.0105,2.3671,4.1752,-0.14465,1371,4.31
30648,2,-0.23228,7.99526,0.9371,2.1498,3.8530,-0.15215,1374,4.31
30658,2,-0.22179,8.01630,0.8610,2.1311,3.9160,-0.12768,1355,4.33
30668,2,-0.21282,8.03541,0.7498,2.0432,3.4642,-0.13907,1385,4.33
30678,2,-0.20459,8.05461,0.7349,1.9938,3.7792,-0.16053,1391,4.33
30688,2,-0.19537,8.06944,0.8035,1.7897,4.4479,-0.13623,1375,4.33
30698,2,-0.18626,8.08340,0.7030,1.6324,3.9300,-0.08208,1349,4.33
30708,2,-0.17940,8.09824,0.5050,1.5728,2.7464,-0.08915,1359,4.33
30718,2,-0.17463,8.11133,0.4039,1.4673,2.0629,-0.13798,1364,4.33
30728,2,-0.16978,8.12267,0.4885,1.3342,2.7286,-0.17164,1364,4.33
30738,2,-0.16307,8.12966,0.6460,1.0797,3.7954,-0.15071,1370,4.33
30748,2,-0.15497,8.13411,0.6955,0.8258,4.1314,-0.09749,1376,4.33
30758,2,-0.14744,8.13751,0.6152,0.6316,3.5773,-0.07863,1349,4.34
30768,2,-0.14104,8.14187,0.5252,0.5535,3.1334,-0.08383,1350,4.34
30778,2,-0.13575,8.14624,0.4534,0.5067,2.8249,-0.09778,1349,4.34
30788,2,-0.13072,8.14798,0.4422,0.3738,2.7697,-0.10008,1355,4.34
30798,2,-0.12601,8.14886,0.4183,0.2592,2.6364,-0.09966,1362,4.34
30808,2,-0.12141,8.14981,0.3975,0.1939,2.6274,-0.09059,1365,4.34
30818,2,-0.11724,8.14886,0.3512,0.0780,2.2864,-0.08426,1371,4.34
30828,2,-0.11370,8.14711,0.3017,-0.0231,1.9133,-0.08750,1378,4.34
30838,2,-0.11054,8.14536,0.2597,-0.0837,1.6609,-0.08232,1349,4.34
30848,2,-0.10794,8.14275,0.1863,-0.1549,1.1112,-0.07129,1353,4.34
30858,2,-0.10636,8.14100,0.1038,-0.1627,0.5680,-0.07912,1349,4.34
30868,2,-0.10537,8.13847,0.0469,-0.1989,0.1186,-0.07907,1350,4.34
30878,2,-0.10489,8.13577,0.0107,-0.2275,-0.1900,-0.08639,1358,4.34
30888,2,-0.10461,8.13227,-0.0319,-0.2762,-0.6037,-0.07461,1361,4.34
30898,2,-0.10471,8.12878,-0.0537,-0.3053,-0.8414,-0.08268,1368,4.34
30908,2,-0.10537,8.12442,-0.1005,-0.3577,-1.3556,-0.08821,1376,4.34
30918,2,-0.10645,8.11918,-0.1064,-0.4240,-1.6176,-0.10758,1350,4.34
30928,2,-0.10741,8.11308,-0.0883,-0.4988,-1.7092,-0.11118,1353,4.34
30938,2,-0.10800,8.10348,-0.0441,-0.6833,-1.8224,-0.11548,1352,4.34
30948,2,-0.10808,8.09388,0.0022,-0.7939,-1.7264,-0.11316,1356,4.34
30958,2,-0.10772,8.08166,0.0463,-0.9650,-1.7524,-0.11270,1364,4.32
30968,2,-0.10696,8.06770,0.0804,-1.1376,-1.8349,-0.10938,1366,4.32
30978,2,-0.10589,8.05112,0.1379,-1.3458,-1.7999,-0.12106,1373,4.32
30988,2,-0.10417,8.03279,0.1953,-1.5405,-1.6964,-0.11585,1379,4.32
30998,2,-0.10169,8.01184,0.2805,-1.7621,-1.3963,-0.11804,1349,4.32
31008,2,-0.09863,7.99012,0.3204,-1.9264,-1.2777,-0.10587,1352,4.32
31018,2,-0.09564,7.96821,0.2900,-2.0320,-1.5673,-0.09109,1349,4.32
31028,2,-0.09337,7.94727,0.3023,-2.0570,-1.4037,-0.13114,1355,4.32
31038,2,-0.08963,7.92196,0.4683,-2.2465,-0.3451,-0.13674,1362,4.32
31048,2,-0.08405,7.89229,0.5279,-2.5347,-0.1951,-0.06876,1363,4.32
31058,2,-0.07925,7.86262,0.4550,-2.7076,-0.8466,-0.06694,1367,4.32
31068,2,-0.07540,7.83478,0.4055,-2.7381,-1.0679,-0.08541,1371,4.32
31078,2,-0.07183,7.80764,0.3922,-2.7284,-0.9452,-0.08946,1376,4.32
31088,2,-0.06769,7.78155,0.4853,-2.6808,0.1031,-0.10340,1349,4.32
31098,2,-0.06245,7.75266,0.4970,-2.7639,0.3167,-0.04905,1356,4.32
31108,2,-0.05794,7.72299,0.4050,-2.8451,-0.2982,-0.03507,1349,4.32
31118,2,-0.05484,7.69507,0.2390,-2.8241,-1.3372,-0.01929,1355,4.32
31128,2,-0.05403,7.66714,0.1554,-2.8115,-1.9144,-0.09104,1362,4.32
31138,2,-0.05153,7.64009,0.3103,-2.7690,-0.5143,-0.08171,1369,4.32
31148,2,-0.04758,7.61391,0.2437,-2.7086,-0.6589,0.02816,1377,4.32
31158,2,-0.04684,7.59122,0.0000,-2.5327,-2.0933,-0.01001,1390,4.33
31168,2,-0.04795,7.56853,-0.1090,-2.4272,-2.7782,-0.04898,1384,4.33
31178,2,-0.05003,7.54584,-0.1841,-2.3639,-3.3586,-0.06198,1349,4.33
31188,2,-0.05262,7.52141,-0.1234,-2.3957,-3.1525,-0.12031,1349,4.33
31198,2,-0.05328,7.49348,0.0825,-2.5545,-2.0049,-0.12780,1356,4.33
31208,2,-0.05160,7.46294,0.2171,-2.7544,-1.3412,-0.07599,1361,4.33
31218,2,-0.04909,7.43501,0.2267,-2.7696,-1.1667,-0.03680,1368,4.33
31228,2,-0.04757,7.40622,0.1820,-2.8137,-1.5296,-0.06256,1373,4.33
31238,2,-0.04574,7.37567,0.2342,-2.9099,-1.2551,-0.07158,1377,4.33
31248,2,-0.04324,7.34164,0.2405,-3.1073,-1.5081,-0.03861,1388,4.33
31258,2,-0.04110,7.30682,0.2102,-3.2572,-1.9586,-0.03893,1367,4.33
31268,2,-0.03964,7.27628,0.2017,-3.1761,-1.7799,-0.06758,1372,4.33
31278,2,-0.03742,7.24652,0.2709,-3.0959,-0.9660,-0.06160,1352,4.33
31288,2,-0.03422,7.21344,0.2570,-3.1806,-1.0812,-0.00272,1362,4.33
31298,2,-0.03202,7.18020,0.0884,-3.2382,-2.3736,0.03354,1368,4.33
31308,2,-0.03353,7.15149,-0.1702,-3.0914,-4.1312,-0.02413,1366,4.33
31318,2,-0.03588,7.12443,-0.0782,-2.9369,-3.2680,-0.11405,1352,4.33
31328,2,-0.03552,7.09555,0.0336,-2.9176,-2.3814,-0.03430,1355,4.33
31338,2,-0.03550,7.06596,-0.0351,-2.9339,-2.9602,-0.01688,1361,4.33
31348,2,-0.03601,7.03708,-0.0489,-2.9157,-3.0821,-0.03730,1368,4.33
31358,2,-0.03744,7.00828,-0.1239,-2.9013,-3.7330,-0.04680,1359,4.33
31368,2,-0.03929,6.97512,-0.0388,-3.0672,-3.5949,-0.11239,1361,4.33
31378,2,-0.03867,6.94109,0.1235,-3.2017,-2.6490,-0.06957,1366,4.33
31388,2,-0.03768,6.90793,0.1767,-3.2474,-2.3110,-0.07639,1369,4.33
31398,2,-0.03523,6.87476,0.3017,-3.2750,-1.2978,-0.06375,1355,4.33
31408,2,-0.03237,6.83636,0.2576,-3.5009,-1.9767,-0.01811,1361,4.33
31418,2,-0.03038,6.79806,0.1799,-3.6329,-2.7592,-0.02056,1361,4.33
31428,2,-0.02991,6.76306,0.1001,-3.5794,-3.2470,-0.05668,1367,4.33
31438,2,-0.02854,6.72990,0.2166,-3.4742,-2.0765,-0.06831,1373,4.33
31448,2,-0.02578,6.69587,0.1682,-3.4458,-2.2355,0.02830,1379,4.33
31458,2,-0.02517,6.66096,-0.0537,-3.4638,-3.9456,0.03221,1384,4.34
31468,2,-0.02807,6.62955,-0.2117,-3.3349,-5.0706,-0.06726,1349,4.34
31478,2,-0.03019,6.59734,0.0240,-3.2890,-3.3467,-0.14826,1349,4.34
31488,2,-0.02770,6.56244,0.2134,-3.3697,-1.9604,-0.00980,1351,4.34
31498,2,-0.02596,6.52744,0.1081,-3.4216,-2.7913,0.00672,1354,4.34
31508,2,-0.02595,6.49611,-0.0473,-3.3061,-3.7414,-0.00149,1358,4.34
31518,2,-0.02804,6.46121,-0.0792,-3.3799,-4.3057,-0.09322,1361,4.34
31528,2,-0.02754,6.42360,0.1139,-3.5323,-3.1753,-0.05929,1372,4.34
31538,2,-0.02677,6.38694,0.1708,-3.5855,-2.8426,-0.07376,1378,4.34
31548,2,-0.02367,6.35125,0.3667,-3.5789,-1.1800,-0.05201,1349,4.34
31558,2,-0.01951,6.30936,0.3177,-3.8229,-1.8554,0.02974,1349,4.34
31568,2,-0.01653,6.26748,0.1198,-3.9693,-3.5206,0.07265,1349,4.34
31578,2,-0.01823,6.23074,-0.1096,-3.8511,-5.1376,-0.04857,1357,4.34
31588,2,-0.01859,6.19757,0.0580,-3.6372,-3.4523,-0.06541,1365,4.34
31598,2,-0.01813,6.16092,0.0607,-3.6483,-3.4582,-0.02545,1374,4.34
31608,2,-0.01750,6.11991,0.0511,-3.8296,-3.9212,-0.01189,1355,4.34
31618,2,-0.01836,6.08247,-0.0010,-3.7953,-4.3268,-0.06076,1360,4.34
31628,2,-0.01846,6.04669,0.0261,-3.7084,-3.9680,-0.03631,1371,4.34
31638,2,-0.01871,6.01083,0.0309,-3.6596,-3.8713,-0.04657,1368,4.34
31648,2,-0.01803,5.97330,0.1469,-3.6968,-3.0633,-0.05794,1373,4.34
31658,2,-0.01642,5.93412,0.1554,-3.7854,-3.1231,-0.01342,1382,4.34
31668,2,-0.01522,5.89310,0.0804,-3.9118,-3.9258,0.00442,1365,4.34
31678,2,-0.01602,5.85637,0.0665,-3.8166,-3.9040,-0.08894,1349,4.34
31688,2,-0.01395,5.81884,0.3273,-3.7910,-1.7751,-0.07426,1349,4.34
31698,2,-0.00943,5.77521,0.3688,-4.0199,-1.7117,0.03202,1353,4.34
31708,2,-0.00651,5.73079,0.1512,-4.1887,-3.5806,0.06420,1356,4.34
31718,2,-0.00840,5.69579,-0.0569,-3.9130,-4.7032,-0.07437,1362,4.34
31728,2,-0.00793,5.66185,0.1533,-3.7056,-2.6584,-0.06113,1373,4.34
31738,2,-0.00645,5.62520,0.1325,-3.6894,-2.7178,0.00118,1375,4.34
31748,2,-0.00566,5.58671,0.0889,-3.7531,-3.1700,-0.01088,1376,4.34
31758,2,-0.00522,5.54918,0.0570,-3.7529,-3.4146,-0.01141,1381,4.34
31768,2,-0.00560,5.51698,-0.0425,-3.5397,-3.7545,-0.00356,1387,4.34
31778,2,-0.00664,5.48461,-0.0441,-3.4188,-3.5957,-0.03643,1349,4.34
31788,2,-0.00732,5.45232,-0.0298,-3.3429,-3.3911,-0.02632,1355,4.34
31798,2,-0.00741,5.41654,0.0453,-3.4369,-3.0641,-0.03466,1355,4.34
31808,2,-0.00716,5.38251,-0.0516,-3.4235,-3.7810,0.03097,1361,4.34
31818,2,-0.00975,5.35196,-0.1580,-3.2758,-4.4538,-0.06022,1372,4.34
31828,2,-0.01103,5.31968,0.0362,-3.2570,-3.0502,-0.09305,1377,4.34
31838,2,-0.00991,5.28651,0.2049,-3.2807,-1.7820,-0.05654,1373,4.34
31848,2,-0.00692,5.25161,0.2714,-3.3647,-1.3020,0.00703,1360,4.34
31858,2,-0.00541,5.21583,0.0735,-3.4500,-2.9217,0.03334,1363,4.34
31868,2,-0.00672,5.18354,-0.0393,-3.3615,-3.6925,-0.05240,1366,4.34
31878,2,-0.00738,5.15387,-0.0186,-3.2037,-3.2581,-0.03123,1349,4.34
31888,2,-0.00847,5.12603,-0.0638,-3.0358,-3.3267,-0.03113,1352,4.34
31898,2,-0.00901,5.09889,-0.0308,-2.9070,-2.8526,-0.02044,1358,4.34
31908,2,-0.02226,5.06660,0.1943,-3.0358,-2.2922,-0.78174,1360,4.34
31918,2,0.00570,5.01424,3.1661,-3.9158,20.0103,-0.17969,1369,4.34
31928,2,0.03366,4.98108,2.9128,-3.6760,20.3517,-0.02468,1370,4.34
31938,2,0.04611,4.97759,1.3926,-2.3452,12.5261,-0.02735,1376,4.34
31948,2,0.04320,4.99854,0.4986,-0.5694,9.4638,-0.35195,1362,4.34
31958,2,0.04776,5.03431,1.0052,1.0895,17.2349,-0.22676,1366,4.27
31968,2,0.05828,5.08929,0.8174,2.8528,20.3680,0.17550,1349,4.27
31978,2,0.06063,5.16443,-0.1154,4.7172,17.5828,0.23606,1352,4.27
31988,2,0.05029,5.26740,-1.0110,6.9493,15.1042,0.03897,1358,4.27
31998,2,0.03210,5.38163,-1.8155,8.7388,11.8631,0.03015,1357,4.27
32008,2,0.00609,5.50381,-2.7526,10.1302,6.2642,0.08200,1365,4.27
32018,2,-0.03079,5.62860,-3.5412,11.0698,0.1201,-0.10441,1372,4.27
32028,2,-0.05958,5.76037,-2.7175,11.9128,6.4899,-0.14029,1380,4.27
32038,2,-0.07741,5.89127,-2.2300,12.3837,10.1925,0.14617,1365,4.27
32048,2,-0.09385,6.02662,-2.5972,12.8442,7.4932,0.38268,1349,4.27
32058,2,-0.12778,6.16974,-3.5662,13.4312,-0.5835,-0.04097,1354,4.27
32068,2,-0.16741,6.31373,-3.7343,13.8183,-3.3923,-0.28213,1356,4.27
32078,2,-0.19846,6.44978,-2.8223,13.7330,1.4831,-0.33945,1364,4.27
32088,2,-0.21920,6.56671,-2.2008,12.9172,3.1997,-0.15584,1368,4.27
32098,2,-0.23663,6.68016,-2.0348,12.2881,2.0804,-0.09087,1372,4.27
32108,2,-0.25710,6.79622,-2.1843,12.0155,-0.8401,-0.18843,1382,4.27
32118,2,-0.27614,6.89745,-1.9773,11.2584,-2.0401,-0.23948,1388,4.27
32128,2,-0.29167,6.99868,-1.5585,10.8043,-0.7542,-0.28873,1373,4.27
32138,2,-0.30358,7.08857,-1.3420,10.0780,-1.3743,-0.22828,1349,4.27
32148,2,-0.31386,7.17409,-1.0966,9.4676,-1.4248,-0.27953,1354,4.27
32158,2,-0.32122,7.24748,-0.7582,8.6162,-1.1219,-0.31026,1356,4.32
32168,2,-0.32436,7.32157,-0.3235,8.1333,0.9809,-0.31960,1362,4.32
32178,2,-0.32236,7.37829,-0.0516,7.1489,1.0667,-0.19664,1371,4.32
32188,2,-0.32117,7.44025,-0.1027,6.7677,-0.0238,-0.21014,1374,4.32
32198,2,-0.31905,7.49881,0.0320,6.4029,0.3829,-0.22899,1365,4.32
32208,2,-0.31636,7.54584,0.0735,5.7232,-0.5758,-0.21861,1373,4.32
32218,2,-0.31338,7.59480,0.1320,5.3922,-0.6254,-0.23045,1349,4.32
32228,2,-0.30917,7.63747,0.3172,4.9422,0.0971,-0.25713,1349,4.32
32238,2,-0.30253,7.67325,0.5598,4.3965,1.1929,-0.25082,1360,4.32
32248,2,-0.29351,7.70214,0.8003,3.7933,2.2919,-0.24264,1364,4.32
32258,2,-0.28281,7.72648,0.8945,3.2499,2.5158,-0.19487,1366,4.32
32268,2,-0.27231,7.74751,0.8982,2.7911,2.2237,-0.19645,1377,4.32
32278,2,-0.26190,7.76750,0.9099,2.4741,2.2943,-0.19655,1383,4.32
32288,2,-0.25062,7.78242,1.0472,2.0813,3.2019,-0.20986,1367,4.32
32298,2,-0.23765,7.79193,1.1845,1.6293,4.0819,-0.18157,1349,4.32
32308,2,-0.22368,7.79892,1.2558,1.2568,4.6966,-0.15322,1349,4.32
32318,2,-0.20955,7.80415,1.2212,0.9635,4.6914,-0.11333,1349,4.32
32328,2,-0.19673,7.80939,1.0744,0.7875,4.0088,-0.09298,1355,4.32
32338,2,-0.18575,7.81646,0.9020,0.7553,3.3315,-0.08786,1362,4.32
32348,2,-0.17642,7.82257,0.7759,0.6975,2.8443,-0.09808,1368,4.32
32358,2,-0.16866,7.82859,0.6407,0.6594,2.2325,-0.10087,1372,4.34
32368,2,-0.16189,7.83382,0.5912,0.6051,2.1712,-0.11880,1349,4.34
32378,2,-0.15494,7.83818,0.6040,0.5375,2.5623,-0.10978,1349,4.34
32388,2,-0.14806,7.83993,0.5779,0.3924,2.4844,-0.09266,1359,4.34
32398,2,-0.14163,7.84255,0.5359,0.3401,2.4598,-0.08819,1349,4.34
32408,2,-0.13584,7.84351,0.4731,0.2424,2.1377,-0.08275,1357,4.34
32418,2,-0.13062,7.84429,0.4130,0.1769,1.8692,-0.07632,1361,4.34
32428,2,-0.12619,7.84517,0.3624,0.1411,1.6884,-0.08604,1370,4.34
32438,2,-0.12219,7.84525,0.3411,0.0882,1.6646,-0.09250,1375,4.34
32448,2,-0.11816,7.84168,0.3289,-0.0902,1.4341,-0.08112,1377,4.34
32458,2,-0.11457,7.83906,0.2895,-0.1589,1.2108,-0.07962,1349,4.35
32468,2,-0.11104,7.83557,0.2884,-0.2350,1.2561,-0.07917,1349,4.35
32478,2,-0.10758,7.83129,0.2773,-0.3120,1.2183,-0.07313,1349,4.35
32488,2,-0.10476,7.82597,0.2038,-0.4001,0.6436,-0.06561,1349,4.35
32498,2,-0.10262,7.81986,0.1501,-0.4845,0.1830,-0.07048,1350,4.35
32508,2,-0.10090,7.81462,0.1144,-0.5001,-0.0173,-0.07237,1357,4.35
32518,2,-0.09951,7.80939,0.0708,-0.5095,-0.2848,-0.06538,1363,4.35
32528,2,-0.09878,7.80424,-0.0069,-0.5117,-0.8361,-0.05883,1370,4.35
32538,2,-0.09903,7.79892,-0.0792,-0.5199,-1.4222,-0.07198,1380,4.35
32548,2,-0.10010,7.79281,-0.1325,-0.5563,-1.9771,-0.08732,1349,4.35
32558,2,-0.10124,7.78583,-0.1346,-0.6130,-2.1945,-0.09072,1353,4.34
32568,2,-0.10221,7.77806,-0.0713,-0.6785,-1.9256,-0.11514,1349,4.34
32578,2,-0.10263,7.76575,0.0016,-0.8993,-1.8922,-0.12460,1354,4.34
32588,2,-0.10194,7.75179,0.1107,-1.0980,-1.4680,-0.12291,1359,4.34
32598,2,-0.09996,7.73434,0.2214,-1.3570,-1.0842,-0.11141,1372,4.34
32608,2,-0.09724,7.71435,0.2320,-1.6136,-1.4084,-0.07726,1378,4.34
32618,2,-0.09533,7.69594,0.1831,-1.7046,-1.8729,-0.09160,1380,4.34
32628,2,-0.09361,7.67762,0.1927,-1.7558,-1.8187,-0.10380,1349,4.34
32638,2,-0.09139,7.65754,0.2134,-1.8564,-1.7574,-0.08679,1349,4.34
32648,2,-0.08881,7.63922,0.1879,-1.8469,-1.7827,-0.05383,1354,4.34
32658,2,-0.08745,7.62089,0.0639,-1.8412,-2.6386,-0.05139,1363,4.33
32668,2,-0.08748,7.60257,0.0240,-1.8377,-2.9508,-0.10108,1372,4.33
32678,2,-0.08656,7.58249,0.1331,-1.9055,-2.2312,-0.10690,1380,4.33
32688,2,-0.08461,7.56155,0.1437,-1.9811,-2.2103,-0.05920,1392,4.33
32698,2,-0.08413,7.53973,0.0378,-2.0613,-3.1754,-0.07927,1371,4.33
32708,2,-0.08419,7.51530,0.1320,-2.2142,-2.8200,-0.15317,1351,4.33
32718,2,-0.08135,7.48659,0.3667,-2.4769,-1.4605,-0.12225,1360,4.33
32728,2,-0.07686,7.45770,0.4241,-2.6416,-1.1262,-0.06486,1370,4.33
32738,2,-0.07294,7.43065,0.4183,-2.6670,-1.0011,-0.08584,1371,4.33
32748,2,-0.06868,7.40194,0.4523,-2.7487,-0.6766,-0.08181,1375,4.33
32758,2,-0.06418,7.36869,0.4401,-2.9791,-1.0156,-0.05904,1365,4.33
32768,2,-0.05977,7.33466,0.4443,-3.1488,-1.1041,-0.06156,1366,4.33
32778,2,-0.05607,7.30150,0.3640,-3.2158,-1.6528,-0.05311,1371,4.33
32788,2,-0.05307,7.27095,0.3986,-3.1512,-1.0868,-0.10252,1377,4.33
32798,2,-0.04841,7.24224,0.4337,-3.0391,-0.3062,-0.03201,1363,4.33
32808,2,-0.04496,7.21161,0.2938,-3.0487,-1.1948,-0.01934,1366,4.33
32818,2,-0.04227,7.18020,0.1735,-3.0858,-2.0433,0.00537,1349,4.33
32828,2,-0.04231,7.15227,-0.0250,-2.9685,-3.3163,-0.03182,1349,4.33
32838,2,-0.04338,7.12522,0.0288,-2.8633,-2.7704,-0.11153,1349,4.33
32848,2,-0.04158,7.09817,0.1661,-2.8000,-1.5022,-0.03465,1351,4.33
32858,2,-0.04048,7.07111,0.0426,-2.7621,-2.3075,-0.00672,1357,4.33
32868,2,-0.04046,7.04406,0.0075,-2.7394,-2.5449,-0.04282,1363,4.33
32878,2,-0.04081,7.01788,-0.0532,-2.6909,-2.9425,-0.03177,1370,4.33
32888,2,-0.04203,6.98742,-0.0090,-2.8327,-3.0205,-0.09888,1377,4.33
32898,2,-0.04124,6.95592,0.1565,-2.9597,-2.0206,-0.07960,1383,4.33
32908,2,-0.03960,6.92363,0.1714,-3.0675,-2.0665,-0.04323,1353,4.33
32918,2,-0.03820,6.89396,0.2480,-3.0272,-1.3355,-0.09252,1349,4.33
32928,2,-0.03508,6.86167,0.3225,-3.1079,-0.7774,-0.04006,1353,4.33
32938,2,-0.03224,6.82511,0.2517,-3.3273,-1.6435,-0.01630,1355,4.33
32948,2,-0.03055,6.79020,0.1469,-3.3926,-2.5022,-0.01926,1361,4.33
32958,2,-0.03017,6.75870,0.1261,-3.2957,-2.4507,-0.07444,1370,4.34
32968,2,-0.02829,6.72903,0.2320,-3.1643,-1.2686,-0.05036,1376,4.34
32978,2,-0.02556,6.69674,0.1538,-3.1901,-1.7721,0.03413,1382,4.34
32988,2,-0.02537,6.66620,-0.0718,-3.1358,-3.3759,0.01973,1349,4.34
32998,2,-0.02827,6.63827,-0.2282,-2.9985,-4.4675,-0.05911,1349,4.34
33008,2,-0.03122,6.60956,-0.0702,-2.9475,-3.3698,-0.14347,1349,4.34
33018,2,-0.02970,6.57718,0.2203,-3.0635,-1.3544,-0.06391,1353,4.34
33028,2,-0.02701,6.54577,0.1442,-3.0947,-1.8550,0.03544,1359,4.34
33038,2,-0.02635,6.51706,-0.0133,-3.0053,-2.8353,0.01312,1368,4.34
33048,2,-0.02813,6.48817,-0.1814,-2.9586,-4.1434,-0.02641,1376,4.34
33058,2,-0.03046,6.45850,-0.0569,-2.9619,-3.3793,-0.11813,1352,4.34
33068,2,-0.02926,6.42098,0.1512,-3.2782,-2.4499,-0.04520,1350,4.34
33078,2,-0.02796,6.38782,0.1613,-3.2933,-2.3519,-0.04325,1349,4.34
33088,2,-0.02555,6.35553,0.2975,-3.2676,-1.1399,-0.05421,1352,4.34
33098,2,-0.02198,6.31896,0.2661,-3.4231,-1.5222,0.02352,1351,4.34
33108,2,-0.01924,6.27873,0.1474,-3.6631,-2.8050,0.04397,1360,4.34
33118,2,-0.01994,6.24470,-0.1218,-3.5591,-4.6896,0.00623,1365,4.34
33128,2,-0.02192,6.21416,-0.0266,-3.3573,-3.6787,-0.10767,1369,4.34
33138,2,-0.02099,6.18187,0.0857,-3.3059,-2.6851,-0.01725,1376,4.34
33148,2,-0.02065,6.14609,0.0474,-3.4147,-3.2214,-0.02768,1349,4.34
33158,2,-0.02083,6.11031,-0.0526,-3.4800,-4.1626,-0.00338,1349,4.34
33168,2,-0.02321,6.07715,-0.0926,-3.4145,-4.4998,-0.09578,1349,4.34
33178,2,-0.02279,6.04224,0.1235,-3.4450,-2.9335,-0.06371,1354,4.34
33188,2,-0.02185,6.00821,0.0788,-3.4283,-3.2048,-0.01415,1358,4.34
33198,2,-0.02096,5.97505,0.1011,-3.3834,-2.9092,-0.02687,1368,4.34
33208,2,-0.02099,5.94014,-0.0042,-3.4263,-3.8322,-0.02072,1374,4.34
33218,2,-0.02141,5.90445,0.0634,-3.4834,-3.5016,-0.07415,1376,4.34
33228,2,-0.02076,5.86684,0.0825,-3.5946,-3.5895,-0.02947,1349,4.34
33238,2,-0.01987,5.83280,0.2257,-3.5181,-2.3113,-0.08799,1349,4.34
33248,2,-0.01589,5.79702,0.3124,-3.5420,-1.4854,0.02709,1350,4.34
33258,2,-0.01335,5.75688,0.1352,-3.7310,-3.1125,0.04612,1353,4.34
33268,2,-0.01410,5.72023,-0.0904,-3.7046,-4.8421,-0.00678,1362,4.34
33278,2,-0.01653,5.68803,-0.0170,-3.5108,-4.0435,-0.12936,1369,4.34
33288,2,-0.01485,5.65565,0.1985,-3.4016,-2.0945,-0.02990,1374,4.34
33298,2,-0.01273,5.62170,0.1485,-3.3988,-2.3623,0.01884,1349,4.34
33308,2,-0.01174,5.58584,0.0527,-3.4739,-3.2191,0.01135,1352,4.34
33318,2,-0.01244,5.55355,-0.0212,-3.3759,-3.6366,-0.03668,1349,4.34
33328,2,-0.01295,5.52300,-0.0415,-3.2473,-3.5675,-0.01802,1352,4.34
33338,2,-0.01375,5.49246,-0.0346,-3.1701,-3.4226,-0.03627,1359,4.34
33348,2,-0.01402,5.46288,-0.0032,-3.0854,-3.0424,-0.02619,1366,4.34
33358,2,-0.01470,5.42963,0.0064,-3.1812,-3.2496,-0.05190,1378,4.34
33368,2,-0.01393,5.39647,0.0469,-3.2352,-3.0404,0.00117,1384,4.34
33378,2,-0.01512,5.36680,-0.1330,-3.1279,-4.2684,-0.00815,1387,4.34
33388,2,-0.01729,5.33713,-0.0463,-3.0635,-3.6330,-0.10258,1349,4.34
33398,2,-0.01644,5.30571,0.1799,-3.0948,-1.9618,-0.06397,1349,4.34
33408,2,-0.01394,5.27342,0.2799,-3.1484,-1.1901,-0.02845,1349,4.34
33418,2,-0.01103,5.23939,0.1959,-3.2504,-1.8948,0.03610,1357,4.34
33428,2,-0.01136,5.20710,-0.0037,-3.2418,-3.4348,-0.02606,1365,4.34
33438,2,-0.01206,5.17577,0.0570,-3.1982,-2.9507,-0.07532,1372,4.34
33448,2,-0.01139,5.14776,0.0511,-3.0394,-2.6299,-0.00333,1376,4.34
33458,2,-0.01194,5.12080,-0.0266,-2.9022,-2.9765,-0.02634,1351,4.34
33468,2,-0.01245,5.09453,-0.0346,-2.7921,-2.8507,-0.02045,1349,4.34
33478,2,-0.01358,5.06922,-0.0697,-2.6876,-2.9814,-0.03527,1349,4.34
33488,2,-0.01402,5.04217,0.0229,-2.6946,-2.3464,-0.04762,1357,4.34
33498,2,-0.01272,5.01686,0.0128,-2.6291,-2.2192,0.04601,1364,4.34
33508,2,-0.01417,4.99417,-0.2591,-2.4850,-4.0743,0.04285,1368,4.34
33518,2,-0.01891,4.97585,-0.4001,-2.2240,-4.8873,-0.05580,1376,4.34
33528,2,-0.02328,4.95665,-0.2932,-2.1024,-4.1043,-0.09534,1383,4.34
33538,2,-0.02507,4.93483,-0.0675,-2.1341,-2.5961,-0.08054,1349,4.34
33548,2,-0.02477,4.90952,0.0453,-2.2927,-2.0902,-0.03240,1355,4.34
33558,2,-0.02387,4.88247,0.0687,-2.4577,-2.2389,-0.01332,1354,4.34
33568,2,-0.02303,4.85804,0.0362,-2.4520,-2.4402,0.00055,1360,4.34
33578,2,-0.02344,4.83447,-0.0074,-2.4137,-2.7327,-0.04028,1368,4.34
33588,2,-0.02368,4.81004,0.0772,-2.4256,-2.1536,-0.07410,1376,4.34
33598,2,-0.02205,4.78560,0.1751,-2.4328,-1.3456,-0.02817,1377,4.34
33608,2,-0.02089,4.75855,0.1245,-2.5417,-1.9155,-0.02509,1367,4.34
33618,2,-0.01949,4.73237,0.1943,-2.5723,-1.3879,-0.04661,1349,4.34
33628,2,-0.01724,4.70532,0.2193,-2.6255,-1.1957,-0.01452,1353,4.34
33638,2,-0.01566,4.68088,0.1884,-2.5527,-1.1912,-0.03069,1362,4.34
33648,2,-0.01357,4.65645,0.1932,-2.5089,-0.9479,-0.00543,1369,4.34
33658,2,-0.01173,4.63289,0.0799,-2.4479,-1.5771,0.04001,1377,4.35
33668,2,-0.01207,4.61107,-0.0947,-2.3414,-2.7059,0.01852,1351,4.35
33678,2,-0.01383,4.59275,-0.1921,-2.1378,-3.1260,-0.00614,1358,4.35
33688,2,-0.01626,4.57355,-0.1963,-2.0507,-3.1373,-0.03925,1369,4.35
33698,2,-0.01797,4.55610,-0.1064,-1.9285,-2.3124,-0.05020,1372,4.35
33708,2,-0.01789,4.53689,-0.0617,-1.9251,-1.9782,0.01662,1376,4.35
33718,2,-0.01855,4.52206,-0.2352,-1.7485,-2.9605,0.06607,1384,4.35
33728,2,-0.02260,4.50897,-0.4698,-1.5726,-4.6201,0.00995,1374,4.35
33738,2,-0.02853,4.49675,-0.4762,-1.4322,-4.7469,-0.08704,1357,4.35
33748,2,-0.03212,4.48017,-0.2064,-1.5226,-3.1418,-0.10843,1370,4.35
33758,2,-0.03240,4.46010,-0.0420,-1.7164,-2.3536,-0.02523,1367,4.34
33768,2,-0.03297,4.44265,-0.1298,-1.7280,-3.0943,0.00353,1351,4.34
33778,2,-0.03554,4.42607,-0.2043,-1.7001,-3.7737,-0.06199,1382,4.34
33788,2,-0.03738,4.40774,-0.0420,-1.7530,-2.7921,-0.10865,1385,4.34
33798,2,-0.03636,4.38593,0.1895,-1.9245,-1.3674,-0.08011,1349,4.34
33808,2,-0.03307,4.36236,0.2799,-2.0972,-0.8715,-0.00856,1352,4.34
33818,2,-0.03052,4.34055,0.1442,-2.1310,-1.8296,0.02520,1360,4.34
33828,2,-0.03031,4.32135,0.0006,-2.0466,-2.7363,-0.02013,1367,4.34
33838,2,-0.03076,4.30215,0.0415,-1.9958,-2.3601,-0.07415,1374,4.34
33848,2,-0.02950,4.28121,0.1847,-2.0352,-1.3005,-0.05902,1385,4.34
33858,2,-0.02698,4.26026,0.2427,-2.0590,-0.7713,-0.02193,1392,4.34
33868,2,-0.02428,4.23670,0.2496,-2.1779,-0.8281,-0.01442,1353,4.34
33878,2,-0.02200,4.21314,0.2246,-2.2492,-1.0489,-0.02030,1352,4.34
33888,2,-0.02025,4.19045,0.2326,-2.2571,-0.9140,-0.04865,1354,4.34
33898,2,-0.01765,4.16863,0.3172,-2.2269,-0.0623,-0.04666,1358,4.34
33908,2,-0.01370,4.14856,0.3140,-2.1391,0.3375,0.02687,1366,4.34
33918,2,-0.01100,4.13023,0.0942,-2.0164,-0.9039,0.07703,1373,4.34
33928,2,-0.01172,4.11365,-0.1213,-1.8731,-2.2825,0.01302,1378,4.34
33938,2,-0.01371,4.09795,-0.1601,-1.7521,-2.4515,-0.03322,1388,4.34
33948,2,-0.01506,4.08224,-0.1245,-1.6796,-2.1219,-0.02040,1349,4.34
33958,2,-0.01625,4.06740,-0.1591,-1.6012,-2.3002,0.00389,1352,4.35
33968,2,-0.01835,4.05431,-0.2128,-1.4843,-2.5961,-0.01722,1357,4.35
33978,2,-0.02056,4.04209,-0.1740,-1.3793,-2.2225,-0.04387,1362,4.35
33988,2,-0.02203,4.02909,-0.1075,-1.3477,-1.7537,-0.04193,1366,4.35
33998,2,-0.02277,4.01591,-0.0734,-1.3357,-1.5274,-0.02291,1377,4.35
34008,2,-0.02361,4.00457,-0.1149,-1.2552,-1.7284,-0.00800,1384,4.35
34018,2,-0.02530,3.99235,-0.1990,-1.2418,-2.4528,-0.01046,1361,4.35
34028,2,-0.02769,3.98109,-0.2016,-1.1954,-2.5319,-0.04632,1371,4.35
34038,2,-0.02936,3.96879,-0.1080,-1.2094,-1.9690,-0.05878,1374,4.35
34048,2,-0.02971,3.95483,-0.0361,-1.2841,-1.6219,-0.02915,1375,4.35
34058,2,-0.03009,3.94261,-0.0824,-1.2591,-1.9526,-0.00820,1381,4.34
34068,2,-0.03157,3.93127,-0.1607,-1.2093,-2.5389,-0.02514,1366,4.34
34078,2,-0.03362,3.92079,-0.1415,-1.1445,-2.3907,-0.06530,1368,4.34
34088,2,-0.03446,3.90858,-0.0399,-1.1754,-1.7522,-0.05678,1349,4.34
34098,2,-0.03454,3.89636,0.0022,-1.1939,-1.4895,-0.03961,1355,4.34
34108,2,-0.03452,3.88327,0.0133,-1.2400,-1.5148,-0.03995,1363,4.34
34118,2,-0.03443,3.87018,0.0559,-1.2675,-1.2578,-0.05784,1369,4.34
34128,2,-0.03344,3.85447,0.1373,-1.3889,-0.8567,-0.05255,1358,4.34
34138,2,-0.03152,3.83876,0.1772,-1.4617,-0.6056,-0.02429,1365,4.34
34148,2,-0.02969,3.82567,0.1150,-1.4006,-0.8391,0.00453,1373,4.34
34158,2,-0.02903,3.81346,0.0011,-1.3290,-1.5138,0.00344,1376,4.34
34168,2,-0.02968,3.80220,-0.0383,-1.2477,-1.6853,-0.04327,1388,4.34
34178,2,-0.03012,3.79077,0.0352,-1.2059,-1.0756,-0.06965,1371,4.34
34188,2,-0.02897,3.77776,0.1687,-1.2437,-0.0850,-0.05590,1398,4.34
34198,2,-0.02638,3.76284,0.2283,-1.3431,0.3005,-0.01079,1362,4.34
34208,2,-0.02383,3.74888,0.1708,-1.3643,-0.0320,0.01794,1370,4.34
34218,2,-0.02264,3.73675,0.1011,-1.3039,-0.3630,-0.01358,1349,4.34
34228,2,-0.02205,3.72270,0.0884,-1.3442,-0.5222,-0.03662,1355,4.34
34238,2,-0.02079,3.70874,0.1543,-1.3651,-0.0006,-0.03517,1357,4.34
34248,2,-0.01877,3.69390,0.1927,-1.4125,0.3013,-0.01400,1364,4.34
34258,2,-0.01656,3.68081,0.1698,-1.3711,0.3467,0.00907,1371,4.35
34268,2,-0.01531,3.66947,0.0697,-1.2764,-0.1350,0.01231,1378,4.35
34278,2,-0.01551,3.65987,-0.0367,-1.1499,-0.6857,-0.00734,1366,4.35
34288,2,-0.01650,3.65201,-0.0526,-1.0040,-0.5573,-0.03944,1349,4.35
34298,2,-0.01682,3.64241,0.0016,-0.9865,-0.1363,-0.03362,1349,4.35
34308,2,-0.01662,3.63456,0.0000,-0.9060,0.0329,-0.00679,1351,4.35
34318,2,-0.01678,3.62671,-0.0659,-0.8577,-0.3782,0.00808,1361,4.35
34328,2,-0.01787,3.61972,-0.1452,-0.7939,-0.9137,0.00054,1369,4.35
34338,2,-0.01961,3.61458,-0.1873,-0.6823,-1.1025,-0.01292,1367,4.35
34348,2,-0.02152,3.61012,-0.2128,-0.5874,-1.2138,-0.01097,1380,4.35
34358,2,-0.02376,3.60576,-0.2426,-0.5270,-1.4525,-0.01427,1389,4.35
34368,2,-0.02638,3.60227,-0.2820,-0.4558,-1.7631,-0.01614,1350,4.35
34378,2,-0.02934,3.59887,-0.3017,-0.4096,-2.0014,-0.02663,1357,4.35
34388,2,-0.03219,3.59529,-0.2868,-0.3889,-2.0261,-0.03118,1359,4.35
34398,2,-0.03469,3.59093,-0.2559,-0.4078,-1.9952,-0.03182,1364,4.35
34408,2,-0.03729,3.58752,-0.2639,-0.3808,-2.1637,-0.03547,1372,4.35
34418,2,-0.03984,3.58220,-0.2421,-0.4415,-2.2966,-0.04657,1378,4.35
34428,2,-0.04204,3.57784,-0.1899,-0.4394,-2.0392,-0.05675,1380,4.35
34438,2,-0.04349,3.57182,-0.1250,-0.5045,-1.7863,-0.05352,1370,4.35
34448,2,-0.04414,3.56475,-0.0580,-0.5854,-1.5021,-0.04762,1349,4.35
34458,2,-0.04418,3.55689,-0.0074,-0.6654,-1.3029,-0.04264,1354,4.34
34468,2,-0.04390,3.54825,0.0160,-0.7448,-1.2883,-0.03771,1356,4.34
34478,2,-0.04364,3.54040,0.0032,-0.7611,-1.4110,-0.03251,1362,4.34
34488,2,-0.04373,3.53255,-0.0244,-0.7708,-1.6537,-0.03570,1369,4.34
34498,2,-0.04411,3.52635,-0.0234,-0.7103,-1.5431,-0.05165,1369,4.34
34508,2,-0.04409,3.51937,-0.0048,-0.7054,-1.3957,-0.04049,1349,4.34
34518,2,-0.04431,3.51160,0.0027,-0.7340,-1.4225,-0.05699,1349,4.34
34528,2,-0.04410,3.50279,0.0724,-0.7930,-1.0171,-0.06953,1349,4.34
34538,2,-0.04278,3.49406,0.1677,-0.8248,-0.2898,-0.06091,1351,4.34
34548,2,-0.04015,3.48368,0.2331,-0.9103,0.1770,-0.02480,1359,4.34
34558,2,-0.03777,3.47495,0.1618,-0.8952,-0.1873,0.00026,1368,4.34
34568,2,-0.03678,3.46788,0.0405,-0.8199,-0.8853,-0.00773,1375,4.34
34578,2,-0.03685,3.46264,-0.0287,-0.7014,-1.1592,-0.02584,1387,4.34
34588,2,-0.03719,3.45915,-0.0526,-0.5604,-1.0580,-0.02817,1383,4.34
34598,2,-0.03803,3.45566,-0.1128,-0.4759,-1.3844,-0.02336,1349,4.34
34608,2,-0.03936,3.45304,-0.1468,-0.3903,-1.5420,-0.03272,1352,4.34
34618,2,-0.04101,3.45051,-0.1702,-0.3354,-1.7056,-0.03813,1359,4.34
34628,2,-0.04271,3.44868,-0.1639,-0.2745,-1.6333,-0.04594,1364,4.34
34638,2,-0.04418,3.44781,-0.1559,-0.1996,-1.5027,-0.03954,1372,4.34
34648,2,-0.04550,3.44694,-0.1436,-0.1547,-1.3964,-0.03981,1380,4.34
34658,2,-0.04680,3.44519,-0.1511,-0.1626,-1.5536,-0.03631,1382,4.33
34668,2,-0.04820,3.44441,-0.1399,-0.1290,-1.4843,-0.04793,1394,4.33
34678,2,-0.04940,3.44257,-0.1128,-0.1507,-1.4040,-0.05342,1353,4.33
34688,2,-0.05028,3.44083,-0.1069,-0.1602,-1.4370,-0.04047,1353,4.33
34698,2,-0.05119,3.43908,-0.0899,-0.1660,-1.3796,-0.05190,1358,4.33
34708,2,-0.05176,3.43655,-0.0574,-0.2008,-1.2482,-0.05172,1368,4.33
34718,2,-0.05246,3.43472,-0.0580,-0.1937,-1.2821,-0.05823,1374,4.33
34728,2,-0.05255,3.43123,-0.0005,-0.2559,-0.9914,-0.05688,1375,4.33
34738,2,-0.05236,3.42783,0.0224,-0.2897,-0.8825,-0.05397,1384,4.33
34748,2,-0.05181,3.42425,0.0570,-0.3169,-0.6484,-0.05281,1391,4.33
34758,2,-0.05095,3.41997,0.0857,-0.3612,-0.4770,-0.05102,1370,4.33
34768,2,-0.04975,3.41639,0.1166,-0.3599,-0.1676,-0.04806,1378,4.33
34778,2,-0.04827,3.41124,0.1442,-0.4219,-0.0044,-0.04636,1365,4.33
34788,2,-0.04664,3.40679,0.1538,-0.4311,0.1471,-0.04204,1349,4.33
34798,2,-0.04496,3.40252,0.1639,-0.4297,0.3292,-0.04287,1349,4.33
34808,2,-0.04339,3.39894,0.1309,-0.4009,0.2382,-0.03048,1354,4.33
34818,2,-0.04193,3.39458,0.1139,-0.4151,0.1667,-0.02595,1356,4.33
34828,2,-0.04093,3.39117,0.0873,-0.3852,0.0912,-0.03421,1366,4.33
34838,2,-0.04013,3.38760,0.0783,-0.3742,0.0941,-0.03923,1372,4.33
34848,2,-0.03941,3.38585,0.0650,-0.2943,0.2112,-0.03617,1376,4.33
34858,2,-0.03857,3.38323,0.0522,-0.2814,0.1936,-0.02265,1349,4.34
34868,2,-0.03818,3.38061,0.0336,-0.2736,0.0918,-0.03559,1351,4.34
34878,2,-0.03788,3.37974,0.0272,-0.1990,0.2249,-0.03600,1349,4.34
34888,2,-0.03749,3.37800,0.0277,-0.1892,0.2729,-0.03225,1349,4.34
34898,2,-0.03712,3.37800,0.0288,-0.1135,0.4692,-0.03308,1361,4.34
34908,2,-0.03691,3.37625,-0.0053,-0.1379,0.1703,-0.02348,1368,4.34
34918,2,-0.03728,3.37625,-0.0223,-0.0828,0.1383,-0.04464,1370,4.34
34928,2,-0.03739,3.37625,-0.0037,-0.0497,0.3448,-0.04087,1377,4.34
34938,2,-0.03755,3.37625,-0.0133,-0.0298,0.3055,-0.03891,1349,4.34
34948,2,-0.03751,3.37625,-0.0122,-0.0179,0.3418,-0.02967,1349,4.34
34958,2,-0.03751,3.37625,-0.0042,-0.0107,0.4179,-0.03533,1353,4.34
34968,2,-0.03746,3.37625,-0.0079,-0.0064,0.4022,-0.03094,1363,4.34
34978,2,-0.03736,3.37800,-0.0064,0.0659,0.5799,-0.02926,1370,4.34
34988,2,-0.03738,3.37800,-0.0122,0.0396,0.4766,-0.03238,1359,4.34
34998,2,-0.03737,3.37800,-0.0026,0.0237,0.5154,-0.03544,1364,4.34
35008,2,-0.03725,3.37974,-0.0064,0.0841,0.6276,-0.02824,1366,4.34
35018,2,-0.03702,3.37974,-0.0053,0.0504,0.5768,-0.02287,1374,4.34
35028,2,-0.03696,3.38061,-0.0064,0.0651,0.6056,-0.03056,1381,4.34
35038,2,-0.03680,3.38149,0.0027,0.0740,0.7041,-0.03031,1387,4.34
35048,2,-0.03677,3.38245,-0.0101,0.0829,0.6297,-0.03005,1386,4.34
35058,2,-0.03643,3.38245,0.0160,0.0497,0.7760,-0.02765,1349,4.34
35068,2,-0.03610,3.38332,0.0128,0.0647,0.8064,-0.02572,1353,4.34
35078,2,-0.03567,3.38411,0.0032,0.0703,0.7737,-0.01582,1357,4.34
35088,2,-0.03567,3.38498,-0.0133,0.0770,0.6640,-0.02926,1363,4.34
35098,2,-0.03585,3.38585,-0.0228,0.0812,0.5902,-0.03321,1371,4.34
35108,2,-0.03583,3.38585,-0.0095,0.0487,0.6214,-0.03001,1373,4.34
35118,2,-0.03577,3.38760,-0.0101,0.0990,0.7322,-0.02786,1384,4.34
35128,2,-0.03571,3.38760,-0.0143,0.0594,0.6174,-0.02555,1386,4.34
35138,2,-0.03565,3.38934,-0.0271,0.1054,0.6260,-0.01925,1349,4.34
35148,2,-0.03581,3.39030,-0.0479,0.1017,0.4518,-0.01963,1351,4.34
35158,2,-0.03620,3.39117,-0.0500,0.0960,0.3995,-0.03060,1357,4.35
35168,2,-0.03620,3.39196,-0.0191,0.0889,0.6182,-0.02689,1362,4.35
35178,2,-0.03637,3.39283,-0.0340,0.0883,0.4939,-0.02795,1372,4.35
35188,2,-0.03668,3.39370,-0.0367,0.0878,0.4540,-0.03376,1378,4.35
35198,2,-0.03682,3.39458,-0.0452,0.0877,0.3810,-0.02126,1383,4.35
35208,2,-0.03715,3.39545,-0.0484,0.0875,0.3369,-0.02917,1385,4.35
35218,2,-0.03757,3.39545,-0.0500,0.0525,0.2216,-0.03382,1392,4.35
35228,2,-0.03792,3.39632,-0.0425,0.0664,0.2871,-0.03399,1350,4.35
35238,2,-0.03808,3.39720,-0.0314,0.0748,0.3802,-0.03075,1353,4.35
35248,2,-0.03825,3.39720,-0.0377,0.0449,0.2560,-0.02777,1364,4.35
35258,2,-0.03851,3.39720,-0.0537,0.0269,0.0797,-0.02464,1369,4.35
35268,2,-0.03888,3.39720,-0.0441,0.0162,0.1055,-0.03521,1367,4.35
35278,2,-0.03900,3.39720,-0.0335,0.0097,0.1642,-0.02842,1374,4.35
35288,2,-0.03912,3.39720,-0.0431,0.0058,0.0762,-0.02318,1381,4.35
35298,2,-0.03959,3.39720,-0.0590,0.0035,-0.0795,-0.03364,1385,4.35
35308,2,-0.04001,3.39720,-0.0542,0.0021,-0.0730,-0.03402,1349,4.35
35318,2,-0.04043,3.39720,-0.0542,0.0013,-0.1014,-0.03441,1349,4.35
35328,2,-0.04065,3.39632,-0.0436,-0.0342,-0.1125,-0.02961,1356,4.35
35338,2,-0.04126,3.39720,-0.0601,0.0144,-0.1694,-0.04195,1362,4.35
35348,2,-0.04174,3.39632,-0.0585,-0.0263,-0.2768,-0.03629,1370,4.35
35358,2,-0.04225,3.39632,-0.0633,-0.0158,-0.3225,-0.03624,1374,4.35
35368,2,-0.04270,3.39545,-0.0622,-0.0443,-0.4056,-0.03386,1378,4.35
35378,2,-0.02258,3.40592,-1.4665,0.3923,-8.8083,1.71621,1388,4.35
35388,2,-0.04138,3.43123,-3.6284,1.2476,-24.4774,0.83302,1373,4.35
35398,2,-0.07201,3.44956,-4.4894,1.4817,-30.0000,0.64098,1357,4.35
35408,2,-0.10854,3.44790,-4.5841,0.8226,-30.0000,0.35726,1369,4.35
35418,2,-0.14841,3.42521,-4.5112,-0.4140,-30.0000,0.11387,1364,4.35
35428,2,-0.18844,3.38236,-4.0531,-1.9623,-30.0000,-0.16340,1369,4.35
35438,2,-0.22174,3.31167,-3.0405,-4.0048,-30.0000,-0.36670,1376,4.35
35448,2,-0.24151,3.21743,-1.5234,-6.1728,-30.0000,-0.46822,1383,4.35
35458,2,-0.24436,3.09525,0.1591,-8.5906,-30.0000,-0.46625,1388,4.18
35468,2,-0.23186,2.94603,1.6746,-11.1234,-23.7296,-0.44452,1351,4.18
35478,2,-0.20679,2.77673,3.0049,-13.4460,-17.2827,-0.45561,1358,4.18
35488,2,-0.16823,2.58649,4.4714,-15.6772,-8.7720,-0.47612,1364,4.18
35498,2,-0.11691,2.37094,5.5979,-18.0282,-2.3130,-0.34981,1369,4.18
35508,2,-0.05900,2.15103,5.9262,-19.6134,0.1850,-0.12633,1381,4.18
35518,2,-0.00279,1.93993,5.5675,-20.2119,-0.4669,0.02376,1384,4.18
35528,2,0.04487,1.72866,4.8886,-20.5781,-3.5770,-0.01632,1387,4.18
35538,2,0.09029,1.52184,4.8141,-20.6198,-1.5406,-0.04598,1394,4.18
35548,2,0.13743,1.31947,4.8151,-20.4666,1.6054,0.08687,1352,4.18
35558,2,0.18286,1.11867,4.5214,-20.3120,2.4167,0.19407,1356,4.27
35568,2,0.22424,0.92843,4.0164,-19.7968,2.1669,0.28461,1362,4.27
35578,2,0.25821,0.74962,3.3316,-19.0305,0.6463,0.29139,1369,4.27
35588,2,0.28419,0.58023,2.8538,-18.1936,0.3499,0.15612,1352,4.27
35598,2,0.31129,0.41443,2.7218,-17.5485,2.3281,0.30549,1358,4.27
35608,2,0.33930,0.25997,2.4797,-16.7075,3.9660,0.49979,1364,4.27
35618,2,0.35691,0.11685,1.4905,-15.7492,-0.4435,0.49209,1369,4.27
35628,2,0.36401,-0.01929,0.9504,-14.8949,-2.3362,0.24396,1377,4.27
35638,2,0.37062,-0.14661,0.7806,-14.0298,-1.4248,0.31086,1381,4.27
35648,2,0.37737,-0.26800,0.6162,-13.2734,-0.6965,0.40659,1369,4.27
35658,2,0.38039,-0.38406,0.2868,-12.6066,-1.6435,0.38790,1349,4.32
35668,2,0.37697,-0.49131,-0.0521,-11.8540,-2.8747,0.23211,1349,4.32
35678,2,0.37240,-0.59437,-0.2399,-11.2349,-3.3215,0.26402,1354,4.32
35688,2,0.36719,-0.68862,-0.3581,-10.5108,-3.0452,0.28543,1365,4.32
35698,2,0.36301,-0.78112,-0.5039,-10.0066,-3.3905,0.40640,1375,4.32
35708,2,0.35261,-0.86481,-0.7401,-9.3516,-4.4778,0.20247,1385,4.32
35718,2,0.33975,-0.94257,-1.0424,-8.7211,-6.2681,0.21791,1367,4.32
35728,2,0.32683,-1.02198,-0.8609,-8.4092,-5.0960,0.11140,1371,4.32
35738,2,0.31674,-1.09965,-0.7008,-8.1521,-4.0248,0.16241,1361,4.32
35748,2,0.30936,-1.17382,-0.8003,-7.8584,-4.6657,0.34043,1366,4.32
35758,2,0.29699,-1.23927,-1.0876,-7.3330,-6.5309,0.22242,1370,4.34
35768,2,0.28376,-1.30298,-1.1988,-6.9480,-7.4216,0.22178,1349,4.34
35778,2,0.26906,-1.35970,-1.2095,-6.4378,-7.3650,0.13853,1349,4.34
35788,2,0.25563,-1.42079,-1.1046,-6.3061,-7.1826,0.13660,1359,4.34
35798,2,0.24253,-1.47751,-1.0152,-6.0526,-6.8275,0.09498,1363,4.34
35808,2,0.23154,-1.53685,-0.8700,-6.0052,-6.3674,0.11713,1362,4.34
35818,2,0.22217,-1.59445,-0.7582,-5.9069,-5.9465,0.13281,1367,4.34
35828,2,0.21463,-1.65291,-0.6587,-5.8829,-5.6655,0.16698,1373,4.34
35838,2,0.20591,-1.70615,-0.8652,-5.6591,-7.3357,0.20250,1349,4.34
35848,2,0.19425,-1.75327,-0.9737,-5.2804,-8.1071,0.09807,1349,4.34
35858,2,0.18434,-1.80301,-0.8785,-5.1580,-7.7859,0.12826,1349,4.35
35868,2,0.17350,-1.84926,-0.9647,-4.9448,-8.6965,0.11382,1349,4.35
35878,2,0.16220,-1.89377,-0.8380,-4.7471,-8.0572,0.01595,1356,4.35
35888,2,0.15529,-1.94439,-0.5315,-4.8729,-6.4893,0.07560,1369,4.35
35898,2,0.14945,-1.99064,-0.4996,-4.7738,-6.4384,0.10759,1377,4.35
35908,2,0.14360,-2.03776,-0.4741,-4.7492,-6.6005,0.08784,1381,4.35
35918,2,0.13832,-2.08838,-0.3544,-4.8741,-6.3420,0.05161,1385,4.35
35928,2,0.13400,-2.13463,-0.2458,-4.7745,-5.6146,0.04073,1349,4.35
35938,2,0.13257,-2.18262,-0.1740,-4.7846,-5.2228,0.14840,1353,4.35
35948,2,0.12939,-2.22800,-0.4022,-4.6859,-6.9749,0.17134,1368,4.35
35958,2,0.12246,-2.26553,-0.5826,-4.3125,-7.9955,0.06718,1370,4.35
35968,2,0.11615,-2.30567,-0.4299,-4.1932,-7.0107,0.01572,1355,4.35
35978,2,0.11265,-2.34668,-0.2830,-4.1565,-6.0740,0.07930,1361,4.35
35988,2,0.10928,-2.38595,-0.2990,-4.0647,-6.2404,0.09009,1366,4.35
35998,2,0.10528,-2.42610,-0.2703,-4.0446,-6.2647,0.04070,1373,4.35
36008,2,0.10333,-2.46711,-0.1420,-4.0674,-5.5012,0.07673,1378,4.35
36018,2,0.10096,-2.50463,-0.1612,-3.9413,-5.5529,0.06274,1384,4.35
36028,2,0.09930,-2.54303,-0.0335,-3.9007,-4.6339,0.03337,1349,4.35
36038,2,0.09895,-2.58492,0.0671,-4.0160,-4.1811,0.04794,1349,4.35
36048,2,0.10018,-2.62506,0.1160,-4.0153,-3.7653,0.10361,1349,4.35
36058,2,0.10069,-2.66346,0.0655,-3.9450,-3.9945,0.09362,1350,4.35
36068,2,0.10149,-2.70011,-0.0420,-3.8331,-4.5447,0.16247,1353,4.35
36078,2,0.09878,-2.73153,-0.2501,-3.5566,-5.7145,0.08824,1364,4.35
36088,2,0.09539,-2.76120,-0.2517,-3.3207,-5.4512,0.05162,1370,4.35
36098,2,0.09212,-2.79087,-0.1734,-3.1793,-4.7822,0.01506,1375,4.35
36108,2,0.09209,-2.82403,0.0314,-3.2340,-3.3797,0.07528,1380,4.35
36118,2,0.09247,-2.85283,-0.1809,-3.0923,-4.6783,0.20198,1349,4.35
36128,2,0.08808,-2.87726,-0.3873,-2.8328,-5.9734,0.06208,1349,4.35
36138,2,0.08391,-2.90083,-0.2623,-2.6421,-4.8939,0.00639,1362,4.35
36148,2,0.08186,-2.92700,-0.0941,-2.6324,-3.7505,0.02673,1371,4.35
36158,2,0.08161,-2.95580,0.0703,-2.7314,-2.7615,0.03399,1369,4.35
36168,2,0.08321,-2.98373,0.0453,-2.7559,-2.9267,0.14062,1371,4.35
36178,2,0.08165,-3.00554,-0.2171,-2.5262,-4.5290,0.11207,1381,4.35
36188,2,0.07766,-3.02649,-0.1745,-2.3535,-4.0998,-0.03494,1388,4.35
36198,2,0.07765,-3.05005,0.1426,-2.3546,-1.7211,0.00604,1368,4.35
36208,2,0.08035,-3.07187,0.2108,-2.2854,-0.9022,0.11023,1380,4.35
36218,2,0.08173,-3.09369,0.0916,-2.2440,-1.6456,0.10497,1363,4.35
36228,2,0.08212,-3.11376,0.0501,-2.1492,-1.7457,0.07649,1384,4.35
36238,2,0.08207,-3.13121,-0.0510,-1.9877,-2.1767,0.10517,1349,4.35
36248,2,0.08047,-3.14604,-0.1346,-1.7860,-2.4831,0.06749,1349,4.35
36258,2,0.07864,-3.16175,-0.0883,-1.6999,-2.0737,0.03125,1354,4.35
36268,2,0.07820,-3.17746,0.0309,-1.6483,-1.0993,0.04097,1354,4.35
36278,2,0.07901,-3.19142,0.0410,-1.5474,-0.7637,0.09870,1365,4.35
36288,2,0.07904,-3.20189,-0.1325,-1.3474,-1.6476,0.14693,1370,4.35
36298,2,0.07604,-3.20888,-0.3469,-1.0877,-2.9001,0.09944,1376,4.35
36308,2,0.07135,-3.21324,-0.4017,-0.8272,-3.0466,0.03771,1384,4.35
36318,2,0.06723,-3.21586,-0.3512,-0.6010,-2.4325,0.03696,1349,4.35
36328,2,0.06417,-3.21935,-0.2783,-0.5002,-1.8570,0.05017,1349,4.35
36338,2,0.06115,-3.22109,-0.3192,-0.3700,-2.0755,0.06960,1358,4.35
36348,2,0.05752,-3.22197,-0.3373,-0.2569,-2.1955,0.04466,1361,4.35
36358,2,0.05389,-3.22197,-0.3160,-0.1541,-2.0391,0.03060,1366,4.35
36368,2,0.05076,-3.22197,-0.2570,-0.0925,-1.6550,0.02265,1375,4.35
36378,2,0.04832,-3.22022,-0.2165,0.0143,-1.2683,0.03469,1367,4.35
36388,2,0.04618,-3.22022,-0.1857,0.0086,-1.1820,0.03212,1368,4.35
36398,2,0.04433,-3.21760,-0.1511,0.1099,-0.8139,0.02723,1374,4.35
36408,2,0.04306,-3.21498,-0.1218,0.1707,-0.5373,0.04072,1380,4.35
36418,2,0.04204,-3.21324,-0.1106,0.1722,-0.5128,0.04608,1385,4.35
36428,2,0.04091,-3.20888,-0.0846,0.2779,-0.1524,0.02676,1352,4.35
36438,2,0.04023,-3.20539,-0.0638,0.3063,0.0269,0.03817,1349,4.35
36448,2,0.03986,-3.20189,-0.0287,0.3234,0.3100,0.03595,1349,4.35
36458,2,0.03982,-3.19753,0.0123,0.3686,0.7198,0.03159,1358,4.35
36468,2,0.04019,-3.19230,0.0453,0.4306,1.1321,0.03569,1367,4.35
36478,2,0.04108,-3.18793,0.0729,0.4328,1.4069,0.04960,1371,4.35
36488,2,0.04214,-3.18444,0.0783,0.3994,1.4439,0.05585,1378,4.35
36498,2,0.04323,-3.17921,0.1123,0.4490,1.8830,0.04156,1381,4.35
36508,2,0.04511,-3.17484,0.1639,0.4440,2.3850,0.05704,1370,4.35
36518,2,0.04718,-3.16961,0.1639,0.4759,2.5900,0.06898,1369,4.35
36528,2,0.04888,-3.16350,0.1176,0.5298,2.4689,0.07460,1373,4.35
36538,2,0.05009,-3.15652,0.0713,0.5972,2.3480,0.07532,1377,4.35
36548,2,0.05092,-3.14779,0.0085,0.7074,2.1727,0.08822,1380,4.35
36558,2,0.05146,-3.13732,-0.0532,0.8433,2.0441,0.10469,1349,4.34
36568,2,0.05047,-3.12423,-0.1990,1.0296,1.2953,0.10072,1349,4.34
36578,2,0.04777,-3.10939,-0.2788,1.2112,0.9291,0.05212,1349,4.34
36588,2,0.04490,-3.09543,-0.2160,1.2852,1.3963,0.00910,1355,4.34
36598,2,0.04405,-3.08408,-0.0564,1.2249,2.4295,0.02974,1361,4.34
36608,2,0.04462,-3.07274,-0.0239,1.1887,2.6416,0.08505,1368,4.34
36618,2,0.04459,-3.05965,-0.1404,1.2368,1.8734,0.11334,1349,4.34
36628,2,0.04208,-3.04482,-0.3352,1.3355,0.4684,0.08443,1353,4.34
36638,2,0.03785,-3.02823,-0.3602,1.4645,0.3077,0.00664,1354,4.34
36648,2,0.03529,-3.01340,-0.1942,1.4721,1.4321,0.00418,1357,4.34
36658,2,0.03514,-2.99769,-0.1090,1.5116,2.1663,0.08209,1365,4.34
36668,2,0.03433,-2.97936,-0.3107,1.6400,0.8841,0.14937,1370,4.34
36678,2,0.02960,-2.95755,-0.5401,1.8567,-0.6600,0.06322,1377,4.34
36688,2,0.02342,-2.93661,-0.4746,1.9517,-0.3297,-0.04852,1384,4.34
36698,2,0.02094,-2.92002,-0.1585,1.8343,1.6648,-0.02383,1367,4.34
36708,2,0.02187,-2.90432,-0.0612,1.7289,2.2443,0.09904,1371,4.34
36718,2,0.02137,-2.88686,-0.3075,1.7354,0.3762,0.15009,1375,4.34
36728,2,0.01614,-2.86592,-0.5661,1.8791,-1.5807,0.03787,1358,4.34
36738,2,0.01042,-2.84585,-0.4821,1.9302,-1.1771,-0.03494,1365,4.34
36748,2,0.00693,-2.82752,-0.3528,1.8912,-0.4877,0.00906,1349,4.34
36758,2,0.00407,-2.80919,-0.2894,1.8678,-0.2243,0.00578,1349,4.35
36768,2,0.00173,-2.79174,-0.1511,1.8188,0.5834,-0.03971,1349,4.35
36778,2,0.00210,-2.77953,0.0724,1.5799,1.7880,-0.01584,1352,4.35
36788,2,0.00462,-2.76905,0.1597,1.3668,2.1519,0.05089,1358,4.35
36798,2,0.00708,-2.75771,0.0830,1.2740,1.5338,0.08840,1368,4.35
36808,2,0.00780,-2.74375,-0.0989,1.3228,0.3203,0.09373,1377,4.35
36818,2,0.00611,-2.72804,-0.2240,1.4220,-0.5042,0.03322,1385,4.35
36828,2,0.00398,-2.71408,-0.1734,1.4117,-0.2661,-0.01552,1354,4.35
36838,2,0.00378,-2.70186,-0.0255,1.3357,0.6859,0.00661,1353,4.35
36848,2,0.00471,-2.69051,0.0064,1.2552,0.8202,0.04790,1362,4.35
36858,2,0.00496,-2.67917,-0.0638,1.2069,0.2084,0.04936,1365,4.35
36868,2,0.00418,-2.66608,-0.0755,1.2478,0.1704,0.00282,1369,4.35
36878,2,0.00407,-2.65561,0.0495,1.1675,0.9440,-0.02623,1356,4.35
36888,2,0.00595,-2.64775,0.2310,1.0147,2.1101,-0.01537,1382,4.35
36898,2,0.00906,-2.64252,0.2821,0.8182,2.2688,0.02330,1389,4.35
36908,2,0.01239,-2.63554,0.2863,0.7702,2.4121,0.03568,1353,4.35
36918,2,0.01585,-2.62943,0.2815,0.7065,2.4604,0.04812,1361,4.35
36928,2,0.01910,-2.62245,0.2475,0.7031,2.4065,0.05810,1369,4.35
36938,2,0.02191,-2.61372,0.1895,0.7710,2.2999,0.06767,1371,4.35
36948,2,0.02376,-2.60499,0.0868,0.8116,1.7350,0.07285,1349,4.35
36958,2,0.02436,-2.59452,0.0038,0.9058,1.3589,0.05271,1355,4.34
36968,2,0.02441,-2.58405,0.0064,0.9624,1.5140,0.02355,1360,4.34
36978,2,0.02503,-2.57532,0.0660,0.9265,1.9334,0.02298,1364,4.34
36988,2,0.02643,-2.56747,0.1240,0.8701,2.3449,0.03460,1369,4.34
36998,2,0.02826,-2.56136,0.1629,0.7664,2.5329,0.03803,1374,4.34
37008,2,0.03036,-2.55350,0.1735,0.7740,2.7692,0.04858,1350,4.34
37018,2,0.03230,-2.54740,0.1027,0.7088,2.2189,0.07813,1353,4.34
37028,2,0.03321,-2.53780,0.0245,0.8092,1.9113,0.06658,1349,4.34
37038,2,0.03335,-2.52733,-0.0808,0.9044,1.3384,0.08047,1350,4.34
37048,2,0.03222,-2.51685,-0.1644,0.9616,0.7680,0.05774,1355,4.34
37058,2,0.03024,-2.50551,-0.1798,1.0307,0.6868,0.02152,1363,4.34
37068,2,0.02886,-2.49504,-0.1027,1.0373,1.2070,0.01093,1366,4.34
37078,2,0.02848,-2.48544,-0.0686,1.0063,1.3817,0.04413,1349,4.34
37088,2,0.02809,-2.47409,-0.1378,1.0576,0.9545,0.07733,1352,4.34
37098,2,0.02668,-2.46013,-0.2708,1.1931,0.1657,0.09172,1356,4.34
37108,2,0.02318,-2.44355,-0.4235,1.3790,-0.7922,0.05984,1358,4.34
37118,2,0.01824,-2.42784,-0.4219,1.4558,-0.9112,-0.01774,1365,4.34
37128,2,0.01482,-2.41475,-0.2165,1.3971,0.3112,-0.04798,1372,4.34
37138,2,0.01471,-2.40515,-0.0005,1.2221,1.5665,0.00934,1381,4.34
37148,2,0.01618,-2.39730,0.0431,1.0475,1.6156,0.06821,1349,4.34
37158,2,0.01667,-2.38857,-0.0792,0.9776,0.5747,0.08094,1349,4.34
37168,2,0.01540,-2.37635,-0.2181,1.0752,-0.3338,0.06096,1352,4.34
37178,2,0.01296,-2.36501,-0.2666,1.0989,-0.7931,0.02427,1356,4.34
37188,2,0.01044,-2.35366,-0.2442,1.1131,-0.7424,0.00647,1368,4.34
37198,2,0.00869,-2.34407,-0.1697,1.0518,-0.4147,0.00582,1376,4.34
37208,2,0.03457,-2.33010,-0.5182,1.1896,-1.1081,1.58802,1377,4.34
37218,2,0.01593,-2.28473,-4.2350,2.5289,-27.4682,1.20122,1385,4.34
37228,2,-0.03610,-2.23498,-7.0552,3.5070,-30.0000,0.88993,1392,4.34
37238,2,-0.09521,-2.20095,-6.6711,3.4656,-30.0000,0.28468,1349,4.34
37248,2,-0.15571,-2.18262,-6.3933,2.8124,-30.0000,0.01615,1355,4.34
37258,2,-0.21328,-2.18437,-5.6276,1.6176,-30.0000,-0.27773,1362,4.22
37268,2,-0.26277,-2.21142,-4.5256,-0.1115,-30.0000,-0.47486,1365,4.22
37278,2,-0.29638,-2.27251,-2.9473,-2.5104,-30.0000,-0.50316,1349,4.22
37288,2,-0.31246,-2.35279,-1.2712,-4.7177,-30.0000,-0.48081,1350,4.22
37298,2,-0.31453,-2.46100,0.0846,-7.1590,-30.0000,-0.46025,1349,4.22
37308,2,-0.30473,-2.58841,1.3351,-9.3918,-30.0000,-0.48245,1359,4.22
37318,2,-0.28174,-2.74811,2.6723,-12.0229,-26.0734,-0.46830,1363,4.22
37328,2,-0.24765,-2.92875,3.8802,-14.4395,-20.1985,-0.48303,1363,4.22
37338,2,-0.20235,-3.13121,5.1466,-16.7620,-12.9871,-0.51101,1370,4.22
37348,2,-0.14494,-3.35636,6.4508,-19.0631,-4.6970,-0.49956,1380,4.22
37358,2,-0.07391,-3.58238,7.5731,-20.4786,5.0045,-0.30910,1349,4.16
37368,2,0.00768,-3.81887,7.3256,-21.7468,5.3141,0.42424,1358,4.16
37378,2,0.07065,-4.03442,6.0225,-21.6701,-0.5939,0.20797,1349,4.16
37388,2,0.12024,-4.24473,5.4271,-21.4145,-1.5927,-0.11360,1353,4.16
37398,2,0.17348,-4.44893,5.6378,-21.0169,4.0570,0.01635,1356,4.16
37408,2,0.23254,-4.65139,5.6207,-20.7084,8.1568,0.37521,1369,4.16
37418,2,0.28474,-4.84599,4.8178,-20.2092,6.2955,0.48584,1377,4.16
37428,2,0.32882,-5.02053,3.8350,-19.1069,3.8925,0.61549,1378,4.16
37438,2,0.35956,-5.18284,3.2076,-17.9567,3.4534,0.29250,1352,4.16
37448,2,0.38796,-5.33992,2.9091,-17.0572,4.8149,0.35374,1349,4.16
37458,2,0.41431,-5.48740,2.4456,-16.1336,4.8584,0.50906,1351,4.29
37468,2,0.43071,-5.62179,1.7209,-15.0558,2.6427,0.38989,1358,4.29
37478,2,0.43879,-5.74309,1.2383,-13.8854,1.9485,0.22377,1364,4.29
37488,2,0.44993,-5.85741,0.9844,-12.9040,2.7740,0.51497,1349,4.29
37498,2,0.45931,-5.96737,0.7439,-12.1407,3.1164,0.55595,1353,4.29
37508,2,0.45968,-6.06074,0.0495,-11.0194,0.2493,0.45385,1363,4.29
37518,2,0.45306,-6.14976,-0.3884,-10.1721,-1.7120,0.31583,1369,4.29
37528,2,0.44151,-6.22742,-0.6028,-9.2100,-2.0309,0.16590,1370,4.29
37538,2,0.43581,-6.31294,-0.4177,-8.9468,-0.4869,0.35925,1371,4.29
37548,2,0.42832,-6.38189,-0.6555,-8.1258,-1.0278,0.38169,1374,4.29
37558,2,0.41895,-6.44821,-0.9354,-7.5283,-2.4911,0.41809,1381,4.31
37568,2,0.40293,-6.50667,-1.2691,-6.8557,-4.6105,0.23643,1349,4.31
37578,2,0.38762,-6.55991,-1.2047,-6.2428,-3.7970,0.22449,1349,4.31
37588,2,0.37442,-6.61139,-1.1621,-5.8051,-3.3965,0.29548,1349,4.31
37598,2,0.36034,-6.66375,-1.2238,-5.5774,-4.2997,0.26821,1359,4.31
37608,2,0.34559,-6.71175,-1.2914,-5.2663,-5.1039,0.25380,1367,4.31
37618,2,0.33089,-6.75277,-1.1515,-4.8005,-3.9900,0.17188,1366,4.31
37628,2,0.31793,-6.79902,-1.1642,-4.7303,-4.7905,0.25179,1374,4.31
37638,2,0.30352,-6.84178,-1.3185,-4.5487,-6.5079,0.24242,1382,4.31
37648,2,0.28609,-6.87756,-1.3531,-4.1603,-7.0525,0.09133,1373,4.31
37658,2,0.27200,-6.91072,-1.0599,-3.8226,-5.0132,0.09724,1378,4.33
37668,2,0.26075,-6.94824,-0.9434,-3.7946,-4.8113,0.16976,1383,4.33
37678,2,0.25112,-6.98577,-0.9434,-3.7778,-5.4136,0.24149,1389,4.33
37688,2,0.23789,-7.01806,-1.0977,-3.5582,-6.9647,0.12549,1349,4.33
37698,2,0.22614,-7.04947,-0.9131,-3.3915,-5.9715,0.09475,1349,4.33
37708,2,0.21661,-7.08002,-0.8221,-3.2567,-5.6152,0.15135,1349,4.33
37718,2,0.20718,-7.10969,-0.7577,-3.1408,-5.4949,0.11463,1353,4.33
37728,2,0.19866,-7.13848,-0.7657,-3.0364,-5.8893,0.15553,1365,4.33
37738,2,0.18910,-7.16728,-0.7987,-2.9737,-6.6298,0.11044,1373,4.33
37748,2,0.18056,-7.19608,-0.6747,-2.9361,-6.1724,0.09063,1377,4.33
37758,2,0.17330,-7.22401,-0.6013,-2.8788,-5.9726,0.11118,1382,4.35
37768,2,0.16599,-7.24931,-0.5081,-2.7395,-5.4463,0.05464,1370,4.35
37778,2,0.16130,-7.27375,-0.3011,-2.6210,-3.9371,0.07737,1353,4.35
37788,2,0.15806,-7.30080,-0.2926,-2.6548,-4.1733,0.14240,1361,4.35
37798,2,0.15389,-7.32873,-0.2990,-2.7100,-4.6291,0.09447,1367,4.35
37808,2,0.15022,-7.35665,-0.2894,-2.7429,-4.8834,0.11158,1349,4.35
37818,2,0.14567,-7.38108,-0.3070,-2.6231,-5.0626,0.07164,1349,4.35
37828,2,0.14134,-7.40290,-0.2006,-2.4466,-4.1635,0.02522,1356,4.35
37838,2,0.14006,-7.42472,-0.0346,-2.3406,-2.7741,0.09357,1361,4.35
37848,2,0.13963,-7.44304,-0.1192,-2.1373,-3.0138,0.17762,1369,4.35
37858,2,0.13645,-7.45875,-0.3113,-1.9107,-4.1880,0.13317,1379,4.35
37868,2,0.13192,-7.47272,-0.3432,-1.7051,-4.2787,0.07706,1381,4.35
37878,2,0.12784,-7.48668,-0.2623,-1.5815,-3.6666,0.05455,1367,4.35
37888,2,0.12518,-7.50151,-0.1043,-1.5422,-2.5644,0.04442,1372,4.35
37898,2,0.12479,-7.51809,0.0724,-1.5886,-1.3666,0.06901,1360,4.35
37908,2,0.12617,-7.53205,0.0501,-1.5116,-1.2926,0.17017,1368,4.35
37918,2,0.12540,-7.54078,-0.2075,-1.2561,-2.7409,0.19097,1352,4.35
37928,2,0.12084,-7.54427,-0.4560,-0.8933,-4.1222,0.12060,1350,4.35
37938,2,0.11472,-7.54602,-0.4884,-0.6059,-4.1288,0.05292,1354,4.35
37948,2,0.10942,-7.54689,-0.4017,-0.3985,-3.3549,0.04526,1356,4.35
37958,2,0.10542,-7.54864,-0.3277,-0.3088,-2.8531,0.06936,1365,4.35
37968,2,0.10191,-7.54776,-0.2921,-0.1503,-2.4582,0.07254,1372,4.35
37978,2,0.09839,-7.54689,-0.2985,-0.0554,-2.5211,0.07143,1381,4.35
37988,2,0.09488,-7.54515,-0.2458,0.0366,-2.1412,0.04254,1387,4.35
37998,2,0.09251,-7.54340,-0.1458,0.0919,-1.4117,0.04666,1349,4.35
38008,2,0.09134,-7.54078,-0.0617,0.1598,-0.6986,0.06364,1358,4.35
38018,2,0.09064,-7.53817,-0.0377,0.2006,-0.4700,0.07482,1362,4.35
38028,2,0.08995,-7.53555,-0.0149,0.2250,-0.2850,0.06266,1349,4.35
38038,2,0.08976,-7.53205,0.0474,0.2748,0.2857,0.05642,1353,4.35
38048,2,0.09046,-7.52856,0.1325,0.3045,1.0426,0.05948,1353,4.35
38058,2,0.09200,-7.52420,0.1863,0.3573,1.6654,0.07589,1363,4.35
38068,2,0.09391,-7.51897,0.2017,0.4237,2.0518,0.08830,1370,4.35
38078,2,0.09572,-7.51373,0.1974,0.4637,2.2255,0.08752,1376,4.35
38088,2,0.09766,-7.50675,0.2118,0.5575,2.6670,0.08875,1349,4.35
38098,2,0.09995,-7.50064,0.2219,0.5788,2.9396,0.10350,1353,4.35
38108,2,0.10231,-7.49104,0.1788,0.7313,3.1033,0.13118,1349,4.35
38118,2,0.10370,-7.47882,0.0266,0.9274,2.4760,0.15949,1354,4.35
38128,2,0.10268,-7.46312,-0.2000,1.1848,1.2702,0.15191,1363,4.35
38138,2,0.09936,-7.44392,-0.3144,1.4788,0.8522,0.09079,1375,4.35
38148,2,0.09628,-7.42472,-0.2357,1.6551,1.6547,0.06009,1386,4.35
38158,2,0.09469,-7.40552,-0.1894,1.7612,2.1522,0.10979,1387,4.34
38168,2,0.09269,-7.38283,-0.2820,1.9642,1.7866,0.13363,1352,4.34
38178,2,0.08905,-7.35927,-0.3501,2.1210,1.4030,0.08195,1362,4.34
38188,2,0.08594,-7.33745,-0.2314,2.1453,2.1767,0.04638,1366,4.34
38198,2,0.08484,-7.31825,-0.0995,2.0551,2.9261,0.07958,1349,4.34
38208,2,0.08458,-7.29818,-0.0782,2.0358,3.0456,0.11065,1356,4.34
38218,2,0.08391,-7.27724,-0.1293,2.0594,2.6855,0.11505,1366,4.34
38228,2,0.08250,-7.25368,-0.1655,2.1780,2.6008,0.09450,1372,4.34
38238,2,0.08112,-7.22924,-0.1388,2.2843,2.9677,0.08168,1380,4.34
38248,2,0.08065,-7.20568,-0.1521,2.3130,2.9194,0.13303,1371,4.34
38258,2,0.07890,-7.18124,-0.3299,2.3652,1.5983,0.15661,1349,4.33
38268,2,0.07396,-7.15332,-0.5012,2.5361,0.3854,0.07762,1354,4.33
38278,2,0.06888,-7.12365,-0.4570,2.7085,0.7999,0.04319,1362,4.33
38288,2,0.06485,-7.09398,-0.3756,2.8119,1.4128,0.05136,1367,4.33
38298,2,0.06171,-7.06605,-0.3474,2.8042,1.4348,0.07840,1373,4.33
38308,2,0.05892,-7.03725,-0.3671,2.8345,1.2002,0.10315,1388,4.33
38318,2,0.05488,-7.00671,-0.4560,2.9224,0.4894,0.08048,1349,4.33
38328,2,0.05003,-6.97530,-0.4475,3.0100,0.4652,0.03117,1349,4.33
38338,2,0.04657,-6.94737,-0.2799,2.9231,1.3500,0.01350,1353,4.33
38348,2,0.04490,-6.92032,-0.1937,2.8359,1.7300,0.05821,1362,4.33
38358,2,0.04317,-6.89326,-0.2192,2.7837,1.3367,0.06655,1365,4.34
38368,2,0.04089,-6.86360,-0.2309,2.8570,1.2888,0.04224,1376,4.34
38378,2,0.03910,-6.83392,-0.1484,2.9011,1.9219,0.02408,1349,4.34
38388,2,0.03848,-6.80774,-0.0596,2.7879,2.3304,0.03707,1349,4.34
38398,2,0.03840,-6.78506,-0.0058,2.5802,2.2985,0.03724,1349,4.34
38408,2,0.03940,-6.76324,0.1432,2.4208,3.1602,0.01767,1355,4.34
38418,2,0.04237,-6.74055,0.2315,2.3601,3.9031,0.07520,1364,4.34
38428,2,0.04510,-6.71699,0.1618,2.3585,3.5638,0.10058,1372,4.34
38438,2,0.04652,-6.68993,0.0490,2.4973,3.1247,0.09304,1375,4.34
38448,2,0.04751,-6.66463,-0.0415,2.5106,2.5529,0.11799,1349,4.34
38458,2,0.04664,-6.63757,-0.2165,2.5885,1.3650,0.11124,1349,4.34
38468,2,0.04363,-6.60878,-0.2841,2.7049,0.9418,0.03551,1349,4.34
38478,2,0.04154,-6.57998,-0.1644,2.7749,1.8932,0.01913,1356,4.34
38488,2,0.04046,-6.55206,-0.0729,2.7819,2.5564,0.02261,1362,4.34
38498,2,0.04097,-6.52588,-0.0447,2.7163,2.6813,0.08890,1373,4.34
38508,2,0.04075,-6.49882,-0.1639,2.7120,1.7780,0.11156,1380,4.34
38518,2,0.03886,-6.46828,-0.3033,2.8489,0.9277,0.09626,1349,4.34
38528,2,0.03520,-6.43686,-0.3522,2.9660,0.6083,0.02850,1349,4.34
38538,2,0.03256,-6.40981,-0.1208,2.8617,1.9893,-0.03927,1355,4.34
38548,2,0.03442,-6.38625,0.0900,2.6595,3.2808,0.08228,1361,4.34
38558,2,0.03571,-6.36094,-0.0872,2.6080,1.9300,0.14418,1369,4.34
38568,2,0.03356,-6.33389,-0.2330,2.6468,0.7976,0.04244,1374,4.34
38578,2,0.03147,-6.30684,-0.1862,2.6702,1.0938,0.01981,1349,4.34
38588,2,0.03038,-6.28153,-0.0058,2.6144,2.2905,-0.02115,1349,4.34
38598,2,0.03250,-6.26058,0.2565,2.4064,3.9746,0.01021,1349,4.34
38608,2,0.03752,-6.24226,0.3358,2.1769,4.4066,0.12072,1357,4.34
38618,2,0.04039,-6.21957,0.0825,2.2137,2.7691,0.14249,1364,4.34
38628,2,0.03980,-6.19688,-0.0244,2.2358,1.9894,0.02259,1369,4.34
38638,2,0.04037,-6.17681,0.1309,2.1443,3.0192,0.00350,1376,4.34
38648,2,0.04298,-6.15674,0.1671,2.0895,3.3550,0.08973,1382,4.34
38658,2,0.04410,-6.13492,0.0288,2.1263,2.4769,0.08580,1349,4.34
38668,2,0.04370,-6.11136,-0.0165,2.2183,2.3295,0.03194,1350,4.34
38678,2,0.04454,-6.08780,-0.0032,2.2735,2.6235,0.08807,1358,4.34
38688,2,0.04396,-6.06074,-0.1591,2.4462,1.8061,0.09482,1366,4.34
38698,2,0.04178,-6.03456,-0.1261,2.5148,2.0898,-0.00447,1376,4.34
38708,2,0.04222,-6.01187,0.0213,2.4166,3.0388,0.05392,1384,4.34
38718,2,0.04325,-5.98831,-0.0681,2.3924,2.3935,0.12831,1366,4.34
38728,2,0.04162,-5.96213,-0.2442,2.4826,1.1762,0.08261,1372,4.34
38738,2,0.03884,-5.93421,-0.3246,2.6066,0.6862,0.06208,1357,4.34
38748,2,0.03501,-5.90628,-0.2979,2.6810,0.8313,-0.00785,1365,4.34
38758,2,0.03347,-5.88097,-0.0234,2.6209,2.7041,-0.03138,1369,4.35
38768,2,0.03559,-5.86090,0.1432,2.3754,3.5799,0.06966,1353,4.35
38778,2,0.03761,-5.83734,-0.0079,2.3677,2.5661,0.14255,1355,4.35
38788,2,0.03624,-5.81291,-0.2506,2.3980,0.7292,0.09308,1363,4.35
38798,2,0.03239,-5.78760,-0.3277,2.4511,0.0390,0.00368,1370,4.35
38808,2,0.02962,-5.76404,-0.0984,2.4131,1.5382,-0.05928,1376,4.35
38818,2,0.03106,-5.74222,0.2278,2.3205,3.9151,-0.01094,1380,4.35
38828,2,0.03543,-5.72302,0.3220,2.1603,4.5705,0.09282,1350,4.35
38838,2,0.03877,-5.70295,0.2097,2.0990,3.8144,0.10092,1349,4.35
38848,2,0.04050,-5.68114,0.1160,2.1321,3.3046,0.06877,1349,4.35
38858,2,0.04172,-5.66106,0.0591,2.0821,2.8588,0.07352,1350,4.34
38868,2,0.04218,-5.64186,0.0272,2.0172,2.5206,0.05139,1353,4.34
38878,2,0.04283,-5.62354,0.0596,1.9434,2.6621,0.04582,1363,4.34
38888,2,0.04418,-5.60172,0.0740,2.0387,3.0822,0.07452,1371,4.34
38898,2,0.04488,-5.57816,-0.0654,2.1657,2.3673,0.11245,1383,4.34
38908,2,0.04343,-5.55285,-0.1777,2.3116,1.7652,0.05981,1387,4.34
38918,2,0.04207,-5.52755,-0.1548,2.3993,2.0651,0.05140,1349,4.34
38928,2,0.04082,-5.50311,-0.2378,2.4170,1.4167,0.09719,1357,4.34
38938,2,0.03770,-5.47868,-0.2995,2.4275,0.7961,0.03149,1364,4.34
38948,2,0.03540,-5.45424,-0.2346,2.4339,1.1769,0.03765,1366,4.34
38958,2,0.03323,-5.42981,-0.2650,2.4378,0.8397,0.05758,1368,4.34
38968,2,0.03043,-5.40625,-0.2000,2.4051,1.1027,-0.01000,1349,4.34
38978,2,0.02971,-5.38443,-0.0580,2.3157,1.9566,0.02282,1356,4.34
38988,2,0.02986,-5.36174,-0.0808,2.2971,1.7713,0.07778,1361,4.34
38998,2,0.02871,-5.33905,-0.0867,2.2858,1.6490,0.01473,1360,4.34
39008,2,0.02895,-5.32072,0.0511,2.1045,2.3279,0.01548,1364,4.34
39018,2,0.03091,-5.30414,0.1166,1.9259,2.5713,0.07036,1370,4.34
39028,2,0.03203,-5.28843,0.0410,1.7839,1.7733,0.06749,1374,4.34
39038,2,0.03178,-5.27185,0.0309,1.7336,1.5856,0.00420,1382,4.34
39048,2,0.03273,-5.25789,0.1602,1.5986,2.3419,0.00003,1349,4.34
39058,2,0.03555,-5.24393,0.2501,1.5177,3.0361,0.05156,1352,4.35
39068,2,0.03830,-5.22735,0.1825,1.5738,2.8338,0.08422,1351,4.35
39078,2,0.03948,-5.20902,0.0729,1.6774,2.3195,0.06193,1361,4.35
39088,2,0.04004,-5.19157,0.1011,1.7046,2.6426,0.01768,1370,4.35
39098,2,0.04217,-5.17586,0.2304,1.6510,3.6526,0.03356,1349,4.35
39108,2,0.04584,-5.16190,0.2507,1.5491,3.8266,0.10389,1355,4.35
39118,2,0.04828,-5.14706,0.0894,1.5229,2.7151,0.12564,1362,4.35
39128,2,0.04808,-5.13223,-0.0782,1.5072,1.4113,0.07687,1365,4.35
39138,2,0.04667,-5.11652,-0.0596,1.5325,1.5319,0.00602,1373,4.35
39148,2,0.04705,-5.10256,0.0894,1.4781,2.5771,0.02150,1377,4.35
39158,2,0.04938,-5.08859,0.1341,1.4454,3.0029,0.09864,1349,4.34
39168,2,0.05071,-5.07027,-0.0633,1.6002,1.9452,0.14900,1357,4.34
39178,2,0.04800,-5.04845,-0.3118,1.8328,0.4187,0.06863,1358,4.34
39188,2,0.04453,-5.02751,-0.2527,1.9375,0.8923,-0.00303,1368,4.34
39198,2,0.04345,-5.00918,-0.1202,1.8954,1.7514,0.04979,1366,4.34
39208,2,0.04270,-4.98998,-0.2399,1.9052,0.8351,0.12525,1381,4.34
39218,2,0.03894,-4.96817,-0.4118,2.0158,-0.4438,0.05699,1384,4.34
39228,2,0.03441,-4.94897,-0.3714,1.9775,-0.4910,-0.00642,1387,4.34
39238,2,0.03199,-4.93064,-0.2181,1.9195,0.4056,0.01995,1351,4.34
39248,2,0.03046,-4.91319,-0.1665,1.8498,0.5622,0.03692,1361,4.34
39258,2,0.02877,-4.89836,-0.0910,1.7033,0.7208,-0.01010,1368,4.35
39268,2,0.02906,-4.88527,0.1049,1.5456,1.8891,-0.00874,1371,4.35
39278,2,0.03143,-4.87479,0.2262,1.3463,2.5314,0.03686,1354,4.35
39288,2,0.03416,-4.86432,0.1959,1.2266,2.2215,0.07244,1355,4.35
39298,2,0.03601,-4.85298,0.1224,1.1898,1.7116,0.06747,1363,4.35
39308,2,0.03690,-4.83989,0.0862,1.2375,1.6088,0.03827,1367,4.35
39318,2,0.03799,-4.82767,0.0841,1.2311,1.6577,0.05023,1372,4.35
39328,2,0.03887,-4.81632,0.0554,1.1925,1.4211,0.05532,1375,4.35
39338,2,0.03944,-4.80411,0.0692,1.2042,1.5978,0.03354,1349,4.35
39348,2,0.04023,-4.79364,0.0905,1.1413,1.6804,0.03433,1352,4.35
39358,2,0.04159,-4.78403,0.1464,1.0689,2.0394,0.03649,1349,4.35
39368,2,0.04339,-4.77531,0.1900,0.9904,2.3193,0.03824,1349,4.35
39378,2,0.04557,-4.76658,0.1900,0.9433,2.3617,0.05978,1356,4.35
39388,2,0.04721,-4.75698,0.1293,0.9499,2.0286,0.06460,1358,4.35
39398,2,0.04827,-4.74738,0.0809,0.9540,1.7454,0.06062,1367,4.35
39408,2,0.04900,-4.73691,0.0474,0.9912,1.6278,0.06186,1375,4.35
39418,2,0.04947,-4.72644,0.0187,1.0137,1.4973,0.06336,1380,4.35
39428,2,0.04998,-4.71422,0.0038,1.0969,1.6084,0.07365,1371,4.35
39438,2,0.05047,-4.70201,-0.0393,1.1468,1.4327,0.09506,1352,4.35
39448,2,0.05032,-4.68717,-0.0931,1.2816,1.3224,0.08914,1360,4.35
39458,2,0.04973,-4.67495,-0.0814,1.2576,1.3316,0.06070,1371,4.34
39468,2,0.04977,-4.66448,-0.0058,1.1734,1.7316,0.05485,1349,4.34
39478,2,0.05082,-4.65663,0.0628,1.0182,1.9858,0.07196,1355,4.34
39488,2,0.05191,-4.65052,0.0485,0.8553,1.5959,0.08236,1363,4.34
39498,2,0.05240,-4.64354,0.0064,0.7924,1.1772,0.07369,1364,4.34
39508,2,0.05263,-4.63743,-0.0292,0.7198,0.7684,0.07857,1369,4.34
39518,2,0.05251,-4.63045,-0.0596,0.7111,0.5183,0.07649,1370,4.34
39528,2,0.05138,-4.62347,-0.1303,0.7058,-0.0945,0.06000,1376,4.34
39538,2,0.04991,-4.61736,-0.1303,0.6679,-0.2649,0.04151,1349,4.34
39548,2,0.04884,-4.61125,-0.0750,0.6451,0.0415,0.03250,1349,4.34
39558,2,0.04838,-4.60688,-0.0223,0.5616,0.2334,0.03686,1351,4.34
39568,2,0.04845,-4.60339,0.0245,0.4766,0.4095,0.03939,1361,4.34
39578,2,0.04915,-4.60078,0.0793,0.3906,0.6835,0.04455,1365,4.34
39588,2,0.05027,-4.59816,0.1107,0.3391,0.8819,0.05108,1350,4.34
39598,2,0.05134,-4.59729,0.0905,0.2383,0.5775,0.05979,1358,4.34
39608,2,0.05253,-4.59467,0.1192,0.2478,0.8925,0.05208,1363,4.34
39618,2,0.05388,-4.59379,0.1230,0.1836,0.8671,0.06019,1368,4.34
39628,2,0.05506,-4.59205,0.0926,0.1800,0.7051,0.06747,1375,4.34
39638,2,0.05566,-4.58943,0.0602,0.2127,0.5709,0.05566,1368,4.34
39648,2,0.05611,-4.58769,0.0469,0.1974,0.4669,0.05544,1349,4.34
39658,2,0.05654,-4.58507,0.0336,0.2232,0.4517,0.06127,1349,4.34
39668,2,0.05681,-4.58245,0.0048,0.2387,0.2867,0.06754,1354,4.34
39678,2,0.05670,-4.57808,-0.0393,0.3178,0.1218,0.07107,1362,4.34
39688,2,0.05599,-4.57285,-0.0894,0.4000,-0.1181,0.06502,1376,4.34
39698,2,0.05477,-4.56761,-0.1319,0.4495,-0.4052,0.05966,1386,4.34
39708,2,0.05356,-4.56151,-0.1255,0.5140,-0.2873,0.05590,1387,4.34
39718,2,0.05234,-4.55540,-0.1005,0.5528,-0.0849,0.04188,1375,4.34
39728,2,0.05144,-4.55016,-0.0601,0.5411,0.1434,0.03642,1359,4.34
39738,2,0.05112,-4.54493,-0.0138,0.5341,0.4626,0.04180,1365,4.34
39748,2,0.05099,-4.54143,-0.0037,0.4601,0.3727,0.04637,1352,4.34
39758,2,0.05097,-4.53794,-0.0069,0.4156,0.2531,0.05347,1349,4.34
39768,2,0.05086,-4.53358,-0.0303,0.4239,0.0909,0.06063,1349,4.34
39778,2,0.05056,-4.53009,-0.0441,0.3941,-0.0952,0.05750,1357,4.34
39788,2,0.05006,-4.52573,-0.0777,0.4109,-0.3400,0.06396,1366,4.34
39798,2,0.04926,-4.52136,-0.1133,0.4211,-0.6346,0.06585,1372,4.34
39808,2,0.04798,-4.51613,-0.1346,0.4620,-0.7828,0.05143,1380,4.34
39818,2,0.04645,-4.51176,-0.1553,0.4518,-1.0551,0.04758,1384,4.34
39828,2,0.04502,-4.50653,-0.1426,0.4806,-0.9817,0.04463,1376,4.34
39838,2,0.04384,-4.50216,-0.1309,0.4628,-1.0022,0.05055,1357,4.34
39848,2,0.04319,-4.49955,-0.0899,0.3824,-0.9063,0.05546,1366,4.34
39858,2,0.04313,-4.49867,-0.0388,0.2643,-0.7804,0.05933,1366,4.35
39868,2,0.04377,-4.49867,0.0032,0.1586,-0.6523,0.07410,1349,4.35
39878,2,0.04484,-4.50129,0.0139,-0.0096,-0.8730,0.09163,1349,4.35
39888,2,0.04578,-4.50391,-0.0234,-0.1104,-1.3180,0.10432,1357,4.35
39898,2,0.04622,-4.50740,-0.0761,-0.2059,-1.9000,0.10636,1360,4.35
39908,2,0.04584,-4.51176,-0.1197,-0.2981,-2.4588,0.08693,1372,4.35
39918,2,0.04495,-4.51700,-0.0872,-0.3882,-2.4707,0.04366,1381,4.35
39928,2,0.04411,-4.52573,0.0032,-0.5820,-2.2688,0.00053,1385,4.35
39938,2,0.04395,-4.53445,0.1602,-0.6983,-1.3507,-0.04384,1392,4.35
39948,2,0.04565,-4.54493,0.2842,-0.8379,-0.6179,-0.01139,1350,4.35
39958,2,0.04813,-4.55452,0.2815,-0.8866,-0.5965,0.03094,1357,4.35
39968,2,0.04977,-4.56151,0.1724,-0.8113,-1.1603,0.04580,1365,4.35
39978,2,0.05055,-4.56499,0.0857,-0.6263,-1.3674,0.04664,1349,4.35
39988,2,0.05082,-4.56761,0.0250,-0.4805,-1.4942,0.05158,1349,4.35
39998,2,0.05068,-4.56849,-0.0207,-0.3233,-1.5071,0.05420,1352,4.35
40008,2,0.05009,-4.56936,-0.0755,-0.2288,-1.7538,0.05859,1357,4.35
40018,2,0.04931,-4.56936,-0.0723,-0.1373,-1.5796,0.04619,1362,4.35
40028,2,0.04844,-4.56936,-0.0947,-0.0824,-1.6837,0.05244,1372,4.35
40038,2,0.04724,-4.56936,-0.0904,-0.0494,-1.6556,0.03219,1380,4.35
40048,2,0.04634,-4.57023,-0.0197,-0.0646,-1.2101,0.01136,1385,4.35
40058,2,0.04618,-4.57198,0.0628,-0.1086,-0.6932,0.00668,1349,4.35
40068,2,0.04662,-4.57372,0.1293,-0.1349,-0.2205,0.00418,1356,4.35
40078,2,0.04797,-4.57460,0.1528,-0.1159,0.0828,0.03919,1365,4.35
40088,2,0.04904,-4.57634,0.1251,-0.1394,-0.1122,0.03967,1349,4.35
40098,2,0.04989,-4.57634,0.1682,-0.0836,0.3898,0.00863,1352,4.35
40108,2,0.05171,-4.57634,0.2331,-0.0502,1.0690,0.02609,1349,4.35
40118,2,0.05466,-4.57808,0.2554,-0.0998,1.3143,0.07426,1361,4.35
40128,2,0.05756,-4.58070,0.2597,-0.1647,1.3861,0.07277,1363,4.35
40138,2,0.06059,-4.58332,0.2746,-0.2035,1.6033,0.07499,1372,4.35
40148,2,0.06371,-4.58769,0.3028,-0.2967,1.8065,0.06801,1377,4.35
40158,2,0.06740,-4.59205,0.3613,-0.3525,2.3572,0.07128,1349,4.35
40168,2,0.07106,-4.59816,0.3060,-0.4559,1.9383,0.10091,1350,4.35
40178,2,0.07361,-4.60252,0.2852,-0.4480,1.9559,0.05878,1353,4.35
40188,2,0.07527,-4.60688,0.2959,-0.4434,2.1473,0.01000,1363,4.35
40198,2,0.07768,-4.61038,0.3651,-0.4057,2.9024,0.01576,1349,4.35
40208,2,0.08190,-4.61125,0.3103,-0.2783,3.0310,0.13789,1351,4.35
40218,2,0.08432,-4.60863,0.0756,-0.0622,1.8802,0.16744,1358,4.35
40228,2,0.08473,-4.60427,-0.0032,0.1372,1.7485,0.10688,1361,4.35
40238,2,0.08568,-4.60339,0.1022,0.1172,2.5634,0.08220,1367,4.35
40248,2,0.08714,-4.60339,0.1150,0.0703,2.6497,0.10240,1377,4.35
40258,2,0.08784,-4.60252,0.0266,0.0771,2.0407,0.10961,1380,4.34
40268,2,0.08737,-4.59903,-0.0633,0.1858,1.5702,0.09553,1387,4.34
40278,2,0.08690,-4.59554,-0.0510,0.2512,1.7784,0.08876,1353,4.34
40288,2,0.08779,-4.59467,0.0554,0.1856,2.4984,0.10489,1364,4.34
40298,2,0.08929,-4.59641,0.0841,0.0415,2.4948,0.12205,1373,4.34
40320,0,0.09447,-4.61648,0.4507,-0.7779,0.0000,0.12796,1072,4.34
40330,0,0.09897,-4.62870,0.4034,-0.9554,0.0000,0.12231,972,4.34
40340,0,0.10347,-4.63830,0.2730,-0.9572,0.0000,0.19221,972,4.34
40350,0,0.10569,-4.64703,0.1379,-0.9235,0.0000,0.14790,978,4.34
40360,0,0.10695,-4.65488,0.1299,-0.8682,0.0000,0.10501,983,4.34
40370,0,0.10845,-4.66361,0.1804,-0.8700,0.0000,0.09290,992,4.35
40380,0,0.11025,-4.67146,0.1889,-0.8362,0.0000,0.10616,998,4.35
40390,0,0.11156,-4.67932,0.1208,-0.8158,0.0000,0.11621,968,4.35
40400,0,0.11195,-4.68455,0.0234,-0.6990,0.0000,0.11978,968,4.35
40410,0,0.11115,-4.68717,-0.0601,-0.5240,0.0000,0.10149,981,4.35
40420,0,0.10977,-4.68979,-0.1000,-0.4192,0.0000,0.09074,984,4.35
40430,0,0.10871,-4.69153,-0.0904,-0.3213,0.0000,0.10076,972,4.35
40440,0,0.10754,-4.69153,-0.1027,-0.1928,0.0000,0.10064,976,4.35
40450,0,0.10626,-4.69328,-0.1351,-0.1856,0.0000,0.10964,977,4.35
40460,0,0.10474,-4.69241,-0.2160,-0.0764,0.0000,0.13683,980,4.35
40470,0,0.10203,-4.69066,-0.2719,0.0240,0.0000,0.10252,983,4.35
40480,0,0.09886,-4.68892,-0.3373,0.0842,0.0000,0.10907,984,4.35
40490,0,0.09492,-4.68630,-0.3240,0.1553,0.0000,0.05983,968,4.35
40500,0,0.09142,-4.68368,-0.2932,0.1978,0.0000,0.06305,969,4.35
40522,0,0.08715,-4.67059,-0.4523,0.6423,0.0000,0.09966,1043,4.35
40532,0,0.08119,-4.66186,-0.5624,0.7345,0.0000,0.06449,970,4.35
40542,0,0.07521,-4.64965,-0.4507,0.9293,0.0000,0.00163,981,4.35
40552,0,0.07094,-4.64092,-0.3235,0.9067,0.0000,0.01896,978,4.35
40562,0,0.06983,-4.63219,-0.0840,0.8931,0.0000,0.05656,968,4.35
40572,0,0.07309,-4.62347,0.2980,0.8849,0.0000,0.08669,981,4.35
40582,0,0.07611,-4.61561,-0.0665,0.8452,0.0000,0.26064,963,4.36
40592,0,0.07510,-4.61386,-0.0835,0.5769,0.0000,0.06632,969,4.36
40602,0,0.07510,-4.61386,-0.1713,0.3462,0.0000,0.16083,968,4.36
40612,0,0.07171,-4.61474,-0.4773,0.1727,0.0000,0.14096,981,4.36
40622,0,0.06812,-4.61299,-0.0670,0.1735,0.0000,-0.07804,966,4.36
40632,0,0.06975,-4.61038,0.1836,0.2087,0.0000,0.05949,972,4.36
40642,0,0.07346,-4.60688,0.4326,0.2649,0.0000,0.04265,971,4.36
40652,0,0.07897,-4.60078,0.4156,0.4032,0.0000,0.14675,972,4.36
40662,0,0.08262,-4.59379,0.1038,0.5213,0.0000,0.21303,972,4.36
40672,0,0.07935,-4.59118,-0.3911,0.4175,0.0000,0.11116,982,4.36
40682,0,0.07410,-4.58681,-0.4177,0.4250,0.0000,0.02039,963,4.36
40692,0,0.06958,-4.58332,-0.3059,0.3946,0.0000,-0.00342,963,4.36
40702,0,0.06626,-4.57808,-0.1905,0.4463,0.0000,-0.00454,963,4.36
40723,0,0.06798,-4.56238,0.3645,0.8960,0.0000,-0.02807,1049,4.36
40733,0,0.07267,-4.55365,0.6567,0.8867,0.0000,-0.02135,970,4.36
40743,0,0.07957,-4.54318,0.8887,0.9510,0.0000,-0.01967,974,4.36
40753,0,0.08861,-4.53096,1.0797,1.0592,0.0000,0.00068,983,4.36
40763,0,0.09895,-4.51962,1.1425,1.0893,0.0000,0.04474,991,4.36
40773,0,0.10869,-4.50915,0.9690,1.0725,0.0000,0.11137,964,4.36
40783,0,0.11465,-4.49867,0.5912,1.0623,0.0000,0.11698,964,4.36
40793,0,0.11625,-4.48820,0.1341,1.0563,0.0000,0.12942,967,4.36
40803,0,0.11294,-4.47686,-0.3139,1.0875,0.0000,0.10438,976,4.36
40813,0,0.10720,-4.46639,-0.5331,1.0714,0.0000,0.08660,964,4.36
40823,0,0.10109,-4.46115,-0.6529,0.8523,0.0000,0.12222,968,4.36
40833,0,0.09411,-4.45766,-0.7199,0.6510,0.0000,0.10462,974,4.36
40843,0,0.08689,-4.45679,-0.7737,0.4256,0.0000,0.11287,979,4.36
40853,0,0.07908,-4.45766,-0.8317,0.2204,0.0000,0.10462,977,4.36
40863,0,0.07057,-4.45853,-0.9014,0.0974,0.0000,0.09582,978,4.36
40873,0,0.06147,-4.45940,-0.9439,0.0235,0.0000,0.07823,978,4.36
40883,0,0.05238,-4.46202,-0.9189,-0.0907,0.0000,0.05755,963,4.36
40893,0,0.04384,-4.46726,-0.8359,-0.2638,0.0000,0.03442,964,4.36
40903,0,0.03672,-4.47337,-0.6997,-0.4026,0.0000,0.03050,964,4.36
40925,0,0.03320,-4.48995,-0.4028,-0.9049,0.0000,0.05881,1042,4.36
40935,0,0.03072,-4.49955,-0.3836,-0.9268,0.0000,0.09831,964,4.36
40945,0,0.02689,-4.50653,-0.4608,-0.8353,0.0000,0.06586,977,4.36
40955,0,0.02346,-4.50827,-0.4783,-0.5710,0.0000,0.09127,985,4.36
40965,0,0.01987,-4.50566,-0.4203,-0.2379,0.0000,0.05032,993,4.36
40975,0,0.01807,-4.50216,-0.2543,-0.0031,0.0000,0.05561,995,4.36
40985,0,0.01778,-4.49780,-0.0569,0.1727,0.0000,0.03132,961,4.36
40995,0,0.01964,-4.49606,0.2374,0.1734,0.0000,-0.00571,964,4.36
41005,0,0.02466,-4.49693,0.4875,0.0691,0.0000,0.03171,978,4.36
41015,0,0.03003,-4.49780,0.5455,0.0066,0.0000,0.02583,982,4.36
41025,0,0.03503,-4.49606,0.4811,0.0738,0.0000,0.04456,961,4.36
41035,0,0.03950,-4.49257,0.2523,0.1838,0.0000,0.13688,963,4.36
41045,0,0.03921,-4.48646,-0.0968,0.3547,0.0000,0.07302,976,4.36
41055,0,0.03535,-4.48035,-0.5406,0.4572,0.0000,0.11254,981,4.36
41065,0,0.02768,-4.47511,-0.8923,0.4837,0.0000,0.09061,984,4.36
41075,0,0.01787,-4.47337,-1.0743,0.3601,0.0000,0.06441,977,4.36
41085,0,0.00899,-4.47686,-0.9700,0.0764,0.0000,0.05028,984,4.36
41095,0,0.00297,-4.48558,-0.7178,-0.3032,0.0000,0.06053,961,4.36
41105,0,-0.00146,-4.49431,-0.5688,-0.5310,0.0000,0.06169,961,4.36
41126,0,-0.00348,-4.50653,-0.1404,-0.8073,0.0000,-0.03452,1057,4.36
41136,0,-0.00313,-4.50915,0.0501,-0.5891,0.0000,-0.01032,981,4.36
41146,0,-0.00094,-4.51089,0.1650,-0.4233,0.0000,0.02609,962,4.36
41156,0,0.00179,-4.51264,0.2374,-0.3238,0.0000,0.01937,962,4.36
41166,0,0.00606,-4.51700,0.3651,-0.3687,0.0000,0.03708,962,4.36
41176,0,0.01136,-4.52224,0.3518,-0.4308,0.0000,0.10064,962,4.36
41186,0,0.01507,-4.52485,0.1980,-0.3632,0.0000,0.10121,966,4.36
41196,0,0.01699,-4.52573,0.0442,-0.2528,0.0000,0.09099,979,4.36
41206,0,0.01786,-4.52485,-0.0447,-0.1168,0.0000,0.08354,980,4.36
41216,0,0.01792,-4.52311,-0.1027,-0.0003,0.0000,0.07243,983,4.36
41226,0,0.01746,-4.52224,-0.1069,0.0348,0.0000,0.04777,971,4.36
41236,0,0.01735,-4.52485,0.0336,-0.0839,0.0000,-0.00457,975,4.36
41246,0,0.01956,-4.52747,0.2517,-0.1551,0.0000,0.00407,975,4.36
41256,0,0.02398,-4.52835,0.3039,-0.1279,0.0000,0.09315,970,4.36
41266,0,0.02785,-4.52660,0.2336,-0.0069,0.0000,0.10441,975,4.36
41276,0,0.03219,-4.52136,0.2746,0.2053,0.0000,0.11189,976,4.36
41286,0,0.03389,-4.51875,0.0250,0.2279,0.0000,0.10624,962,4.36
41296,0,0.03595,-4.51962,0.0559,0.1019,0.0000,0.11100,962,4.36
