t_ms,state,th,psi,dth,dpsi,u,th_acc,exec_us
5664,0,0.05138,0.00000,-0.0025,-0.0085,0.0000,0.04645,1047
5674,2,0.05132,0.00000,-0.0009,0.0000,0.0000,0.04873,1852
5684,2,0.05019,0.00262,-0.1211,0.1050,3.8127,0.05404,1505
5694,2,0.05023,0.00525,-0.1280,0.1680,3.9120,0.11626,1514
5704,2,0.04792,0.01222,-0.2414,0.3797,2.9831,0.05304,1513
5714,2,0.04443,0.01921,-0.2387,0.5074,3.0280,-0.01057,1532
5724,2,0.04267,0.02444,-0.2047,0.5138,3.2684,0.05681,1488
5734,2,0.04086,0.02968,-0.2366,0.5176,2.7500,0.06868,1491
5744,2,0.03833,0.03580,-0.2414,0.5553,2.5612,0.03254,1488
5754,2,0.03593,0.04190,-0.2371,0.5773,2.4454,0.03449,1508
5764,2,0.03372,0.04538,-0.2089,0.4856,2.3099,0.02795,1505
5774,2,0.03211,0.04887,-0.1499,0.4311,2.6823,0.02656,1516
5784,2,0.03090,0.05150,-0.1467,0.3636,2.4243,0.04378,1526
5794,2,0.02945,0.05411,-0.1467,0.3226,2.1767,0.02992,1534
5804,2,0.02810,0.05760,-0.1275,0.3333,2.2974,0.02448,1534
5814,2,0.02717,0.05936,-0.1041,0.2702,2.3059,0.03281,1491
5824,2,0.02614,0.06197,-0.1217,0.2665,2.0013,0.03545,1487
5834,2,0.02495,0.06372,-0.1259,0.2301,1.7421,0.02819,1501
5844,2,0.02399,0.06372,-0.0865,0.1380,1.8475,0.01921,1499
5854,2,0.02348,0.06372,-0.0504,0.0828,2.0600,0.02339,1506
5864,2,0.02315,0.06372,-0.0440,0.0497,2.0109,0.02845,1489
5874,2,0.02271,0.06372,-0.0599,0.0298,1.7339,0.03072,1500
5884,2,0.02215,0.06372,-0.0605,0.0179,1.6412,0.02434,1502
5894,2,0.02157,0.06372,-0.0557,0.0107,1.6197,0.02045,1535
5904,2,0.02139,0.06284,-0.0317,-0.0290,1.7658,0.02851,1539
5914,2,0.02095,0.06284,-0.0663,-0.0174,1.3619,0.03198,1531
5924,2,0.02011,0.06284,-0.0642,-0.0104,1.3231,0.01040,1498
5934,2,0.01949,0.06197,-0.0519,-0.0410,1.3167,0.01406,1508
5944,2,0.01905,0.06197,-0.0472,-0.0246,1.3721,0.02066,1486
5954,2,0.01860,0.06110,-0.0472,-0.0496,1.2597,0.01968,1498
5964,2,0.01798,0.06110,-0.0621,-0.0297,1.0841,0.01827,1497
5974,2,0.01721,0.06110,-0.0583,-0.0178,1.0831,0.00790,1506
5984,2,0.01669,0.06110,-0.0429,-0.0107,1.2260,0.01202,1507
5994,2,0.01622,0.06110,-0.0551,-0.0064,1.0533,0.02047,1516
6004,2,0.01538,0.06110,-0.0637,-0.0039,0.8811,0.00486,1500
6014,2,0.01502,0.06110,-0.0291,-0.0023,1.2424,0.01179,1533
6024,2,0.01474,0.06110,-0.0328,-0.0014,1.1756,0.01727,1513
6034,2,0.01403,0.06110,-0.0509,-0.0008,0.9028,0.00396,1497
6044,2,0.01385,0.06110,-0.0088,-0.0005,1.3617,0.00892,1488
6054,2,0.01372,0.06110,-0.0482,-0.0003,0.9035,0.03132,1510
6064,2,0.01313,0.06110,-0.0275,-0.0002,1.0811,-0.00271,1507
6074,2,0.01293,0.06110,-0.0009,-0.0001,1.3639,0.00373,1513
6084,2,0.01314,0.06110,0.0076,-0.0001,1.4811,0.01992,1504
6094,2,0.01304,0.06110,-0.0104,-0.0000,1.2663,0.01314,1491
6104,2,0.01280,0.06110,-0.0046,-0.0000,1.3088,0.00291,1485
6114,2,0.01292,0.06110,0.0172,-0.0000,1.5679,0.01042,1491
6124,2,0.01329,0.06197,0.0130,0.0348,1.6503,0.02508,1488
6134,2,0.01338,0.06284,-0.0083,0.0557,1.4763,0.02243,1498
6144,2,0.01315,0.06284,-0.0120,0.0334,1.3516,0.00749,1498
6154,2,0.01315,0.06284,0.0039,0.0200,1.4967,0.01123,1514
6164,2,0.01334,0.06284,-0.0019,0.0120,1.4275,0.02382,1510
6174,2,0.01354,0.06284,0.0029,0.0072,1.4880,0.02195,1491
6184,2,0.01361,0.06284,-0.0003,0.0043,1.4514,0.01749,1484
6194,2,0.01355,0.06284,-0.0104,0.0026,1.3266,0.01590,1494
6204,2,0.01353,0.06284,0.0066,0.0016,1.5140,0.00884,1492
6214,2,0.01358,0.06284,0.0082,0.0009,1.5359,0.01235,1507
6224,2,0.01356,0.06284,0.0029,0.0006,1.4720,0.01075,1505
6234,2,0.01351,0.06284,0.0034,0.0003,1.4729,0.00950,1513
6244,2,0.01355,0.06284,0.0002,0.0002,1.4404,0.01555,1512
6254,2,0.01359,0.06284,0.0007,0.0001,1.4497,0.01498,1530
6264,2,0.01356,0.06284,-0.0046,0.0001,1.3871,0.01475,1534
6274,2,0.01373,0.06284,0.0066,0.0000,1.5300,0.01886,1512
6284,2,0.01389,0.06284,0.0018,0.0000,1.4908,0.02069,1489
6294,2,0.01392,0.06284,0.0039,0.0000,1.5178,0.01349,1504
6304,2,0.01388,0.06284,0.0039,0.0000,1.5145,0.01021,1502
6314,2,0.01400,0.06284,0.0029,0.0000,1.5138,0.01838,1542
6324,2,0.01387,0.06284,-0.0062,0.0000,1.3987,0.01052,1509
6334,2,0.01387,0.06284,0.0098,0.0000,1.5795,0.00895,1493
6344,2,0.01407,0.06284,0.0039,0.0000,1.5322,0.02186,1529
6354,2,0.01393,0.06284,-0.0184,0.0000,1.2653,0.01612,1527
6364,2,0.01376,0.06284,0.0108,0.0000,1.5809,0.00015,1532
6374,2,0.01401,0.06284,0.0103,0.0000,1.5996,0.02151,1491
6384,2,0.01389,0.06284,-0.0184,0.0000,1.2618,0.01680,1485
6394,2,0.01379,0.06284,0.0087,0.0000,1.5592,0.00432,1500
6404,2,0.01390,0.06284,0.0039,0.0000,1.5161,0.01763,1497
6414,2,0.01394,0.06284,0.0066,0.0000,1.5498,0.01247,1506
6424,2,0.01389,0.06284,-0.0073,0.0000,1.3881,0.01497,1507
6434,2,0.01386,0.06284,0.0114,0.0000,1.5968,0.00702,1514
6444,2,0.01399,0.06284,0.0018,0.0000,1.5004,0.01931,1523
6454,2,0.01401,0.06284,0.0013,0.0000,1.4966,0.01452,1534
6464,2,0.01401,0.06284,0.0061,0.0000,1.5511,0.01111,1534
6474,2,0.01418,0.06284,0.0092,0.0000,1.6032,0.01771,1491
6484,2,0.01417,0.06284,-0.0051,0.0000,1.4397,0.01635,1485
6494,2,0.01389,0.06284,-0.0083,0.0000,1.3766,0.00422,1501
6504,2,0.01389,0.06284,0.0076,0.0000,1.5572,0.00996,1496
6514,2,0.01403,0.06284,0.0007,0.0000,1.4922,0.02050,1506
6524,2,0.01388,0.06284,-0.0051,0.0000,1.4112,0.00894,1503
6534,2,0.01380,0.06284,0.0045,0.0000,1.5124,0.00781,1523
6544,2,0.01377,0.06284,-0.0062,0.0000,1.3890,0.01543,1512
6554,2,0.01385,0.06284,0.0130,0.0000,1.6133,0.01109,1533
6564,2,0.01390,0.06284,-0.0046,0.0000,1.4196,0.01890,1532
6574,2,0.01384,0.06284,0.0071,0.0000,1.5459,0.00703,1491
6584,2,0.01387,0.06284,0.0013,0.0000,1.4834,0.01520,1485
6594,2,0.01386,0.06284,-0.0003,0.0000,1.4641,0.01337,1498
6604,2,0.01384,0.06284,0.0018,0.0000,1.4859,0.01178,1493
6614,2,0.01387,0.06284,0.0045,0.0000,1.5190,0.01314,1504
6624,2,0.01399,0.06284,0.0007,0.0000,1.4888,0.01978,1506
6634,2,0.01402,0.06284,-0.0003,0.0000,1.4798,0.01576,1523
6644,2,0.01400,0.06284,0.0050,0.0000,1.5383,0.01063,1510
6654,2,0.01409,0.06284,0.0018,0.0000,1.5106,0.01751,1534
6664,2,0.01422,0.06284,0.0034,0.0000,1.5413,0.01899,1523
6674,2,0.01422,0.06284,0.0045,0.0000,1.5529,0.01177,1534
6684,2,0.01413,0.06284,0.0023,0.0000,1.5205,0.00872,1510
6694,2,0.01404,0.06284,-0.0014,0.0000,1.4690,0.00996,1496
6704,2,0.01407,0.06284,0.0045,0.0000,1.5390,0.01372,1489
6714,2,0.01424,0.06284,0.0013,0.0000,1.5193,0.02207,1503
6724,2,0.01411,0.06284,-0.0078,0.0000,1.4038,0.01133,1508
6734,2,0.01404,0.06284,0.0034,0.0000,1.5237,0.00890,1523
6744,2,0.01414,0.06284,0.0007,0.0000,1.5032,0.01876,1523
6754,2,0.01409,0.06284,-0.0152,0.0000,1.3171,0.01900,1536
6764,2,0.01391,0.06284,-0.0014,0.0000,1.4569,0.00592,1534
6774,2,0.01398,0.06284,0.0098,0.0000,1.5905,0.01269,1514
6784,2,0.01407,0.06284,-0.0025,0.0000,1.4600,0.01948,1513
6794,2,0.01397,0.06284,-0.0046,0.0000,1.4265,0.01145,1523
6804,2,0.01412,0.06284,0.0263,0.0000,1.7910,0.00862,1500
6814,2,0.01434,0.06284,0.0013,0.0000,1.5290,0.02461,1510
6824,2,0.01405,0.06284,-0.0131,0.0000,1.3381,0.00621,1484
6834,2,0.01395,0.06284,0.0034,0.0000,1.5153,0.00729,1491
6844,2,0.01427,0.06284,0.0114,0.0000,1.6369,0.02456,1487
6854,2,0.01442,0.06284,-0.0035,0.0000,1.4825,0.02354,1501
6864,2,0.01433,0.06372,0.0071,0.0354,1.6907,0.00624,1500
6874,2,0.01432,0.06372,-0.0003,0.0212,1.5673,0.01394,1514
6884,2,0.01426,0.06372,-0.0009,0.0127,1.5324,0.01157,1510
6894,2,0.01424,0.06372,-0.0003,0.0076,1.5228,0.01338,1491
6904,2,0.01422,0.06284,-0.0099,-0.0308,1.3077,0.01826,1485
6914,2,0.01411,0.06372,0.0103,0.0169,1.6561,0.00367,1491
6924,2,0.01417,0.06284,-0.0041,-0.0253,1.3845,0.01924,1487
6934,2,0.01414,0.06372,0.0055,0.0202,1.6137,0.00988,1497
6944,2,0.01416,0.06284,-0.0019,-0.0233,1.4131,0.01614,1501
6954,2,0.01401,0.06284,0.0007,-0.0140,1.4529,0.00583,1516
6964,2,0.01417,0.06284,0.0151,-0.0084,1.6467,0.01486,1512
6974,2,0.01416,0.06284,-0.0014,-0.0050,1.4675,0.01418,1532
6984,2,0.01399,0.06284,-0.0009,-0.0030,1.4625,0.00603,1485
6994,2,0.01399,0.06284,0.0098,-0.0018,1.5859,0.00892,1491
7004,2,0.01418,0.06372,0.0018,0.0343,1.6131,0.02306,1485
7014,2,0.01414,0.06284,-0.0014,-0.0148,1.4396,0.01280,1499
7024,2,0.01407,0.06372,0.0002,0.0265,1.5627,0.01019,1495
7034,2,0.01398,0.06284,-0.0083,-0.0195,1.3331,0.01394,1508
7044,2,0.01397,0.06284,0.0098,-0.0117,1.5582,0.00870,1512
7054,2,0.01422,0.06284,0.0098,-0.0070,1.5949,0.02174,1529
7064,2,0.01430,0.06284,0.0007,-0.0042,1.5080,0.01804,1484
7074,2,0.01398,0.06284,-0.0200,-0.0025,1.2454,0.00758,1492
7084,2,0.01389,0.06284,0.0087,-0.0015,1.5657,0.00546,1485
7094,2,0.01415,0.06284,0.0082,-0.0009,1.5866,0.02307,1500
7104,2,0.01403,0.06284,-0.0264,-0.0005,1.1835,0.02089,1503
7114,2,0.01362,0.06284,-0.0120,-0.0003,1.3067,-0.00089,1523
7124,2,0.01391,0.06284,0.0268,-0.0002,1.7760,0.01533,1523
7134,2,0.01408,0.06284,-0.0104,-0.0001,1.3707,0.02769,1536
7144,2,0.01383,0.06284,-0.0057,-0.0001,1.4001,0.00387,1534
7154,2,0.01365,0.06284,-0.0003,-0.0000,1.4429,0.00481,1498
7164,2,0.01372,0.06284,0.0103,-0.0000,1.5704,0.01212,1524
7174,2,0.01391,0.06284,0.0082,-0.0000,1.5654,0.01958,1509
7184,2,0.01393,0.06284,-0.0003,-0.0000,1.4704,0.01485,1504
7194,2,0.01376,0.06372,0.0023,0.0354,1.5808,0.00423,1494
7204,2,0.01371,0.06372,-0.0041,0.0212,1.4661,0.01349,1491
7214,2,0.01355,0.06284,-0.0073,-0.0227,1.2943,0.00882,1510
7224,2,0.01350,0.06284,-0.0051,-0.0136,1.3386,0.01394,1509
7234,2,0.01366,0.06284,-0.0035,-0.0082,1.3860,0.02300,1514
7244,2,0.01361,0.06284,-0.0025,-0.0049,1.4026,0.01268,1502
7254,2,0.01361,0.06284,-0.0051,-0.0029,1.3774,0.01600,1533
7264,2,0.01339,0.06284,-0.0174,-0.0018,1.2207,0.01121,1506
7274,2,0.01349,0.06284,0.0162,-0.0011,1.6116,0.01016,1491
7284,2,0.01365,0.06284,0.0087,-0.0006,1.5437,0.01717,1489
7294,2,0.01345,0.06284,-0.0115,-0.0004,1.2960,0.00930,1500
7304,2,0.01331,0.06284,0.0061,-0.0002,1.4816,0.00322,1501
7314,2,0.01332,0.06284,-0.0067,-0.0001,1.3383,0.01727,1514
7324,2,0.01327,0.06284,-0.0003,-0.0001,1.4064,0.01122,1514
7334,2,0.01349,0.06284,0.0130,-0.0000,1.5780,0.01762,1527
7344,2,0.01351,0.06284,-0.0035,-0.0000,1.3933,0.01635,1502
7354,2,0.01334,0.06284,0.0018,-0.0000,1.4373,0.00409,1491
7364,2,0.01342,0.06284,-0.0041,-0.0000,1.3789,0.01954,1484
7374,2,0.01340,0.06284,-0.0067,-0.0000,1.3462,0.01542,1498
7384,2,0.01343,0.06284,0.0007,-0.0000,1.4343,0.01497,1497
7394,2,0.01343,0.06284,-0.0051,-0.0000,1.3680,0.01600,1504
7404,2,0.01350,0.06284,0.0045,-0.0000,1.4835,0.01486,1504
7414,2,0.01344,0.06284,-0.0041,-0.0000,1.3803,0.01199,1513
7424,2,0.01347,0.06284,0.0114,-0.0000,1.5589,0.00973,1525
7434,2,0.01352,0.06284,-0.0009,-0.0000,1.4251,0.01646,1494
7444,2,0.01342,0.06284,0.0034,-0.0000,1.4632,0.00653,1488
7454,2,0.01341,0.06284,-0.0078,-0.0000,1.3361,0.01703,1491
7464,2,0.01344,0.06284,0.0050,-0.0000,1.4835,0.01235,1493
7474,2,0.01352,0.06284,0.0039,-0.0000,1.4788,0.01532,1510
7484,2,0.01353,0.06284,0.0076,-0.0000,1.5224,0.01041,1507
7494,2,0.01357,0.06284,0.0007,-0.0000,1.4481,0.01532,1515
7504,2,0.01358,0.06372,0.0023,0.0354,1.5637,0.01292,1528
7514,2,0.01377,0.06284,0.0082,-0.0142,1.5137,0.01900,1493
7524,2,0.01371,0.06284,-0.0041,-0.0085,1.3843,0.01269,1488
7534,2,0.01366,0.06284,0.0013,-0.0051,1.4488,0.01054,1491
7544,2,0.01369,0.06284,-0.0067,-0.0031,1.3670,0.01866,1489
7554,2,0.01347,0.06284,-0.0104,-0.0018,1.3064,0.00756,1499
7564,2,0.01343,0.06284,-0.0025,-0.0011,1.3949,0.01268,1497
7574,2,0.01336,0.06284,-0.0025,-0.0007,1.3889,0.01088,1512
7584,2,0.01343,0.06284,0.0007,-0.0004,1.4330,0.01678,1513
7594,2,0.01325,0.06284,-0.0057,-0.0002,1.3437,0.00719,1533
7604,2,0.01314,0.06284,-0.0019,-0.0001,1.3748,0.00825,1532
7614,2,0.01319,0.06284,-0.0003,-0.0001,1.3982,0.01600,1538
7624,2,0.01308,0.06284,-0.0046,-0.0001,1.3394,0.00994,1489
7634,2,0.01311,0.06284,-0.0030,-0.0000,1.3603,0.01601,1502
7644,2,0.01305,0.06284,-0.0030,-0.0000,1.3551,0.01189,1500
7654,2,0.01318,0.06284,-0.0030,-0.0000,1.3672,0.02084,1491
7664,2,0.01324,0.06284,0.0055,-0.0000,1.4697,0.01360,1485
7674,2,0.01318,0.06284,0.0007,-0.0000,1.4098,0.00991,1496
7684,2,0.01309,0.06284,-0.0057,-0.0000,1.3283,0.01121,1493
7694,2,0.01312,0.06284,0.0146,-0.0000,1.5606,0.00749,1507
7704,2,0.01334,0.06284,0.0130,-0.0000,1.5640,0.01785,1505
7714,2,0.01337,0.06284,-0.0019,-0.0000,1.3982,0.01588,1528
7724,2,0.01306,0.06284,-0.0110,-0.0000,1.2656,0.00313,1521
7734,2,0.01302,0.06284,0.0029,-0.0000,1.4176,0.00917,1536
7744,2,0.01326,0.06284,0.0034,-0.0000,1.4476,0.02384,1484
7754,2,0.01324,0.06284,-0.0041,-0.0000,1.3611,0.01418,1500
7764,2,0.01299,0.06284,-0.0158,-0.0000,1.2046,0.00863,1499
7774,2,0.01308,0.06284,0.0146,-0.0000,1.5563,0.00997,1540
7784,2,0.01335,0.06284,0.0023,-0.0000,1.4441,0.02571,1513
7794,2,0.01326,0.06284,-0.0163,-0.0000,1.2245,0.01702,1498
7804,2,0.01300,0.06284,-0.0014,-0.0000,1.3684,0.00094,1496
7814,2,0.01307,0.06284,-0.0014,-0.0000,1.3743,0.01681,1507
7824,2,0.01305,0.06284,0.0029,-0.0000,1.4213,0.01097,1506
7834,2,0.01316,0.06284,0.0023,-0.0000,1.4255,0.01726,1514
7844,2,0.01319,0.06284,0.0034,-0.0000,1.4406,0.01303,1512
7854,2,0.01321,0.06284,0.0039,-0.0000,1.4483,0.01211,1491
7864,2,0.01336,0.06284,0.0055,-0.0000,1.4812,0.01817,1485
7874,2,0.01330,0.06284,-0.0019,-0.0000,1.3911,0.01133,1494
7884,2,0.01340,0.06284,0.0034,-0.0000,1.4611,0.01669,1490
7894,2,0.01349,0.06284,0.0007,-0.0000,1.4399,0.01771,1504
7904,2,0.01354,0.06284,0.0045,-0.0000,1.4865,0.01360,1502
7914,2,0.01368,0.06284,0.0050,-0.0000,1.5062,0.01816,1523
7924,2,0.01367,0.06284,0.0007,-0.0000,1.4570,0.01280,1513
7934,2,0.01369,0.06284,-0.0003,-0.0000,1.4478,0.01532,1536
7944,2,0.01368,0.06284,0.0071,-0.0000,1.5307,0.00938,1531
7954,2,0.01377,0.06284,-0.0051,-0.0000,1.4009,0.02083,1511
7964,2,0.01382,0.06284,0.0188,-0.0000,1.6767,0.00678,1491
7974,2,0.01395,0.06284,0.0018,-0.0000,1.4965,0.01955,1523
7984,2,0.01383,0.06284,-0.0041,-0.0000,1.4183,0.00975,1502
7994,2,0.01400,0.06372,0.0199,0.0354,1.8032,0.01280,1491
8004,2,0.01418,0.06372,0.0018,0.0212,1.5780,0.02235,1485
8014,2,0.01400,0.06372,-0.0126,0.0127,1.3752,0.01144,1491
8024,2,0.01373,0.06372,-0.0030,0.0076,1.4432,0.00152,1491
8034,2,0.01388,0.06284,0.0130,-0.0308,1.5343,0.01509,1507
8044,2,0.01411,0.06372,0.0039,0.0169,1.5836,0.02348,1507
8054,2,0.01413,0.06372,0.0045,0.0101,1.5738,0.01314,1531
8064,2,0.01395,0.06372,-0.0003,0.0061,1.4903,0.00468,1530
8074,2,0.01384,0.06372,0.0007,0.0037,1.4854,0.00813,1509
8084,2,0.01544,0.06372,-0.0222,0.0022,1.3783,0.10642,1510
8094,2,0.01563,0.06459,-0.2435,0.0361,-1.0181,0.14689,1525
8104,2,0.01389,0.06633,-0.3664,0.0912,-2.4290,0.11026,1499
8114,2,0.01185,0.06546,-0.4133,0.0200,-3.3514,0.11640,1505
8124,2,0.00971,0.06197,-0.4159,-0.1278,-3.9933,0.11054,1485
8134,2,0.00670,0.05586,-0.4058,-0.3208,-4.7014,0.05906,1491
8144,2,0.00407,0.04453,-0.2903,-0.6460,-4.5424,0.01796,1492
8154,2,0.00162,0.02881,-0.2270,-1.0163,-5.0856,-0.00717,1503
8164,2,0.00067,0.00699,-0.0237,-1.4826,-4.1671,-0.03540,1500
8174,2,0.00168,-0.01831,0.0630,-1.9015,-4.2557,0.02074,1508
8184,2,0.00219,-0.04276,0.0018,-2.1187,-5.5256,0.02711,1513
8194,2,0.00078,-0.06544,-0.0509,-2.1788,-6.4629,-0.04437,1528
8204,2,0.00140,-0.08813,0.1018,-2.2149,-4.8111,-0.01873,1485
8214,2,0.00227,-0.10907,0.0497,-2.1663,-5.2251,0.02088,1491
8224,2,0.00054,-0.12827,-0.0653,-2.0676,-6.4662,-0.05326,1487
8234,2,-0.00100,-0.14922,0.0571,-2.0786,-5.2977,-0.10649,1499
8244,2,0.00028,-0.17278,0.2593,-2.1895,-3.2230,-0.06542,1498
8254,2,0.00216,-0.19199,0.2386,-2.0822,-3.0218,-0.02311,1508
8264,2,0.00243,-0.20943,0.1481,-1.9469,-3.6891,-0.05800,1485
8274,2,0.00260,-0.22514,0.2173,-1.7968,-2.5153,-0.09762,1498
8284,2,0.00440,-0.24260,0.3136,-1.7763,-1.2257,-0.06242,1502
8294,2,0.00722,-0.25830,0.3322,-1.6939,-0.5472,-0.01796,1515
8304,2,0.00948,-0.27052,0.2402,-1.5052,-0.8858,0.00239,1521
8314,2,0.01024,-0.28099,0.1146,-1.3218,-1.7614,-0.00901,1523
8324,2,0.00986,-0.28798,0.0641,-1.0726,-1.7158,-0.04123,1529
8334,2,0.01002,-0.29407,0.0853,-0.8871,-0.9728,-0.02472,1512
8344,2,0.00998,-0.29843,0.0279,-0.7068,-1.1523,-0.00598,1477
8354,2,0.00880,-0.29843,-0.0466,-0.4241,-1.3523,-0.02648,1491
8364,2,0.00748,-0.29756,-0.0397,-0.2197,-0.8538,-0.03907,1485
8374,2,0.00681,-0.29669,-0.0025,-0.0970,-0.1667,-0.02548,1488
8384,2,0.00601,-0.29407,-0.0280,0.0468,-0.1438,-0.02001,1492
8394,2,0.00504,-0.28885,-0.0402,0.2368,0.1429,-0.02293,1499
8404,2,0.00444,-0.28535,-0.0291,0.2819,0.3373,-0.01142,1504
8414,2,0.00396,-0.27925,-0.0237,0.4133,0.7149,-0.00786,1514
8424,2,0.00387,-0.27400,-0.0179,0.4579,0.9011,0.00797,1477
8434,2,0.00382,-0.26790,-0.0115,0.5189,1.1437,0.00729,1487
8444,2,0.00387,-0.26091,-0.0392,0.5909,1.0406,0.02576,1484
8454,2,0.00353,-0.25481,-0.0770,0.5987,0.6119,0.02521,1494
8464,2,0.00300,-0.24782,-0.0876,0.6387,0.5604,0.02056,1488
8474,2,0.00251,-0.24084,-0.0903,0.6622,0.5575,0.02290,1502
8484,2,0.00172,-0.23474,-0.1344,0.6414,-0.0648,0.02919,1505
8494,2,0.00012,-0.22951,-0.1844,0.5942,-0.9041,0.01257,1523
8504,2,-0.00136,-0.22252,-0.1179,0.6361,-0.1702,-0.01643,1477
8514,2,-0.00201,-0.21815,-0.1227,0.5562,-0.4936,0.02710,1483
8524,2,-0.00354,-0.21205,-0.1876,0.5779,-1.3091,0.01372,1474
8534,2,-0.00547,-0.20680,-0.1711,0.5567,-1.3580,-0.01645,1500
8544,2,-0.00658,-0.20332,-0.1052,0.4732,-0.9364,-0.00946,1499
8554,2,-0.00717,-0.19896,-0.1020,0.4585,-0.9900,0.01395,1505
8564,2,-0.00793,-0.19547,-0.1094,0.4148,-1.2586,0.00903,1506
8574,2,-0.00911,-0.19110,-0.1137,0.4235,-1.3909,-0.01128,1532
8584,2,-0.00979,-0.18849,-0.0482,0.3585,-0.8857,-0.01982,1532
8594,2,-0.00980,-0.18674,-0.0355,0.2853,-0.9345,0.00774,1529
8604,2,-0.01003,-0.18500,-0.0482,0.2407,-1.2181,0.00246,1531
8614,2,-0.01072,-0.18237,-0.0621,0.2494,-1.4146,-0.01446,1493
8624,2,-0.01078,-0.18063,-0.0025,0.2192,-0.8226,-0.01227,1493
8634,2,-0.01052,-0.18063,-0.0323,0.1315,-1.3699,0.01860,1501
8644,2,-0.01110,-0.17889,-0.0535,0.1485,-1.6190,-0.01333,1507
8654,2,-0.01136,-0.17714,-0.0104,0.1593,-1.1237,-0.01898,1514
8664,2,-0.01106,-0.17714,-0.0062,0.0956,-1.2174,0.00687,1493
8674,2,-0.01120,-0.17627,-0.0269,0.0921,-1.4733,-0.00452,1507
8684,2,-0.01140,-0.17540,-0.0131,0.0901,-1.3402,-0.01490,1509
8694,2,-0.01143,-0.17540,-0.0088,0.0540,-1.3917,-0.00857,1499
8704,2,-0.01148,-0.17540,-0.0046,0.0324,-1.4060,-0.01155,1496
8714,2,-0.01157,-0.17453,-0.0030,0.0542,-1.3368,-0.01465,1504
8724,2,-0.01145,-0.17453,0.0039,0.0325,-1.3055,-0.00769,1504
8734,2,-0.01148,-0.17365,-0.0014,0.0549,-1.3063,-0.01191,1523
8744,2,-0.01180,-0.17365,-0.0307,0.0330,-1.7287,-0.01281,1521
8754,2,-0.01207,-0.17365,-0.0035,0.0198,-1.4825,-0.02358,1532
8764,2,-0.01208,-0.17365,-0.0120,0.0119,-1.6009,-0.00643,1533
8774,2,-0.01197,-0.17278,-0.0014,0.0419,-1.3883,-0.00618,1492
8784,2,-0.01184,-0.17278,-0.0019,0.0251,-1.4265,-0.00433,1491
8794,2,-0.01200,-0.17278,-0.0285,0.0151,-1.7706,-0.00584,1506
8804,2,-0.01227,-0.17278,-0.0003,0.0091,-1.4932,-0.02537,1505
8814,2,-0.01232,-0.17278,-0.0104,0.0054,-1.6227,-0.00980,1525
8824,2,-0.01224,-0.17278,0.0045,0.0033,-1.4515,-0.01022,1511
8834,2,-0.01212,-0.17191,-0.0025,0.0367,-1.4267,-0.00485,1534
8844,2,-0.01218,-0.17191,-0.0051,0.0220,-1.5021,-0.01261,1529
8854,2,-0.01217,-0.17191,0.0130,0.0132,-1.3198,-0.01812,1494
8864,2,-0.01207,-0.17104,0.0007,0.0427,-1.3679,-0.00740,1492
8874,2,-0.01212,-0.17104,-0.0110,0.0256,-1.5511,-0.00906,1504
8884,2,-0.01222,-0.17017,0.0045,0.0502,-1.3189,-0.01958,1504
8894,2,-0.01221,-0.17017,-0.0083,0.0301,-1.5163,-0.00752,1525
8904,2,-0.01239,-0.16928,-0.0227,0.0535,-1.6322,-0.00995,1525
8914,2,-0.01233,-0.16928,0.0034,0.0321,-1.3883,-0.01099,1536
8924,2,-0.01216,-0.16841,-0.0030,0.0540,-1.3844,-0.00260,1539
8934,2,-0.01228,-0.16841,-0.0206,0.0324,-1.6526,-0.00779,1496
8944,2,-0.01247,-0.16754,-0.0009,0.0542,-1.3880,-0.02153,1486
8954,2,-0.01269,-0.16667,-0.0253,0.0673,-1.6504,-0.01122,1500
8964,2,-0.01286,-0.16667,-0.0136,0.0404,-1.6061,-0.01426,1497
8974,2,-0.01291,-0.16667,-0.0019,0.0242,-1.5216,-0.01441,1507
8984,2,-0.01294,-0.16492,-0.0041,0.0847,-1.3835,-0.01256,1501
8994,2,-0.01317,-0.16492,-0.0328,0.0508,-1.8219,-0.00806,1514
9004,2,-0.01344,-0.16318,-0.0104,0.1001,-1.4605,-0.02205,1513
9014,2,-0.01349,-0.16318,-0.0174,0.0601,-1.6513,-0.00738,1506
9024,2,-0.01363,-0.16144,-0.0248,0.1056,-1.6239,-0.00819,1537
9034,2,-0.01414,-0.15968,-0.0519,0.1336,-1.9030,-0.01373,1495
9044,2,-0.01468,-0.15794,-0.0514,0.1497,-1.9026,-0.01569,1493
9054,2,-0.01537,-0.15619,-0.0610,0.1600,-2.0474,-0.01928,1506
9064,2,-0.01587,-0.15358,-0.0472,0.2004,-1.8272,-0.01764,1503
9074,2,-0.01633,-0.15096,-0.0615,0.2252,-1.9632,-0.00847,1493
9084,2,-0.01717,-0.14835,-0.0727,0.2395,-2.1284,-0.02265,1528
9094,2,-0.01785,-0.14572,-0.0578,0.2487,-1.9969,-0.02312,1532
9104,2,-0.01827,-0.14311,-0.0445,0.2536,-1.8693,-0.01702,1511
9114,2,-0.01867,-0.14049,-0.0434,0.2571,-1.8821,-0.01703,1523
9124,2,-0.01939,-0.13788,-0.0573,0.2586,-2.0999,-0.02660,1497
9134,2,-0.01983,-0.13525,-0.0440,0.2602,-1.9834,-0.01992,1507
9144,2,-0.01970,-0.13351,-0.0046,0.2257,-1.6140,-0.01093,1502
9154,2,-0.01942,-0.13263,-0.0152,0.1708,-1.8522,0.00252,1491
9164,2,-0.01972,-0.13089,-0.0285,0.1721,-2.0262,-0.02076,1489
9174,2,-0.01987,-0.12915,-0.0126,0.1728,-1.8544,-0.02089,1502
9184,2,-0.01960,-0.12915,0.0039,0.1037,-1.8270,-0.00827,1505
9194,2,-0.01936,-0.12915,0.0002,0.0622,-1.9572,-0.00754,1493
9204,2,-0.01934,-0.12915,-0.0041,0.0373,-2.0695,-0.01595,1495
9214,2,-0.01923,-0.12915,0.0071,0.0224,-1.9728,-0.01759,1505
9224,2,-0.01906,-0.13002,0.0029,-0.0214,-2.1232,-0.01192,1503
9234,2,-0.01919,-0.13089,0.0018,-0.0476,-2.2198,-0.02654,1523
9244,2,-0.01914,-0.13089,0.0103,-0.0286,-2.0673,-0.02171,1525
9254,2,-0.01914,-0.13176,-0.0003,-0.0519,-2.2518,-0.01881,1536
9264,2,-0.01934,-0.13176,-0.0035,-0.0312,-2.2526,-0.02799,1488
9274,2,-0.01952,-0.13176,-0.0003,-0.0187,-2.1997,-0.02793,1491
9284,2,-0.01967,-0.13263,-0.0073,-0.0460,-2.3679,-0.02370,1486
9294,2,-0.01971,-0.13263,0.0029,-0.0276,-2.2078,-0.02306,1496
9304,2,-0.01963,-0.13263,-0.0019,-0.0166,-2.2246,-0.01467,1500
9314,2,-0.01965,-0.13176,-0.0035,0.0249,-2.1327,-0.01927,1514
9324,2,-0.01960,-0.13176,-0.0003,0.0149,-2.1183,-0.01693,1508
9334,2,-0.01965,-0.13089,-0.0014,0.0437,-2.0557,-0.02113,1528
9344,2,-0.01962,-0.13089,-0.0009,0.0262,-2.0939,-0.01780,1484
9354,2,-0.01964,-0.13089,0.0023,0.0157,-2.0878,-0.02175,1492
9364,2,-0.01964,-0.13089,0.0018,0.0094,-2.1105,-0.02046,1488
9374,2,-0.01953,-0.13089,0.0002,0.0057,-2.1279,-0.01406,1501
9384,2,-0.01956,-0.13089,0.0018,0.0034,-2.1190,-0.02203,1499
9394,2,-0.01954,-0.13089,-0.0046,0.0020,-2.1935,-0.01652,1507
9404,2,-0.01959,-0.13089,0.0045,0.0012,-2.0974,-0.02397,1512
9414,2,-0.01956,-0.13089,0.0082,0.0007,-2.0540,-0.02233,1532
9424,2,-0.01962,-0.13089,-0.0025,0.0004,-2.1808,-0.02119,1527
9434,2,-0.01968,-0.13089,0.0002,0.0003,-2.1571,-0.02282,1491
9444,2,-0.01958,-0.13089,0.0055,0.0002,-2.0873,-0.01730,1487
9454,2,-0.01951,-0.13089,-0.0019,0.0001,-2.1650,-0.01506,1499
9464,2,-0.01967,-0.13089,-0.0094,0.0001,-2.2654,-0.02312,1498
9474,2,-0.01965,-0.13089,0.0023,0.0000,-2.1306,-0.01964,1512
9484,2,-0.01953,-0.13089,-0.0019,0.0000,-2.1677,-0.01288,1509
9494,2,-0.01956,-0.13089,0.0034,0.0000,-2.1105,-0.02283,1531
9504,2,-0.01963,-0.13089,-0.0046,0.0000,-2.2075,-0.02071,1484
9514,2,-0.01973,-0.13089,-0.0025,0.0000,-2.1931,-0.02346,1494
9524,2,-0.01984,-0.13176,-0.0035,-0.0348,-2.3106,-0.02348,1493
9534,2,-0.01985,-0.13176,0.0007,-0.0209,-2.2258,-0.02059,1497
9544,2,-0.01980,-0.13089,-0.0030,0.0223,-2.1460,-0.01589,1495
9554,2,-0.01982,-0.13176,0.0023,-0.0214,-2.2064,-0.02192,1509
9564,2,-0.01987,-0.13089,-0.0019,0.0219,-2.1421,-0.02168,1509
9574,2,-0.01975,-0.13089,0.0172,0.0132,-1.9366,-0.02221,1530
9584,2,-0.01968,-0.13089,-0.0014,0.0079,-2.1553,-0.01569,1526
9594,2,-0.01986,-0.13089,-0.0019,0.0047,-2.1866,-0.02751,1491
9604,2,-0.01979,-0.13089,0.0034,0.0028,-2.1254,-0.01843,1485
9614,2,-0.01975,-0.13089,0.0029,0.0017,-2.1302,-0.01898,1491
9624,2,-0.01969,-0.13089,-0.0041,0.0010,-2.2048,-0.01478,1495
9634,2,-0.01976,-0.13089,-0.0019,0.0006,-2.1882,-0.02206,1508
9644,2,-0.01974,-0.13176,-0.0051,-0.0344,-2.3180,-0.01621,1503
9654,2,-0.01973,-0.13089,-0.0041,0.0141,-2.1737,-0.01747,1515
9664,2,-0.01963,-0.13176,-0.0030,-0.0263,-2.2616,-0.01297,1485
9674,2,-0.01964,-0.13176,0.0108,-0.0158,-2.0779,-0.02569,1491
9684,2,-0.01981,-0.13176,-0.0088,-0.0095,-2.3004,-0.02380,1485
9694,2,-0.01993,-0.13176,0.0023,-0.0057,-2.1747,-0.02677,1500
9704,2,-0.01963,-0.13176,0.0183,-0.0034,-1.9590,-0.01400,1502
9714,2,-0.01951,-0.13089,-0.0009,0.0327,-2.0660,-0.01322,1509
9724,2,-0.01967,-0.13089,0.0071,0.0196,-2.0257,-0.03092,1524
9734,2,-0.01961,-0.13089,0.0135,0.0118,-1.9690,-0.02356,1534
9744,2,-0.01943,-0.13089,0.0018,0.0071,-2.0967,-0.01134,1485
9754,2,-0.01941,-0.13089,0.0039,0.0042,-2.0782,-0.02034,1491
9764,2,-0.01936,-0.13089,-0.0009,0.0025,-2.1319,-0.01634,1495
9774,2,-0.01942,-0.13089,-0.0035,0.0015,-2.1706,-0.02065,1509
9784,2,-0.01942,-0.13089,-0.0003,0.0009,-2.1365,-0.01944,1508
9794,2,-0.01949,-0.13089,-0.0009,0.0005,-2.1499,-0.02234,1515
9804,2,-0.01940,-0.13089,0.0055,0.0003,-2.0698,-0.01789,1526
9814,2,-0.01955,-0.13089,-0.0067,0.0002,-2.2231,-0.02349,1491
9824,2,-0.01962,-0.13089,0.0066,0.0001,-2.0798,-0.02660,1489
9834,2,-0.01950,-0.13089,0.0029,0.0001,-2.1098,-0.01462,1497
9844,2,-0.01943,-0.13089,0.0029,0.0000,-2.1031,-0.01741,1498
9854,2,-0.01969,-0.13089,-0.0094,0.0000,-2.2678,-0.02830,1513
9864,2,-0.01981,-0.13089,0.0029,0.0000,-2.1401,-0.02684,1495
9874,2,-0.01966,-0.13089,-0.0019,0.0000,-2.1804,-0.01156,1529
9884,2,-0.01969,-0.13089,0.0029,0.0000,-2.1292,-0.02267,1509
9894,2,-0.01978,-0.13089,-0.0025,0.0000,-2.1981,-0.02294,1491
9904,2,-0.01958,-0.13089,0.0146,0.0000,-1.9856,-0.01685,1489
9914,2,-0.01947,-0.13089,-0.0083,0.0000,-2.2344,-0.00999,1508
9924,2,-0.01972,-0.13089,-0.0025,0.0000,-2.1918,-0.03059,1511
9934,2,-0.01973,-0.13089,0.0002,0.0000,-2.1629,-0.02047,1510
9944,2,-0.01953,-0.13089,0.0029,0.0000,-2.1128,-0.01074,1497
9954,2,-0.01960,-0.13089,-0.0014,0.0000,-2.1686,-0.02276,1527
9964,2,-0.01988,-0.13089,0.0061,0.0000,-2.1108,-0.03654,1501
9974,2,-0.01971,-0.13089,0.0428,0.0000,-1.6791,-0.03300,1491
9984,2,-0.01943,-0.13089,0.0476,0.0000,-1.5973,-0.02910,1485
9994,2,-0.01949,-0.12915,0.0364,0.0696,-1.5402,-0.04081,1491
10004,2,-0.01929,-0.12827,0.0523,0.0771,-1.3179,-0.03545,1486
10014,2,-0.01902,-0.12740,0.0678,0.0811,-1.1047,-0.03946,1502
10024,2,-0.01835,-0.12653,0.0827,0.0834,-0.8621,-0.02591,1498
10034,2,-0.01773,-0.12479,0.0539,0.1196,-1.0265,-0.01354,1502
10044,2,-0.01730,-0.12303,0.0507,0.1420,-0.9577,-0.02120,1511
10054,2,-0.01703,-0.12042,0.0119,0.1896,-1.2394,-0.00968,1515
10064,2,-0.01646,-0.11780,0.0364,0.2187,-0.8236,-0.00623,1490
10074,2,-0.01553,-0.11517,0.0295,0.2362,-0.7593,0.01635,1487
10084,2,-0.01554,-0.11343,-0.0259,0.2113,-1.4511,-0.00333,1477
10094,2,-0.01596,-0.11169,0.0140,0.1964,-1.0761,-0.04356,1491
10104,2,-0.01508,-0.11256,0.1497,0.0830,0.2409,-0.04613,1496
10114,2,-0.01312,-0.11343,0.2226,0.0150,1.0742,-0.02631,1500
10124,2,-0.01198,-0.11256,0.1854,0.0438,0.8420,-0.04786,1503
10134,2,-0.01086,-0.11081,0.2428,0.0965,1.7471,-0.07609,1513
10144,2,-0.00834,-0.10820,0.3152,0.1623,2.9934,-0.04023,1526
10154,2,-0.00549,-0.10297,0.2647,0.3067,3.0963,0.00488,1491
10164,2,-0.00409,-0.09511,0.1279,0.4984,2.2123,0.00204,1485
10174,2,-0.00439,-0.08638,0.0135,0.6481,1.3050,-0.02602,1493
10184,2,-0.00436,-0.07854,0.0374,0.7026,1.7387,-0.02202,1491
10194,2,-0.00354,-0.07068,0.0481,0.7359,2.0431,0.01349,1504
10204,2,-0.00302,-0.06108,0.0092,0.8254,1.9121,0.01861,1508
10214,2,-0.00329,-0.05235,-0.0344,0.8444,1.4578,0.00016,1523
10224,2,-0.00346,-0.04189,-0.0206,0.9253,1.8346,-0.00145,1490
10234,2,-0.00333,-0.03227,-0.0301,0.9397,1.7942,0.01787,1502
10244,2,-0.00348,-0.02267,-0.0472,0.9477,1.6259,0.01268,1502
10254,2,-0.00401,-0.01308,-0.0456,0.9526,1.6231,-0.00757,1511
10264,2,-0.00412,-0.00522,0.0076,0.8859,2.0507,-0.01342,1510
10274,2,-0.00377,0.00262,0.0433,0.8452,2.3939,-0.00801,1523
10284,2,-0.00321,0.01135,0.0241,0.8563,2.2773,0.01279,1499
10294,2,-0.00302,0.02008,-0.0301,0.8629,1.7151,0.02177,1534
10304,2,-0.00326,0.02881,-0.0583,0.8668,1.3983,0.01360,1485
10314,2,-0.00339,0.03580,-0.0211,0.7997,1.6398,0.00047,1491
10324,2,-0.00291,0.04103,0.0571,0.6891,2.2862,-0.00731,1486
10334,2,-0.00182,0.04538,0.1029,0.5874,2.6468,0.00154,1503
10344,2,-0.00038,0.04887,0.0981,0.4922,2.4838,0.02237,1498
10354,2,0.00088,0.05237,0.0731,0.4351,2.1766,0.02729,1504
10364,2,0.00184,0.05499,0.0630,0.3660,1.9756,0.01849,1508
10374,2,0.00263,0.05760,0.0731,0.3240,2.0592,0.00553,1526
10384,2,0.00370,0.05760,0.1183,0.1944,2.3282,-0.00207,1512
10394,2,0.00486,0.05760,0.1694,0.1166,2.8112,-0.02200,1491
10404,2,0.00622,0.05760,0.2311,0.0700,3.5186,-0.04104,1485
10414,2,0.00808,0.05760,0.2987,0.0420,4.3901,-0.04856,1491
10424,2,0.01032,0.05936,0.3216,0.0954,5.0147,-0.03827,1485
10434,2,0.01247,0.06197,0.2907,0.1616,5.0571,-0.02551,1499
10444,2,0.01440,0.06720,0.2716,0.3063,5.4258,-0.02503,1494
10454,2,0.01623,0.07419,0.2157,0.4633,5.4054,-0.00014,1507
10464,2,0.01791,0.08205,0.1449,0.5923,5.1279,0.02939,1509
10474,2,0.01925,0.09163,0.0827,0.7387,4.9637,0.04499,1527
10484,2,0.02027,0.10124,0.0539,0.8277,4.9946,0.04455,1526
10494,2,0.02138,0.11171,0.0465,0.9153,5.2725,0.05356,1491
10504,2,0.02261,0.12218,-0.0009,0.9679,5.0157,0.08427,1485
10514,2,0.02303,0.13440,-0.0700,1.0696,4.5685,0.07919,1494
10524,2,0.02198,0.14487,-0.1280,1.0605,3.8035,0.03343,1494
10534,2,0.02137,0.15273,-0.0280,0.9506,4.5968,0.00482,1508
10544,2,0.02190,0.15796,0.0641,0.7797,5.2427,0.01642,1503
10554,2,0.02325,0.16232,0.1162,0.6424,5.6056,0.03302,1515
10564,2,0.02456,0.16669,0.0954,0.5600,5.2846,0.04193,1521
10574,2,0.02514,0.17192,0.0529,0.5453,4.8299,0.02802,1535
10584,2,0.02524,0.17804,0.0327,0.5720,4.6928,0.01372,1534
10594,2,0.02559,0.18327,0.0715,0.5525,5.1247,0.00747,1498
10604,2,0.02596,0.18938,0.0625,0.5757,5.1316,0.01326,1492
10614,2,0.02613,0.19635,0.0311,0.6243,4.9352,0.01880,1505
10624,2,0.02586,0.20334,0.0066,0.6541,4.7247,0.00927,1503
10634,2,0.02550,0.21120,0.0534,0.7068,5.3756,-0.01927,1509
10644,2,0.02631,0.21817,0.1518,0.7030,6.5726,-0.00896,1502
10654,2,0.02812,0.22342,0.2045,0.6318,7.1641,0.01610,1491
10664,2,0.03010,0.22952,0.2125,0.6232,7.4364,0.02310,1492
10674,2,0.03207,0.23563,0.2210,0.6181,7.7224,0.02002,1500
10684,2,0.03397,0.24261,0.1832,0.6504,7.5797,0.03753,1502
10694,2,0.03522,0.25308,0.0406,0.8089,6.5303,0.07724,1511
10704,2,0.03468,0.26530,-0.0839,0.9742,5.5329,0.04963,1511
10714,2,0.03367,0.27753,-0.1371,1.0734,5.1197,0.05160,1523
10724,2,0.03269,0.28886,-0.1211,1.0976,5.2905,0.04436,1533
10734,2,0.03224,0.30020,-0.1089,1.1120,5.4445,0.06405,1538
10744,2,0.03143,0.31155,-0.1243,1.1213,5.2364,0.05310,1485
10754,2,0.02986,0.32115,-0.1110,1.0567,5.0779,0.00676,1496
10764,2,0.02923,0.33250,-0.0041,1.0881,6.3332,-0.00014,1496
10774,2,0.02954,0.34209,-0.0051,1.0362,6.2302,0.04788,1505
10784,2,0.02908,0.35344,-0.0924,1.0758,5.3238,0.05228,1500
10794,2,0.02743,0.36653,-0.1248,1.1692,5.0693,0.00728,1513
10804,2,0.02626,0.37875,-0.0642,1.1904,5.7214,-0.00021,1508
10814,2,0.02641,0.39096,0.0055,1.2025,6.5809,0.03133,1507
10824,2,0.02649,0.40231,-0.0610,1.1756,5.7833,0.06068,1489
10834,2,0.02461,0.41452,-0.1637,1.1936,4.5072,0.01245,1496
10844,2,0.02229,0.42761,-0.1195,1.2399,4.9290,-0.03394,1484
10854,2,0.02167,0.43983,-0.0456,1.2328,5.7098,0.01349,1500
10864,2,0.02126,0.45380,-0.1190,1.2982,5.0385,0.06009,1498
10874,2,0.01965,0.47038,-0.2329,1.4423,4.0091,0.05594,1510
10884,2,0.01840,0.48958,-0.3223,1.6332,3.4215,0.11700,1511
10894,2,0.01549,0.50877,-0.5058,1.7478,1.3999,0.12275,1523
10904,2,0.01039,0.52710,-0.5340,1.7817,0.7069,0.02225,1485
10914,2,0.00684,0.54019,-0.2643,1.5927,2.9335,-0.03854,1491
10924,2,0.00615,0.54716,-0.1195,1.2345,3.5588,0.03185,1485
10934,2,0.00554,0.55328,-0.1531,0.9855,2.4624,0.05135,1491
10944,2,0.00351,0.55852,-0.1988,0.8006,1.2600,0.00156,1490
10954,2,0.00281,0.56201,-0.0296,0.6202,2.6304,-0.01765,1505
10964,2,0.00405,0.56288,0.0241,0.4069,2.7901,0.05414,1504
10974,2,0.00460,0.56375,-0.0099,0.2789,2.1168,0.03723,1528
10984,2,0.00465,0.56288,0.0486,0.1326,2.3897,-0.01764,1525
10994,2,0.00549,0.56026,0.1295,-0.0254,2.9594,-0.01726,1499
11004,2,0.00701,0.55765,0.1455,-0.1196,3.0320,0.01072,1490
11014,2,0.00787,0.55589,0.0598,-0.1420,2.0820,0.02075,1491
11024,2,0.00803,0.55589,0.0023,-0.0852,1.5987,0.01475,1487
11034,2,0.00852,0.55502,-0.0163,-0.0859,1.4320,0.04115,1507
11044,2,0.00890,0.55415,-0.0668,-0.0863,0.8942,0.06155,1504
11054,2,0.00867,0.55415,-0.1275,-0.0518,0.2771,0.06092,1508
11064,2,0.00790,0.55241,-0.1578,-0.1007,-0.2757,0.04837,1523
11074,2,0.00655,0.54979,-0.1147,-0.1654,-0.0978,-0.00368,1530
11084,2,0.00584,0.54456,-0.0583,-0.3086,0.0778,-0.00071,1530
11094,2,0.00533,0.54019,-0.0450,-0.3597,0.0340,0.00251,1483
11104,2,0.00381,0.53496,-0.0871,-0.4252,-0.7752,-0.02841,1482
11114,2,0.00258,0.53146,-0.0402,-0.3949,-0.2903,-0.03896,1490
11124,2,0.00208,0.52884,0.0018,-0.3419,0.2738,-0.02411,1490
11134,2,0.00141,0.52623,-0.0653,-0.3095,-0.4684,0.00088,1509
11144,2,0.00003,0.52536,-0.0855,-0.2205,-0.5950,-0.02623,1507
11154,2,-0.00100,0.52361,-0.0621,-0.2025,-0.3852,-0.02148,1523
11164,2,-0.00156,0.52274,-0.0413,-0.1563,-0.0823,-0.00879,1523
11174,2,-0.00229,0.52100,-0.0535,-0.1634,-0.3150,-0.01240,1533
11184,2,-0.00288,0.52100,-0.0062,-0.0980,0.3390,-0.02932,1481
11194,2,-0.00287,0.52013,-0.0003,-0.0936,0.4166,-0.00218,1501
11204,2,-0.00347,0.52100,-0.0424,-0.0214,0.0780,-0.01185,1492
11214,2,-0.00423,0.52100,-0.0333,-0.0128,0.1284,-0.02598,1500
11224,2,-0.00451,0.52013,0.0013,-0.0425,0.4119,-0.01904,1477
11234,2,-0.00431,0.52100,0.0374,0.0093,0.9817,-0.01307,1485
11244,2,-0.00417,0.52187,-0.0094,0.0404,0.5499,0.00756,1486
11254,2,-0.00483,0.52361,-0.0488,0.0938,0.1857,-0.01356,1497
11264,2,-0.00520,0.52536,-0.0003,0.1265,0.7893,-0.02336,1498
11274,2,-0.00489,0.52623,0.0119,0.1107,0.9173,0.00459,1512
11284,2,-0.00457,0.52623,-0.0035,0.0664,0.6547,0.01303,1506
11294,2,-0.00478,0.52797,-0.0264,0.1094,0.4940,-0.00186,1483
11304,2,-0.00487,0.52797,-0.0051,0.0657,0.6091,-0.00670,1477
11314,2,-0.00467,0.52797,0.0045,0.0394,0.6670,0.00327,1483
11324,2,-0.00453,0.52797,-0.0014,0.0236,0.5715,0.00288,1484
11334,2,-0.00466,0.52797,-0.0163,0.0142,0.3652,-0.00279,1498
11344,2,-0.00489,0.52797,-0.0041,0.0085,0.4657,-0.01459,1502
11354,2,-0.00465,0.52623,0.0236,-0.0645,0.6037,-0.00440,1509
11364,2,-0.00467,0.52623,-0.0030,-0.0387,0.3700,-0.00393,1524
11374,2,-0.00488,0.52623,0.0114,-0.0232,0.5531,-0.02142,1527
11384,2,-0.00519,0.52623,-0.0062,-0.0139,0.3488,-0.01763,1477
11394,2,-0.00531,0.52623,0.0241,-0.0084,0.6961,-0.02310,1493
11404,2,-0.00521,0.52623,0.0412,-0.0050,0.9079,-0.02068,1489
11414,2,-0.00536,0.52623,0.0422,-0.0030,0.9100,-0.03433,1505
11424,2,-0.00555,0.52710,0.0646,0.0330,1.2431,-0.04716,1481
11434,2,-0.00514,0.52710,0.1444,0.0198,2.1520,-0.05677,1498
11444,2,-0.00409,0.52884,0.1891,0.0815,2.9295,-0.04609,1494
11454,2,-0.00307,0.53146,0.1902,0.1539,3.2394,-0.04748,1504
11464,2,-0.00216,0.53670,0.1965,0.3017,3.8068,-0.05476,1509
11474,2,-0.00081,0.54369,0.1902,0.4605,4.3050,-0.02844,1515
11484,2,0.00030,0.55153,0.1189,0.5900,3.9669,-0.00385,1526
11494,2,0.00065,0.56288,-0.0003,0.8081,3.2571,0.01865,1534
11504,2,0.00027,0.57510,-0.0658,0.9738,2.9450,0.01406,1485
11514,2,-0.00042,0.58818,-0.1201,1.1073,2.6452,0.02525,1491
11524,2,-0.00134,0.60127,-0.1413,1.1881,2.5550,0.02343,1485
11534,2,-0.00277,0.61612,-0.1887,1.3067,2.2235,0.01964,1497
11544,2,-0.00488,0.63007,-0.2361,1.3419,1.6014,0.00786,1496
11554,2,-0.00666,0.64316,-0.1940,1.3288,1.8924,0.00121,1509
11564,2,-0.00836,0.65714,-0.1876,1.3564,1.8988,0.00072,1508
11574,2,-0.01004,0.66934,-0.1695,1.3021,1.8168,-0.00917,1511
11584,2,-0.01119,0.68068,-0.1206,1.2348,2.0989,-0.00857,1488
11594,2,-0.01180,0.69116,-0.0982,1.1602,2.1114,0.00671,1494
11604,2,-0.01266,0.70338,-0.1371,1.1850,1.6765,0.01291,1489
11614,2,-0.01359,0.71298,-0.1041,1.0949,1.7356,-0.00797,1495
11624,2,-0.01394,0.72258,-0.0466,1.0409,2.2247,-0.00826,1485
11634,2,-0.01398,0.73042,-0.0003,0.9382,2.4848,-0.01558,1504
11644,2,-0.01331,0.73828,0.0358,0.8773,2.8106,0.00205,1498
11654,2,-0.01256,0.74527,0.0114,0.8059,2.4277,0.01916,1509
11664,2,-0.01208,0.75137,0.0029,0.7277,2.1802,0.01086,1514
11674,2,-0.01203,0.75923,-0.0216,0.7509,1.9839,0.00092,1491
11684,2,-0.01195,0.76534,-0.0046,0.6947,2.0456,-0.00532,1485
11694,2,-0.01205,0.77144,-0.0003,0.6610,2.0044,-0.01704,1491
11704,2,-0.01168,0.77667,0.0529,0.6059,2.5054,-0.01959,1494
11714,2,-0.01089,0.78104,0.0582,0.5381,2.4688,-0.00054,1503
11724,2,-0.01012,0.78540,0.0476,0.4974,2.3224,0.00470,1508
11734,2,-0.00955,0.78976,0.0284,0.4730,2.1034,0.00468,1525
11744,2,-0.00910,0.79413,-0.0009,0.4584,1.7843,0.01372,1506
11754,2,-0.00872,0.79849,-0.0067,0.4496,1.7397,0.01372,1475
11764,2,-0.00856,0.80286,-0.0323,0.4443,1.4598,0.01555,1484
11774,2,-0.00880,0.80635,-0.0748,0.4064,0.8585,0.01646,1498
11784,2,-0.00938,0.80984,-0.0775,0.3836,0.7174,0.00054,1498
11794,2,-0.00977,0.81158,-0.0519,0.2997,0.7474,-0.00306,1505
11804,2,-0.00983,0.81334,-0.0291,0.2500,0.8698,0.00126,1505
11814,2,-0.01011,0.81508,-0.0360,0.2196,0.6865,-0.00569,1513
11824,2,-0.01043,0.81683,-0.0301,0.2019,0.6775,-0.01138,1495
11834,2,-0.01018,0.81769,-0.0041,0.1553,0.8737,0.00429,1502
11844,2,-0.01032,0.81857,-0.0551,0.1286,0.2111,0.01016,1480
11854,2,-0.01078,0.81944,-0.0668,0.1120,-0.0098,-0.00052,1492
11864,2,-0.01101,0.81944,-0.0402,0.0672,0.1491,-0.00235,1530
11874,2,-0.01129,0.81944,-0.0472,0.0403,-0.0285,-0.00164,1535
11884,2,-0.01175,0.81857,-0.0408,-0.0106,-0.1395,-0.01456,1481
11894,2,-0.01223,0.81857,-0.0216,-0.0064,0.0428,-0.02499,1494
11904,2,-0.01233,0.81683,0.0050,-0.0734,0.1509,-0.02015,1497
11914,2,-0.01220,0.81508,0.0194,-0.1142,0.2136,-0.01540,1502
11924,2,-0.01189,0.81421,0.0295,-0.1033,0.3859,-0.01117,1505
11934,2,-0.01182,0.81421,-0.0003,-0.0620,0.1663,-0.00803,1483
11944,2,-0.01220,0.81334,-0.0206,-0.0720,-0.1285,-0.02107,1477
11954,2,-0.01244,0.81334,-0.0014,-0.0432,0.1430,-0.02338,1487
11964,2,-0.01250,0.81334,-0.0057,-0.0259,0.1353,-0.01263,1485
11974,2,-0.01254,0.81334,-0.0184,-0.0155,0.0144,-0.00540,1501
11984,2,-0.01276,0.81334,-0.0227,-0.0093,-0.0386,-0.01241,1507
11994,2,-0.01297,0.81334,-0.0285,-0.0056,-0.1155,-0.00925,1514
12004,2,-0.01314,0.81334,-0.0237,-0.0034,-0.0724,-0.01006,1500
12014,2,-0.01340,0.81247,-0.0365,-0.0368,-0.3334,-0.00795,1483
12024,2,-0.01342,0.81247,-0.0126,-0.0221,-0.0241,-0.00788,1478
12034,2,-0.01361,0.81247,-0.0684,-0.0132,-0.6518,0.01114,1489
12044,2,-0.01466,0.81247,-0.1094,-0.0079,-1.2043,-0.01250,1494
12054,2,-0.01538,0.81158,-0.0472,-0.0402,-0.6574,-0.02782,1509
12064,2,-0.01557,0.80984,-0.0253,-0.0937,-0.5763,-0.01278,1509
12074,2,-0.01556,0.80811,-0.0051,-0.1258,-0.4348,-0.01214,1502
12084,2,-0.01580,0.80722,-0.0206,-0.1109,-0.5946,-0.01748,1502
12094,2,-0.01603,0.80548,-0.0051,-0.1361,-0.5133,-0.02507,1483
12104,2,-0.01621,0.80461,0.0055,-0.1165,-0.3593,-0.02800,1486
12114,2,-0.01642,0.80286,-0.0046,-0.1401,-0.5611,-0.02476,1503
12124,2,-0.01655,0.80112,0.0076,-0.1536,-0.4745,-0.02681,1502
12134,2,-0.01688,0.79938,-0.0019,-0.1618,-0.6406,-0.03261,1525
12144,2,-0.01676,0.79762,0.0327,-0.1672,-0.2544,-0.02674,1493
12154,2,-0.01628,0.79588,0.0465,-0.1699,-0.0615,-0.01568,1505
12164,2,-0.01631,0.79413,0.0050,-0.1721,-0.5433,-0.02008,1505
12174,2,-0.01622,0.79326,0.0396,-0.1381,-0.0531,-0.03158,1523
12184,2,-0.01586,0.79326,0.0268,-0.0828,-0.0145,-0.01125,1499
12194,2,-0.01562,0.79152,0.0156,-0.1193,-0.2188,-0.01155,1509
12204,2,-0.01584,0.79152,-0.0041,-0.0716,-0.3354,-0.02487,1486
12214,2,-0.01600,0.79152,-0.0067,-0.0429,-0.3039,-0.02039,1502
12224,2,-0.01582,0.79152,-0.0019,-0.0258,-0.1866,-0.00616,1509
12234,2,-0.01583,0.79152,-0.0206,-0.0155,-0.3710,-0.00608,1484
12244,2,-0.01604,0.79152,-0.0269,-0.0093,-0.4470,-0.01295,1488
12254,2,-0.01636,0.79239,-0.0280,0.0292,-0.3851,-0.01820,1497
12264,2,-0.01638,0.79152,-0.0025,-0.0173,-0.2243,-0.01630,1501
12274,2,-0.01632,0.79152,-0.0073,-0.0104,-0.2546,-0.00993,1508
12284,2,-0.01633,0.79152,-0.0030,-0.0062,-0.1959,-0.01514,1512
12294,2,-0.01648,0.79065,-0.0110,-0.0385,-0.3892,-0.01848,1483
12304,2,-0.01685,0.79065,-0.0041,-0.0231,-0.3052,-0.03309,1480
12314,2,-0.01648,0.78889,0.0545,-0.0841,0.2273,-0.02523,1483
12324,2,-0.01637,0.78802,0.0130,-0.0852,-0.2373,-0.01761,1493
12334,2,-0.01672,0.78716,0.0263,-0.0859,-0.1239,-0.04715,1503
12344,2,-0.01659,0.78629,0.0566,-0.0863,0.2293,-0.03856,1503
12354,2,-0.01599,0.78716,0.0582,-0.0170,0.4937,-0.01496,1483
12364,2,-0.01582,0.78802,0.0050,0.0246,0.0205,-0.00994,1477
12374,2,-0.01619,0.78889,-0.0211,0.0495,-0.2424,-0.02412,1486
12384,2,-0.01613,0.78976,0.0039,0.0645,0.0888,-0.01493,1478
12394,2,-0.01563,0.79065,0.0305,0.0741,0.4657,-0.00623,1494
12404,2,-0.01530,0.79152,-0.0046,0.0793,0.1156,0.00358,1498
12414,2,-0.01545,0.79239,0.0002,0.0823,0.1652,-0.02303,1511
12424,2,-0.01496,0.79239,0.0071,0.0494,0.2033,0.00615,1512
12434,2,-0.01477,0.79239,-0.0200,0.0296,-0.1386,0.00473,1483
12444,2,-0.01511,0.79239,-0.0291,0.0178,-0.3061,-0.01763,1478
12454,2,-0.01527,0.79152,-0.0104,-0.0241,-0.2251,-0.01824,1489
12464,2,-0.01522,0.78976,0.0029,-0.0847,-0.2348,-0.01402,1490
12474,2,-0.01512,0.78802,0.0124,-0.1204,-0.2159,-0.01651,1505
12484,2,-0.01523,0.78802,0.0071,-0.0722,-0.1574,-0.02413,1508
12494,2,-0.01533,0.78716,-0.0003,-0.0781,-0.2692,-0.02028,1524
12504,2,-0.01563,0.78540,0.0023,-0.1171,-0.3754,-0.03147,1529
12514,2,-0.01585,0.78540,0.0092,-0.0702,-0.1936,-0.03183,1487
12524,2,-0.01580,0.78453,0.0220,-0.0769,-0.0628,-0.02390,1486
12534,2,-0.01557,0.78453,0.0209,-0.0462,0.0294,-0.01488,1498
12544,2,-0.01559,0.78453,-0.0078,-0.0277,-0.2478,-0.01236,1501
12554,2,-0.01587,0.78540,-0.0046,0.0182,-0.1151,-0.02791,1511
12564,2,-0.01570,0.78540,0.0178,0.0109,0.1357,-0.01582,1492
12574,2,-0.01544,0.78540,0.0007,0.0065,-0.0439,-0.00299,1501
12584,2,-0.01547,0.78716,-0.0046,0.0741,0.0771,-0.01483,1505
12594,2,-0.01535,0.78716,-0.0003,0.0445,0.0583,-0.00875,1493
12604,2,-0.01536,0.78716,-0.0014,0.0267,-0.0024,-0.01517,1497
12614,2,-0.01562,0.78716,-0.0222,0.0160,-0.2922,-0.01790,1502
12624,2,-0.01566,0.78716,0.0007,0.0096,-0.0540,-0.01799,1507
12634,2,-0.01547,0.78716,0.0050,0.0058,0.0024,-0.00848,1495
12644,2,-0.01537,0.78716,-0.0041,0.0035,-0.0964,-0.00832,1506
12654,2,-0.01541,0.78629,0.0071,-0.0327,-0.0725,-0.02103,1484
12664,2,-0.01561,0.78716,-0.0142,0.0152,-0.2031,-0.01855,1488
12674,2,-0.01590,0.78629,-0.0057,-0.0257,-0.2455,-0.02722,1499
12684,2,-0.01597,0.78629,0.0018,-0.0154,-0.1412,-0.02078,1500
12694,2,-0.01590,0.78540,-0.0073,-0.0447,-0.3163,-0.00853,1507
12704,2,-0.01598,0.78540,0.0018,-0.0268,-0.1738,-0.02090,1511
12714,2,-0.01593,0.78540,-0.0030,-0.0161,-0.1947,-0.01205,1525
12724,2,-0.01587,0.78540,0.0055,-0.0096,-0.0745,-0.01532,1481
12734,2,-0.01586,0.78540,-0.0041,-0.0058,-0.1722,-0.01358,1483
12744,2,-0.01602,0.78540,0.0013,-0.0035,-0.1208,-0.02439,1480
12754,2,-0.01603,0.78629,-0.0035,0.0333,-0.0757,-0.01474,1491
12764,2,-0.01609,0.78629,-0.0051,0.0200,-0.1355,-0.01655,1496
12774,2,-0.01609,0.78540,-0.0009,-0.0234,-0.2055,-0.01579,1506
12784,2,-0.01605,0.78540,-0.0019,-0.0140,-0.1882,-0.01292,1506
12794,2,-0.01612,0.78540,0.0066,-0.0084,-0.0837,-0.02297,1532
12804,2,-0.01677,0.78540,0.0034,-0.0051,-0.1747,-0.05121,1477
12814,2,-0.01731,0.78540,0.0720,-0.0030,0.5557,-0.08024,1490
12824,2,-0.01675,0.78540,0.1715,-0.0018,1.7411,-0.07439,1489
12834,2,-0.01543,0.78629,0.2210,0.0343,2.5286,-0.06015,1515
12844,2,-0.01432,0.78802,0.2194,0.0902,2.7719,-0.06849,1513
12854,2,-0.01292,0.79239,0.2567,0.2287,3.7099,-0.07123,1530
12864,2,-0.01079,0.79675,0.2854,0.3118,4.4743,-0.04688,1528
12874,2,-0.00825,0.80461,0.2035,0.5014,4.3170,0.01707,1493
12884,2,-0.00696,0.81421,0.0369,0.6847,3.0648,0.03871,1494
12894,2,-0.00731,0.82555,-0.1131,0.8643,1.8333,0.03179,1508
12904,2,-0.00854,0.83864,-0.1775,1.0423,1.4858,0.01910,1506
12914,2,-0.01054,0.85260,-0.2786,1.1838,0.5504,0.02872,1528
12924,2,-0.01274,0.86658,-0.2696,1.2694,0.6931,0.01203,1526
12934,2,-0.01419,0.87878,-0.2334,1.2499,0.9311,0.02975,1538
12944,2,-0.01560,0.89101,-0.2403,1.2388,0.7085,0.03442,1535
12954,2,-0.01752,0.90321,-0.2456,1.2316,0.4636,0.00924,1491
12964,2,-0.02008,0.91457,-0.2818,1.1931,-0.2789,-0.00730,1485
12974,2,-0.02240,0.92329,-0.2387,1.0650,-0.3447,-0.01904,1500
12984,2,-0.02404,0.93202,-0.2345,0.9881,-0.6464,0.01133,1502
12994,2,-0.02570,0.93900,-0.2494,0.8718,-1.2765,0.01590,1508
13004,2,-0.02784,0.94423,-0.2408,0.7324,-1.7536,-0.01471,1514
13014,2,-0.02973,0.94772,-0.1972,0.5792,-1.8479,-0.02545,1504
13024,2,-0.03016,0.94948,-0.0647,0.4177,-0.8192,-0.01942,1503
13034,2,-0.02958,0.94859,-0.0392,0.2152,-1.0179,0.01901,1510
13044,2,-0.02981,0.94859,-0.1009,0.1291,-1.9703,0.00920,1499
13054,2,-0.03091,0.94859,-0.1068,0.0775,-2.2820,-0.03227,1529
13064,2,-0.03162,0.94511,-0.0477,-0.0927,-2.1455,-0.04362,1504
13074,2,-0.03157,0.94249,0.0013,-0.1606,-1.7732,-0.02976,1491
13084,2,-0.03155,0.93900,-0.0030,-0.2361,-2.0281,-0.02888,1486
13094,2,-0.03169,0.93463,0.0007,-0.3162,-2.2225,-0.03915,1503
13104,2,-0.03197,0.93114,0.0092,-0.3295,-2.1955,-0.05062,1501
13114,2,-0.03175,0.92677,0.0577,-0.3723,-1.7473,-0.04917,1510
13124,2,-0.03137,0.92329,0.0502,-0.3625,-1.7752,-0.03767,1528
13134,2,-0.03108,0.91980,0.0401,-0.3573,-1.8536,-0.03653,1508
13144,2,-0.03090,0.91544,0.0460,-0.3889,-1.8629,-0.04501,1484
13154,2,-0.03066,0.91283,0.0364,-0.3377,-1.8151,-0.03669,1493
13164,2,-0.03023,0.91020,0.0550,-0.3076,-1.4863,-0.03630,1495
13174,2,-0.02965,0.90671,0.0571,-0.3243,-1.4567,-0.02912,1504
13184,2,-0.02933,0.90497,0.0257,-0.2642,-1.6230,-0.02621,1504
13194,2,-0.02928,0.90147,0.0103,-0.2983,-1.8908,-0.03197,1513
13204,2,-0.02890,0.89885,0.0518,-0.2839,-1.3500,-0.03586,1521
13214,2,-0.02832,0.89711,0.0273,-0.2399,-1.4559,-0.01300,1533
13224,2,-0.02807,0.89449,-0.0035,-0.2490,-1.8107,-0.01412,1485
13234,2,-0.02837,0.89275,-0.0280,-0.2190,-2.0393,-0.02902,1492
13244,2,-0.02848,0.89012,-0.0062,-0.2364,-1.8549,-0.03117,1494
13254,2,-0.02852,0.88751,-0.0115,-0.2462,-1.9499,-0.02459,1515
13264,2,-0.02874,0.88576,-0.0227,-0.2179,-2.0251,-0.02832,1508
13274,2,-0.02903,0.88402,-0.0200,-0.2003,-1.9793,-0.03351,1515
13284,2,-0.02928,0.88315,-0.0365,-0.1550,-2.0704,-0.02342,1484
13294,2,-0.03012,0.88139,-0.0993,-0.1632,-2.8895,-0.02282,1491
13304,2,-0.03150,0.87965,-0.0615,-0.1675,-2.6105,-0.06948,1485
13314,2,-0.03189,0.87878,0.0002,-0.1353,-1.8650,-0.05173,1497
13324,2,-0.03202,0.87703,-0.0158,-0.1514,-2.1049,-0.03068,1500
13334,2,-0.03235,0.87703,-0.0147,-0.0908,-1.9621,-0.04117,1525
13344,2,-0.03287,0.87703,-0.0307,-0.0545,-2.0967,-0.04380,1525
13354,2,-0.03346,0.87703,-0.0216,-0.0327,-1.9934,-0.05213,1494
13364,2,-0.03384,0.87703,-0.0067,-0.0196,-1.8267,-0.04951,1484
13374,2,-0.03418,0.87703,-0.0227,-0.0118,-2.0194,-0.03974,1495
13384,2,-0.03382,0.87703,0.0055,-0.0071,-1.6522,-0.01858,1492
13394,2,-0.03341,0.87878,-0.0328,0.0660,-1.8469,0.00361,1514
13404,2,-0.03385,0.87878,-0.0828,0.0396,-2.5270,-0.01433,1513
13414,2,-0.03435,0.87791,-0.0711,-0.0110,-2.5808,-0.02394,1536
13424,2,-0.03435,0.87616,-0.0360,-0.0768,-2.3624,-0.01624,1489
13434,2,-0.03417,0.87442,-0.0727,-0.1157,-2.8686,0.01089,1493
13444,2,-0.03515,0.87442,-0.1903,-0.0694,-4.1722,0.01106,1491
13454,2,-0.03783,0.87267,-0.2222,-0.1118,-4.9124,-0.06070,1507
13464,2,-0.03885,0.86743,-0.0232,-0.2764,-3.2091,-0.07846,1510
13474,2,-0.03828,0.86221,0.0758,-0.3746,-2.3045,-0.04737,1491
13484,2,-0.03788,0.85785,0.0263,-0.3993,-2.9002,-0.03095,1485
13494,2,-0.03854,0.85522,-0.0216,-0.3446,-3.3657,-0.06107,1491
13504,2,-0.03918,0.85260,0.0055,-0.3117,-3.0371,-0.07374,1490
13514,2,-0.03903,0.84999,-0.0009,-0.2914,-3.0448,-0.03097,1503
13524,2,-0.03924,0.84824,-0.0009,-0.2450,-2.9447,-0.04957,1505
13534,2,-0.03953,0.84737,-0.0115,-0.1818,-2.9249,-0.04792,1527
13544,2,-0.03981,0.84650,-0.0046,-0.1439,-2.7739,-0.05160,1485
13554,2,-0.03983,0.84563,0.0076,-0.1211,-2.5781,-0.04483,1491
13564,2,-0.03993,0.84476,-0.0062,-0.1075,-2.7098,-0.04198,1486
13574,2,-0.04014,0.84476,-0.0035,-0.0645,-2.5845,-0.04865,1498
13584,2,-0.04023,0.84476,-0.0019,-0.0387,-2.5062,-0.04387,1504
13594,2,-0.04036,0.84563,-0.0227,0.0116,-2.6172,-0.03531,1523
13604,2,-0.04050,0.84563,-0.0237,0.0069,-2.6553,-0.03562,1501
13614,2,-0.04045,0.84563,-0.0179,0.0042,-2.5916,-0.02901,1491
13624,2,-0.04051,0.84563,-0.0333,0.0025,-2.7769,-0.02692,1488
13634,2,-0.04044,0.84563,-0.0014,0.0015,-2.4111,-0.03624,1504
13644,2,-0.04059,0.84563,-0.0402,0.0009,-2.8671,-0.02786,1504
13654,2,-0.04095,0.84387,-0.0472,-0.0697,-3.1732,-0.03546,1513
13664,2,-0.04124,0.84300,-0.0472,-0.0766,-3.2223,-0.03245,1504
13674,2,-0.04091,0.84126,-0.0285,-0.1155,-3.0859,-0.00972,1515
13684,2,-0.04013,0.83864,-0.0365,-0.1743,-3.2625,0.01716,1488
13694,2,-0.03947,0.83514,-0.1233,-0.2443,-4.3750,0.05510,1540
13704,2,-0.04065,0.83167,-0.2377,-0.2858,-5.9036,0.01912,1540
13714,2,-0.04115,0.82294,-0.0940,-0.5206,-4.9704,-0.01903,1498
13724,2,-0.03964,0.81158,0.0279,-0.7665,-4.1238,0.02146,1496
13734,2,-0.03769,0.79762,0.0162,-1.0183,-4.7666,0.05201,1509
13744,2,-0.03713,0.78192,-0.0035,-1.2391,-5.5559,-0.00752,1509
13754,2,-0.03678,0.76097,0.0710,-1.5814,-5.6340,-0.05455,1530
13764,2,-0.03505,0.73654,0.2184,-1.9260,-4.7645,-0.05786,1529
13774,2,-0.03170,0.70862,0.2982,-2.2726,-4.5139,-0.01331,1491
13784,2,-0.02924,0.68243,0.2487,-2.4109,-5.2529,-0.03040,1491
13794,2,-0.02749,0.65451,0.2716,-2.5635,-5.2832,-0.07580,1504
13804,2,-0.02363,0.62746,0.4158,-2.6202,-3.4754,-0.03888,1503
13814,2,-0.01904,0.60214,0.3716,-2.5847,-3.4783,0.02490,1523
13824,2,-0.01625,0.57684,0.2519,-2.5628,-4.5496,-0.00262,1525
13834,2,-0.01487,0.55153,0.1848,-2.5503,-5.1874,-0.03843,1491
13844,2,-0.01324,0.52449,0.2263,-2.6117,-4.7721,-0.04478,1488
13854,2,-0.01049,0.49568,0.3014,-2.7194,-3.9957,-0.02391,1495
13864,2,-0.00739,0.46951,0.2540,-2.6784,-4.1675,0.02064,1500
13874,2,-0.00598,0.44856,0.0625,-2.4450,-5.6123,0.03339,1515
13884,2,-0.00649,0.43024,-0.0323,-2.2001,-6.1115,-0.01584,1521
13894,2,-0.00755,0.41191,-0.0434,-2.0531,-5.9810,-0.03889,1494
13904,2,-0.00793,0.39183,0.0098,-2.0351,-5.4039,-0.03187,1489
13914,2,-0.00733,0.37003,0.0263,-2.0932,-5.3544,0.00952,1496
13924,2,-0.00802,0.34995,-0.0610,-2.0592,-6.3556,-0.01202,1494
13934,2,-0.00942,0.32988,-0.0237,-2.0381,-6.0502,-0.06736,1511
13944,2,-0.00918,0.30719,0.1284,-2.1305,-4.5920,-0.06134,1512
13954,2,-0.00662,0.28276,0.2003,-2.2554,-3.9090,0.02088,1533
13964,2,-0.00578,0.26094,0.0795,-2.2261,-5.1558,-0.00319,1485
13974,2,-0.00560,0.23912,0.1401,-2.2084,-4.4443,-0.06695,1491
13984,2,-0.00296,0.21643,0.3008,-2.2327,-2.4728,-0.02145,1487
13994,2,0.00050,0.19287,0.2210,-2.2820,-3.2139,0.06338,1502
14004,2,0.00092,0.17105,0.0635,-2.2420,-4.8897,-0.00979,1502
14014,2,0.00148,0.14400,0.1620,-2.4273,-4.2669,-0.05169,1523
14024,2,0.00445,0.11694,0.2955,-2.5386,-2.8117,0.00526,1485
14034,2,0.00761,0.08990,0.2955,-2.6047,-2.7307,0.01754,1495
14044,2,0.01086,0.06633,0.2992,-2.5058,-2.1485,0.02413,1485
14054,2,0.01423,0.04277,0.1907,-2.4459,-2.9322,0.08708,1500
14064,2,0.01466,0.02095,-0.0211,-2.3403,-5.0463,0.04664,1501
14074,2,0.01402,-0.00436,-0.0190,-2.4168,-5.3352,-0.00812,1515
14084,2,0.01493,-0.03053,0.0476,-2.4968,-4.7558,0.03652,1485
14094,2,0.01526,-0.05496,-0.0631,-2.4753,-5.9639,0.06349,1491
14104,2,0.01419,-0.07854,-0.0972,-2.4281,-6.3716,0.00889,1485
14114,2,0.01395,-0.10121,-0.1025,-2.3639,-6.3238,0.05355,1499
14124,2,0.01236,-0.12216,-0.2754,-2.2563,-8.1881,0.07046,1500
14134,2,0.00830,-0.14398,-0.2866,-2.2266,-8.6713,-0.05146,1512
14144,2,0.00610,-0.17017,-0.0434,-2.3833,-6.5993,-0.08205,1504
14154,2,0.00640,-0.19807,0.1380,-2.5463,-5.0034,-0.04791,1491
14164,2,0.00683,-0.22601,0.2136,-2.6454,-4.4217,-0.07818,1487
14174,2,0.00857,-0.25568,0.3227,-2.7737,-3.4149,-0.06584,1502
14184,2,0.01122,-0.28448,0.3556,-2.8166,-2.9506,-0.03431,1504
14194,2,0.01390,-0.31152,0.3349,-2.7715,-2.8523,-0.01938,1499
14204,2,0.01598,-0.33423,0.2423,-2.5711,-3.2020,-0.00100,1499
14214,2,0.01709,-0.35516,0.1630,-2.3801,-3.5177,-0.00890,1509
14224,2,0.01846,-0.37524,0.1699,-2.2313,-2.9434,0.00198,1494
14234,2,0.01969,-0.39531,0.1316,-2.1414,-3.0528,0.01547,1536
14244,2,0.02023,-0.41624,0.0965,-2.1222,-3.3849,-0.00103,1537
14254,2,0.02109,-0.43633,0.1556,-2.0766,-2.5465,-0.01388,1498
14264,2,0.02322,-0.45639,0.1827,-2.0485,-1.9928,0.03838,1497
14274,2,0.02457,-0.47385,0.0949,-1.9274,-2.5631,0.04437,1507
14284,2,0.02440,-0.48955,0.0231,-1.7845,-3.0384,0.00462,1504
14294,2,0.02448,-0.50613,0.0390,-1.7341,-2.7458,0.00863,1534
14304,2,0.02504,-0.52272,0.0507,-1.7039,-2.5072,0.02803,1523
14314,2,0.02501,-0.53755,-0.0333,-1.6156,-3.2530,0.04005,1493
14324,2,0.02327,-0.54889,-0.1632,-1.4229,-4.3977,0.01769,1493
14334,2,0.02013,-0.56024,-0.2275,-1.3078,-5.1453,-0.02284,1506
14344,2,0.01816,-0.57159,-0.1020,-1.2388,-3.7506,-0.02929,1501
14354,2,0.01794,-0.58380,-0.0525,-1.2316,-3.2142,0.03327,1528
14364,2,0.01686,-0.59253,-0.1738,-1.0881,-4.3255,0.04956,1527
14374,2,0.01399,-0.60039,-0.2611,-0.9672,-5.2839,0.00122,1541
14384,2,0.01106,-0.60912,-0.1578,-0.9294,-4.3158,-0.05679,1485
14394,2,0.01013,-0.61784,-0.0706,-0.9068,-3.3735,-0.00120,1496
14404,2,0.00944,-0.62657,-0.0940,-0.8932,-3.6848,0.02233,1494
14414,2,0.00748,-0.63441,-0.1318,-0.8496,-4.2019,-0.02478,1514
14424,2,0.00621,-0.64227,-0.0317,-0.8241,-3.1389,-0.04158,1511
14434,2,0.00647,-0.65187,0.0561,-0.8784,-2.2824,-0.00874,1529
14444,2,0.00725,-0.66147,0.0289,-0.9109,-2.6182,0.03194,1485
14454,2,0.00709,-0.66933,-0.0280,-0.8609,-3.1593,0.01291,1491
14464,2,0.00659,-0.67632,-0.0440,-0.7961,-3.2273,0.00389,1485
14474,2,0.00578,-0.68240,-0.0881,-0.7212,-3.6174,0.00911,1491
14484,2,0.00443,-0.68852,-0.1131,-0.6775,-3.9258,-0.00620,1494
14494,2,0.00313,-0.69463,-0.0982,-0.6506,-3.8234,-0.01291,1507
14504,2,0.00183,-0.69899,-0.0913,-0.5649,-3.6501,-0.01746,1503
14514,2,0.00047,-0.70335,-0.1062,-0.5135,-3.8213,-0.01421,1513
14524,2,-0.00078,-0.70598,-0.1025,-0.4131,-3.6367,-0.01209,1503
14534,2,-0.00175,-0.70947,-0.1169,-0.3876,-3.8323,0.00815,1510
14544,2,-0.00329,-0.71034,-0.1344,-0.2674,-3.8612,-0.01339,1485
14554,2,-0.00480,-0.71295,-0.1073,-0.2648,-3.6983,-0.02630,1494
14564,2,-0.00574,-0.71645,-0.0519,-0.2986,-3.2609,-0.02705,1496
14574,2,-0.00599,-0.71907,-0.0035,-0.2842,-2.7030,-0.01682,1509
14584,2,-0.00617,-0.72081,-0.0014,-0.2401,-2.5805,-0.01403,1512
14594,2,-0.00644,-0.72256,-0.0232,-0.2142,-2.7883,-0.00852,1501
14604,2,-0.00678,-0.72430,-0.0168,-0.1981,-2.7093,-0.01545,1504
14614,2,-0.00691,-0.72604,-0.0083,-0.1885,-2.6027,-0.00924,1510
14624,2,-0.00704,-0.72693,-0.0009,-0.1485,-2.4258,-0.01327,1504
14634,2,-0.00716,-0.72778,-0.0046,-0.1233,-2.4136,-0.01087,1523
14644,2,-0.00711,-0.72954,0.0146,-0.1441,-2.2510,-0.01190,1529
14654,2,-0.00708,-0.72954,-0.0009,-0.0865,-2.2675,-0.00480,1533
14664,2,-0.00705,-0.73041,-0.0067,-0.0867,-2.3335,-0.00241,1486
14674,2,-0.00702,-0.73041,0.0034,-0.0520,-2.1233,-0.00738,1500
14684,2,-0.00702,-0.73041,-0.0014,-0.0312,-2.1215,-0.00620,1496
14694,2,-0.00721,-0.72954,-0.0057,0.0161,-2.0594,-0.01359,1511
14704,2,-0.00722,-0.72954,0.0018,0.0096,-1.9934,-0.00874,1508
14714,2,-0.00707,-0.72867,-0.0009,0.0406,-1.9241,0.00100,1530
14724,2,-0.00705,-0.72867,-0.0030,0.0243,-1.9903,-0.00478,1525
14734,2,-0.00708,-0.72867,0.0039,0.0146,-1.9410,-0.01060,1491
14744,2,-0.00716,-0.72778,-0.0025,0.0442,-1.9404,-0.01000,1485
14754,2,-0.00703,-0.72778,-0.0041,0.0265,-1.9926,0.00181,1491
14764,2,-0.00697,-0.72693,-0.0057,0.0501,-1.9401,-0.00116,1490
14774,2,-0.00656,-0.72604,0.0055,0.0654,-1.7313,0.01086,1503
14784,2,-0.00638,-0.72604,0.0018,0.0393,-1.8258,0.00187,1504
14794,2,-0.00660,-0.72517,-0.0317,0.0584,-2.1741,-0.00164,1513
14804,2,-0.00688,-0.72430,0.0013,0.0698,-1.7953,-0.02145,1531
14814,2,-0.00669,-0.72430,-0.0110,0.0419,-1.9903,0.00826,1491
14824,2,-0.00643,-0.72430,0.0007,0.0251,-1.8773,0.00615,1485
14834,2,-0.00619,-0.72430,-0.0051,0.0151,-1.9475,0.00821,1500
14844,2,-0.00613,-0.72430,0.0039,0.0090,-1.8551,-0.00497,1499
14854,2,-0.00610,-0.72430,-0.0067,0.0054,-1.9822,-0.00110,1523
14864,2,-0.00601,-0.72430,0.0108,0.0033,-1.7802,-0.00689,1512
14874,2,-0.00563,-0.72430,0.0092,0.0020,-1.7651,0.00854,1528
14884,2,-0.00572,-0.72430,-0.0078,0.0012,-1.9688,-0.00630,1503
14894,2,-0.00580,-0.72430,0.0076,0.0007,-1.8027,-0.01340,1491
14904,2,-0.00577,-0.72430,-0.0009,0.0004,-1.8971,-0.00394,1489
14914,2,-0.00571,-0.72430,0.0061,0.0003,-1.8138,-0.00595,1503
14924,2,-0.00564,-0.72430,-0.0019,0.0002,-1.8975,-0.00109,1502
14934,2,-0.00558,-0.72430,0.0029,0.0001,-1.8371,-0.00380,1515
14944,2,-0.00538,-0.72430,0.0076,0.0001,-1.7643,0.00039,1494
14954,2,-0.00536,-0.72430,-0.0025,0.0000,-1.8766,-0.00299,1506
14964,2,-0.00535,-0.72430,0.0007,0.0000,-1.8389,-0.00490,1502
14974,2,-0.00522,-0.72430,0.0066,0.0000,-1.7600,-0.00203,1510
14984,2,-0.00531,-0.72430,-0.0126,0.0000,-1.9865,-0.00392,1508
14994,2,-0.00532,-0.72430,0.0087,0.0000,-1.7462,-0.01006,1536
15004,2,-0.00516,-0.72430,-0.0019,0.0000,-1.8508,0.00398,1528
15014,2,-0.00512,-0.72430,0.0023,0.0000,-1.7992,-0.00458,1533
15024,2,-0.00511,-0.72430,0.0039,0.0000,-1.7799,-0.00645,1485
15034,2,-0.00516,-0.72430,-0.0014,0.0000,-1.8448,-0.00680,1497
15044,2,-0.00523,-0.72430,-0.0088,0.0000,-1.9360,-0.00432,1491
15054,2,-0.00509,-0.72430,0.0183,0.0000,-1.6151,-0.00730,1510
15064,2,-0.00492,-0.72430,0.0007,0.0000,-1.7976,0.00311,1508
15074,2,-0.00494,-0.72430,-0.0046,0.0000,-1.8593,-0.00334,1523
15084,2,-0.00495,-0.72430,0.0114,0.0000,-1.6796,-0.01124,1521
15094,2,-0.00497,-0.72430,-0.0062,0.0000,-1.8809,-0.00307,1496
15104,2,-0.00502,-0.72430,-0.0120,0.0000,-1.9515,-0.00124,1491
15114,2,-0.00485,-0.72430,0.0151,0.0000,-1.6282,-0.00425,1491
15124,2,-0.00468,-0.72430,-0.0030,0.0000,-1.8161,0.00554,1491
15134,2,-0.00480,-0.72430,-0.0062,0.0000,-1.8644,-0.00791,1506
15144,2,-0.00492,-0.72343,0.0023,0.0348,-1.6841,-0.01173,1501
15154,2,-0.00485,-0.72343,-0.0019,0.0209,-1.7629,-0.00041,1525
15164,2,-0.00494,-0.72430,-0.0110,-0.0223,-1.9917,-0.00410,1485
15174,2,-0.00507,-0.72430,0.0034,-0.0134,-1.8182,-0.01348,1495
15184,2,-0.00476,-0.72430,0.0167,-0.0080,-1.6222,0.00277,1487
15194,2,-0.00470,-0.72430,-0.0120,-0.0048,-1.9332,0.00431,1501
15204,2,-0.00511,-0.72343,-0.0285,0.0319,-2.0605,-0.01158,1499
15214,2,-0.00514,-0.72343,0.0018,0.0191,-1.7542,-0.00759,1511
15224,2,-0.00488,-0.72430,0.0023,-0.0233,-1.8382,0.00694,1521
15234,2,-0.00468,-0.72430,-0.0009,-0.0140,-1.8297,0.00582,1491
15244,2,-0.00455,-0.72343,0.0045,0.0264,-1.6471,-0.00039,1485
15254,2,-0.00469,-0.72343,-0.0147,0.0158,-1.9055,-0.00406,1492
15264,2,-0.00485,-0.72343,-0.0014,0.0095,-1.7879,-0.01239,1496
15274,2,-0.00435,-0.72343,0.0332,0.0057,-1.3574,0.00409,1510
15284,2,-0.00410,-0.72343,0.0061,0.0034,-1.6461,0.00561,1495
15294,2,-0.00432,-0.72256,-0.0211,0.0368,-1.8838,-0.00478,1531
15304,2,-0.00439,-0.72256,-0.0067,0.0221,-1.7675,-0.00459,1508
15314,2,-0.00427,-0.72256,0.0108,0.0133,-1.5809,-0.00388,1523
15324,2,-0.00408,-0.72168,-0.0062,0.0434,-1.6731,0.00841,1521
15334,2,-0.00431,-0.72168,-0.0222,0.0260,-1.9223,-0.00442,1532
15344,2,-0.00472,-0.72168,-0.0291,0.0156,-2.0685,-0.01063,1528
15354,2,-0.00482,-0.72168,0.0045,0.0094,-1.7154,-0.01210,1494
15364,2,-0.00436,-0.72168,0.0172,0.0056,-1.5359,0.01000,1489
15374,2,-0.00438,-0.72168,-0.0163,0.0034,-1.9239,0.00261,1506
15384,2,-0.00483,-0.72168,-0.0200,0.0020,-2.0134,-0.01720,1503
15394,2,-0.00492,-0.72168,0.0061,0.0012,-1.7295,-0.01269,1523
15404,2,-0.00480,-0.72168,-0.0009,0.0007,-1.7973,0.00171,1521
15414,2,-0.00485,-0.72168,-0.0158,0.0004,-1.9718,0.00048,1491
15424,2,-0.00492,-0.72168,-0.0035,0.0003,-1.8401,-0.00647,1485
15434,2,-0.00498,-0.72168,-0.0099,0.0002,-1.9186,-0.00300,1491
15444,2,-0.00501,-0.72168,0.0034,0.0001,-1.7709,-0.00818,1495
15454,2,-0.00499,-0.72168,0.0018,0.0001,-1.7875,-0.00508,1505
15464,2,-0.00495,-0.72168,-0.0019,0.0000,-1.8261,-0.00211,1510
15474,2,-0.00514,-0.72168,-0.0147,0.0000,-1.9893,-0.00725,1525
15484,2,-0.00527,-0.72168,-0.0003,0.0000,-1.8386,-0.01128,1533
15494,2,-0.00526,-0.72168,-0.0030,0.0000,-1.8685,-0.00362,1513
15504,2,-0.00532,-0.72168,0.0018,0.0000,-1.8199,-0.00911,1486
15514,2,-0.00535,-0.72168,0.0002,0.0000,-1.8409,-0.00698,1530
15524,2,-0.00554,-0.72168,-0.0078,0.0000,-1.9499,-0.01116,1501
15534,2,-0.00556,-0.72168,0.0071,0.0000,-1.7828,-0.00997,1540
15544,2,-0.00521,-0.72168,0.0199,0.0000,-1.6041,0.00228,1489
15554,2,-0.00508,-0.72168,-0.0099,0.0000,-1.9289,0.00642,1500
15564,2,-0.00549,-0.72168,-0.0115,0.0000,-1.9868,-0.02014,1498
15574,2,-0.00543,-0.72168,0.0215,0.0000,-1.6071,-0.01308,1512
15584,2,-0.00501,-0.72168,0.0178,0.0000,-1.6086,0.00692,1508
15594,2,-0.00490,-0.72168,0.0023,0.0000,-1.7723,-0.00035,1529
15604,2,-0.00512,-0.72168,-0.0126,0.0000,-1.9633,-0.01022,1484
15614,2,-0.00510,-0.72168,0.0066,0.0000,-1.7437,-0.00705,1491
15624,2,-0.00482,-0.72168,0.0135,0.0000,-1.6382,0.00233,1487
15634,2,-0.00469,-0.72168,-0.0019,0.0000,-1.8003,0.00277,1501
15644,2,-0.00505,-0.72081,-0.0211,0.0348,-1.9575,-0.01246,1502
15654,2,-0.00525,-0.72168,0.0029,-0.0139,-1.8383,-0.01684,1523
15664,2,-0.00502,-0.72168,0.0156,-0.0083,-1.6562,-0.00135,1529
15674,2,-0.00503,-0.72168,-0.0216,-0.0050,-2.0701,0.00533,1491
15684,2,-0.00528,-0.72168,-0.0035,-0.0030,-1.8838,-0.01583,1488
15694,2,-0.00541,-0.72168,-0.0035,-0.0018,-1.8940,-0.01052,1491
15704,2,-0.00534,-0.72168,-0.0078,-0.0011,-1.9329,0.00236,1494
15714,2,-0.00531,-0.72168,-0.0030,-0.0006,-1.8745,-0.00232,1505
15724,2,-0.00529,-0.72168,0.0034,-0.0004,-1.7999,-0.00618,1524
15734,2,-0.00527,-0.72168,0.0018,-0.0002,-1.8152,-0.00495,1535
15744,2,-0.00544,-0.72168,-0.0099,-0.0001,-1.9646,-0.00920,1508
15754,2,-0.00538,-0.72168,0.0146,-0.0001,-1.6815,-0.00975,1526
15764,2,-0.00525,-0.72168,0.0002,-0.0001,-1.8315,0.00111,1532
15774,2,-0.00550,-0.72168,-0.0088,-0.0000,-1.9582,-0.01352,1504
15784,2,-0.00546,-0.72168,0.0034,-0.0000,-1.8156,-0.00514,1507
15794,2,-0.00528,-0.72168,0.0061,-0.0000,-1.7678,0.00075,1498
15804,2,-0.00532,-0.72168,-0.0078,-0.0000,-1.9283,-0.00340,1495
15814,2,-0.00545,-0.72168,-0.0009,-0.0000,-1.8626,-0.01149,1507
15824,2,-0.00534,-0.72168,-0.0014,-0.0000,-1.8578,0.00088,1505
15834,2,-0.00537,-0.72168,-0.0041,-0.0000,-1.8904,-0.00459,1527
15844,2,-0.00530,-0.72168,0.0050,-0.0000,-1.7818,-0.00465,1524
15854,2,-0.00525,-0.72168,-0.0025,-0.0000,-1.8606,-0.00114,1538
15864,2,-0.00535,-0.72168,0.0018,-0.0000,-1.8228,-0.01161,1485
15874,2,-0.00545,-0.72168,-0.0041,-0.0000,-1.8989,-0.00845,1496
15884,2,-0.00543,-0.72168,0.0087,-0.0000,-1.7524,-0.00884,1493
15894,2,-0.00530,-0.72168,0.0013,-0.0000,-1.8238,0.00073,1505
15904,2,-0.00541,-0.72168,-0.0035,-0.0000,-1.8884,-0.00893,1503
15914,2,-0.00528,-0.72168,0.0183,-0.0000,-1.6287,-0.00801,1523
15924,2,-0.00522,-0.72168,-0.0030,-0.0000,-1.8637,-0.00056,1526
15934,2,-0.00533,-0.72168,-0.0003,-0.0000,-1.8444,-0.01075,1491
15944,2,-0.00513,-0.72168,0.0130,-0.0000,-1.6744,-0.00170,1485
15954,2,-0.00504,-0.72168,0.0002,-0.0000,-1.8102,-0.00062,1495
15964,2,-0.00505,-0.72168,0.0055,-0.0000,-1.7506,-0.00815,1493
15974,2,-0.00490,-0.72168,0.0092,-0.0000,-1.6944,-0.00234,1506
15984,2,-0.00500,-0.72168,-0.0062,-0.0000,-1.8784,-0.00661,1511
15994,2,-0.00511,-0.72168,-0.0104,-0.0000,-1.9377,-0.00555,1531
16004,2,-0.00512,-0.72168,0.0029,-0.0000,-1.7879,-0.00702,1521
16014,2,-0.00490,-0.72168,0.0076,-0.0000,-1.7123,0.00223,1495
16024,2,-0.00502,-0.72168,-0.0136,-0.0000,-1.9650,-0.00416,1484
16034,2,-0.00505,-0.72168,0.0055,-0.0000,-1.7515,-0.00960,1491
16044,2,-0.00489,-0.72168,0.0082,-0.0000,-1.7051,-0.00063,1494
16054,2,-0.00496,-0.72168,-0.0115,-0.0000,-1.9350,-0.00276,1504
16064,2,-0.00506,-0.72168,0.0034,-0.0000,-1.7760,-0.01175,1502
16074,2,-0.00508,-0.72168,0.0055,-0.0000,-1.7538,-0.00881,1523
16084,2,-0.00499,-0.72168,0.0023,-0.0000,-1.7809,-0.00153,1485
16094,2,-0.00490,-0.72168,0.0002,-0.0000,-1.7965,-0.00061,1493
16104,2,-0.00499,-0.72168,0.0013,-0.0000,-1.7936,-0.01031,1492
16114,2,-0.00492,-0.72168,0.0108,-0.0000,-1.6786,-0.00701,1494
16124,2,-0.00484,-0.72168,0.0029,-0.0000,-1.7611,-0.00224,1492
16134,2,-0.00493,-0.72168,-0.0073,-0.0000,-1.8837,-0.00544,1503
16144,2,-0.00501,-0.72168,-0.0009,-0.0000,-1.8195,-0.00872,1506
16154,2,-0.00488,-0.72168,0.0023,-0.0000,-1.7706,0.00046,1527
16164,2,-0.00493,-0.72168,-0.0046,-0.0000,-1.8544,-0.00540,1484
16174,2,-0.00486,-0.72168,-0.0009,-0.0000,-1.8044,-0.00045,1492
16184,2,-0.00482,-0.72168,0.0018,-0.0000,-1.7709,-0.00400,1485
16194,2,-0.00482,-0.72168,0.0002,-0.0000,-1.7891,-0.00495,1496
16204,2,-0.00481,-0.72168,0.0002,-0.0000,-1.7875,-0.00411,1493
16214,2,-0.00480,-0.72168,0.0002,-0.0000,-1.7873,-0.00481,1509
16224,2,-0.00467,-0.72168,0.0034,-0.0000,-1.7381,0.00032,1507
16234,2,-0.00467,-0.72081,-0.0046,0.0348,-1.7341,-0.00260,1530
16244,2,-0.00451,-0.72081,-0.0009,0.0209,-1.7132,0.00412,1485
16254,2,-0.00464,-0.72168,0.0023,-0.0223,-1.8070,-0.01231,1491
16264,2,-0.00467,-0.72081,-0.0009,0.0214,-1.7268,-0.00548,1494
16274,2,-0.00458,-0.72168,-0.0014,-0.0219,-1.8424,0.00039,1507
16284,2,-0.00467,-0.72168,-0.0014,-0.0132,-1.8279,-0.00858,1502
16294,2,-0.00472,-0.72168,0.0002,-0.0079,-1.7999,-0.00699,1509
16304,2,-0.00480,-0.72168,-0.0067,-0.0047,-1.8778,-0.00553,1521
16314,2,-0.00496,-0.72168,-0.0094,-0.0028,-1.9183,-0.00820,1491
16324,2,-0.00489,-0.72168,0.0013,-0.0017,-1.7880,-0.00209,1485
16334,2,-0.00477,-0.72081,0.0018,0.0338,-1.6738,0.00024,1491
16344,2,-0.00472,-0.72168,-0.0062,-0.0145,-1.8902,0.00099,1490
16354,2,-0.00499,-0.72168,-0.0057,-0.0087,-1.8954,-0.01590,1505
16364,2,-0.00500,-0.72168,0.0055,-0.0052,-1.7606,-0.00833,1513
16374,2,-0.00488,-0.72168,-0.0003,-0.0031,-1.8092,0.00147,1513
16384,2,-0.00491,-0.72168,-0.0041,-0.0019,-1.8507,-0.00424,1508
16394,2,-0.00497,-0.72168,0.0023,-0.0011,-1.7827,-0.00942,1491
16404,2,-0.00492,-0.72081,-0.0030,0.0341,-1.7414,-0.00061,1485
16414,2,-0.00496,-0.72081,-0.0003,0.0205,-1.7524,-0.00710,1493
16424,2,-0.00503,-0.72081,0.0029,0.0123,-1.7448,-0.00985,1502
16434,2,-0.00508,-0.72081,-0.0110,0.0074,-1.9194,-0.00200,1512
16444,2,-0.00508,-0.72168,0.0119,-0.0304,-1.7636,-0.01135,1496
16454,2,-0.00504,-0.72168,-0.0062,-0.0182,-1.9317,0.00021,1507
16464,2,-0.00504,-0.72168,0.0034,-0.0109,-1.8032,-0.00649,1503
16474,2,-0.00496,-0.72168,0.0034,-0.0066,-1.7836,-0.00259,1513
16484,2,-0.00481,-0.72168,0.0061,-0.0039,-1.7325,-0.00070,1521
16494,2,-0.00497,-0.72168,-0.0073,-0.0024,-1.8940,-0.00906,1534
16504,2,-0.00515,-0.72168,-0.0014,-0.0014,-1.8433,-0.01377,1487
16514,2,-0.00509,-0.72168,0.0039,-0.0009,-1.7750,-0.00368,1498
16524,2,-0.00491,-0.72168,0.0061,-0.0005,-1.7328,0.00087,1497
16534,2,-0.00513,-0.72168,-0.0248,-0.0003,-2.1032,-0.00369,1512
16544,2,-0.00533,-0.72081,0.0002,0.0346,-1.7445,-0.01559,1511
16554,2,-0.00527,-0.72168,0.0066,-0.0140,-1.7979,-0.00533,1535
16564,2,-0.00519,-0.72168,0.0039,-0.0084,-1.8059,-0.00351,1487
16574,2,-0.00526,-0.72168,-0.0025,-0.0050,-1.8753,-0.00715,1494
16584,2,-0.00541,-0.72081,0.0002,0.0318,-1.7600,-0.01329,1488
16594,2,-0.00533,-0.72081,0.0076,0.0191,-1.7012,-0.00478,1504
16604,2,-0.00521,-0.72081,0.0045,0.0114,-1.7462,-0.00149,1500
16614,2,-0.00529,-0.72081,0.0013,0.0069,-1.8024,-0.00994,1514
16624,2,-0.00523,-0.72168,-0.0019,-0.0307,-1.9357,-0.00160,1526
16634,2,-0.00496,-0.72081,0.0236,0.0164,-1.4922,-0.00327,1531
16644,2,-0.00476,-0.72081,-0.0025,0.0098,-1.7850,0.00678,1485
16654,2,-0.00501,-0.72081,-0.0216,0.0059,-2.0372,-0.00683,1492
16664,2,-0.00494,-0.72081,0.0188,0.0035,-1.5787,-0.01091,1488
16674,2,-0.00475,-0.72081,-0.0099,0.0021,-1.8898,0.00955,1505
16684,2,-0.00495,-0.72081,-0.0088,0.0013,-1.8995,-0.01055,1503
16694,2,-0.00504,-0.72081,-0.0009,0.0008,-1.8191,-0.00900,1510
16704,2,-0.00483,-0.72081,0.0108,0.0005,-1.6662,0.00055,1496
16714,2,-0.00482,-0.72081,-0.0009,0.0003,-1.7987,-0.00407,1529
16724,2,-0.00529,-0.72081,-0.0323,0.0002,-2.2006,-0.01272,1507
16734,2,-0.00529,-0.72081,0.0013,0.0001,-1.8206,-0.00568,1491
16744,2,-0.00471,-0.72168,0.0635,-0.0347,-1.1542,-0.00771,1490
16754,2,-0.00491,-0.72168,0.0358,-0.0208,-1.4497,-0.03275,1531
16764,2,-0.00565,-0.72168,0.0625,-0.0125,-1.1986,-0.07410,1529
16774,2,-0.00530,-0.72168,0.1609,-0.0075,-0.0355,-0.06801,1491
16784,2,-0.00401,-0.72081,0.2178,0.0303,0.8387,-0.04821,1479
16794,2,-0.00286,-0.71820,0.1715,0.1225,0.6779,-0.03156,1490
16804,2,-0.00265,-0.71208,0.1146,0.3183,0.5900,-0.04918,1487
16814,2,-0.00245,-0.70335,0.1008,0.5401,1.0638,-0.04277,1497
16824,2,-0.00207,-0.69289,0.0747,0.7428,1.3678,-0.02061,1501
16834,2,-0.00187,-0.67892,0.0199,1.0041,1.4930,-0.00179,1510
16844,2,-0.00167,-0.66409,-0.0179,1.1957,1.6253,0.01714,1521
16854,2,-0.00140,-0.65013,-0.0099,1.2759,1.9830,0.01722,1530
16864,2,-0.00068,-0.63615,-0.0903,1.3246,1.2991,0.08033,1511
16874,2,-0.00158,-0.62132,-0.2286,1.3880,-0.1586,0.06778,1491
16884,2,-0.00410,-0.60475,-0.3180,1.4957,-1.0986,0.02872,1491
16894,2,-0.00720,-0.58990,-0.2861,1.4913,-1.0240,-0.01907,1525
16904,2,-0.00945,-0.57770,-0.2089,1.3830,-0.6376,-0.01757,1529
16914,2,-0.01024,-0.56723,-0.1201,1.2485,-0.0496,0.01034,1491
16924,2,-0.01060,-0.55675,-0.1201,1.1684,-0.2803,0.03145,1485
16934,2,-0.01143,-0.54715,-0.1765,1.0850,-1.2058,0.03568,1492
16944,2,-0.01341,-0.53842,-0.2116,1.0001,-2.0093,-0.00709,1488
16954,2,-0.01462,-0.53232,-0.0855,0.8442,-1.1050,-0.03199,1502
16964,2,-0.01407,-0.52795,0.0209,0.6811,-0.2761,0.00255,1501
16974,2,-0.01327,-0.52446,0.0013,0.5484,-0.7703,0.02614,1508
16984,2,-0.01297,-0.52272,0.0061,0.3986,-1.0852,-0.00098,1509
16994,2,-0.01214,-0.52185,0.0486,0.2740,-0.8546,0.00514,1491
17004,2,-0.01096,-0.52185,0.0497,0.1644,-1.0212,0.02320,1484
17014,2,-0.01031,-0.52185,0.0045,0.0986,-1.6467,0.01981,1496
17024,2,-0.01007,-0.52359,0.0018,-0.0104,-1.9490,0.00106,1485
17034,2,-0.00978,-0.52533,0.0034,-0.0758,-2.0813,0.00297,1504
17044,2,-0.00957,-0.52795,0.0119,-0.1505,-2.1689,-0.00479,1504
17054,2,-0.00920,-0.53145,0.0119,-0.2301,-2.3523,0.00349,1513
17064,2,-0.00921,-0.53493,-0.0025,-0.2772,-2.6495,-0.00881,1513
17074,2,-0.00947,-0.53755,-0.0057,-0.2713,-2.7001,-0.01969,1503
17084,2,-0.00985,-0.54105,-0.0073,-0.3025,-2.8451,-0.02505,1505
17094,2,-0.00997,-0.54366,0.0002,-0.2859,-2.7324,-0.01598,1512
17104,2,-0.01008,-0.54628,-0.0200,-0.2765,-2.9520,-0.00566,1510
17114,2,-0.01033,-0.54889,-0.0131,-0.2703,-2.8858,-0.01614,1535
17124,2,-0.01040,-0.55151,-0.0025,-0.2671,-2.7684,-0.01260,1485
17134,2,-0.01058,-0.55325,-0.0025,-0.2299,-2.6895,-0.01855,1491
17144,2,-0.01095,-0.55588,0.0013,-0.2429,-2.7227,-0.02982,1484
17154,2,-0.01135,-0.55762,0.0018,-0.2153,-2.6853,-0.03241,1503
17164,2,-0.01132,-0.55937,0.0348,-0.1994,-2.2691,-0.02721,1504
17174,2,-0.01126,-0.56111,0.0156,-0.1892,-2.4564,-0.01618,1512
17184,2,-0.01138,-0.56287,0.0172,-0.1837,-2.4384,-0.02598,1501
17194,2,-0.01156,-0.56287,0.0082,-0.1102,-2.3614,-0.02466,1507
17204,2,-0.01169,-0.56287,-0.0009,-0.0661,-2.3583,-0.01771,1505
17214,2,-0.01161,-0.56374,0.0194,-0.0745,-2.1456,-0.01744,1513
17224,2,-0.01163,-0.56287,0.0034,-0.0099,-2.1533,-0.01413,1514
17234,2,-0.01165,-0.56287,0.0029,-0.0059,-2.1511,-0.01435,1532
17244,2,-0.01154,-0.56287,0.0194,-0.0036,-1.9467,-0.01548,1485
17254,2,-0.01153,-0.56287,-0.0030,-0.0021,-2.1954,-0.00970,1493
17264,2,-0.01218,-0.56198,0.0013,0.0341,-2.1110,-0.04489,1491
17274,2,-0.01304,-0.56198,0.0726,0.0205,-1.4241,-0.09249,1504
17284,2,-0.01292,-0.56287,0.1769,-0.0231,-0.3500,-0.09559,1503
17294,2,-0.01246,-0.56287,0.1843,-0.0139,-0.1960,-0.08165,1507
17304,2,-0.01241,-0.56198,0.1806,0.0271,-0.1214,-0.09997,1499
17314,2,-0.01141,-0.55762,0.2455,0.1908,1.1585,-0.08425,1483
17324,2,-0.00823,-0.55238,0.3551,0.3238,3.0774,-0.02649,1485
17334,2,-0.00520,-0.53929,0.1939,0.7180,2.6272,0.04909,1494
17344,2,-0.00493,-0.52272,-0.0642,1.0936,0.7678,0.04061,1497
17354,2,-0.00652,-0.50439,-0.1084,1.3892,0.9391,-0.03156,1511
17364,2,-0.00583,-0.49042,0.0555,1.3926,2.8971,0.00061,1512
17374,2,-0.00350,-0.47734,0.0779,1.3586,3.3110,0.07432,1523
17384,2,-0.00230,-0.46425,-0.0695,1.3389,1.7289,0.09221,1506
17394,2,-0.00382,-0.44853,-0.2669,1.4320,-0.3775,0.05351,1491
17404,2,-0.00628,-0.43633,-0.2009,1.3475,-0.0740,-0.02856,1487
17414,2,-0.00621,-0.42847,0.0114,1.1228,1.7501,-0.00824,1502
17424,2,-0.00397,-0.42323,0.0944,0.8830,2.2753,0.06072,1504
17434,2,-0.00247,-0.41800,-0.0046,0.7392,0.9247,0.07499,1495
17444,2,-0.00283,-0.41188,-0.0855,0.6883,-0.1529,0.02143,1486
17454,2,-0.00294,-0.40927,-0.0136,0.5173,0.1969,-0.00141,1493
17464,2,-0.00170,-0.40927,0.0630,0.3104,0.6312,0.02894,1496
17474,2,-0.00003,-0.41014,0.0534,0.1514,0.2581,0.05689,1508
17484,2,0.00077,-0.41188,-0.0067,0.0213,-0.6972,0.04415,1507
17494,2,0.00075,-0.41451,-0.0078,-0.0922,-1.0208,0.00340,1528
17504,2,0.00148,-0.41974,0.0619,-0.2647,-0.6323,0.00688,1485
17514,2,0.00307,-0.42497,0.0853,-0.3682,-0.4990,0.03992,1483
17524,2,0.00426,-0.43109,0.0316,-0.4656,-1.2643,0.04794,1479
17534,2,0.00444,-0.43633,-0.0168,-0.4887,-1.8669,0.02181,1502
17544,2,0.00414,-0.44243,-0.0232,-0.5374,-2.1097,0.00093,1504
17554,2,0.00424,-0.44942,0.0013,-0.6020,-2.0089,0.00852,1511
17564,2,0.00435,-0.45726,0.0045,-0.6749,-2.1714,0.00789,1524
17574,2,0.00461,-0.46512,0.0444,-0.7193,-1.8273,-0.00454,1534
17584,2,0.00501,-0.47472,0.0598,-0.8155,-1.8897,-0.00528,1485
17594,2,0.00556,-0.48433,0.0853,-0.8738,-1.7208,-0.00963,1496
17604,2,0.00671,-0.49478,0.1268,-0.9424,-1.3410,0.00101,1521
17614,2,0.00800,-0.50439,0.0949,-0.9499,-1.6150,0.02488,1530
17624,2,0.00870,-0.51312,0.0092,-0.9191,-2.4504,0.03902,1489
17634,2,0.00785,-0.52010,-0.0951,-0.8304,-3.4891,0.01314,1502
17644,2,0.00631,-0.52795,-0.1020,-0.8126,-3.6849,-0.01998,1497
17654,2,0.00537,-0.53406,-0.0115,-0.7317,-2.5458,-0.03568,1504
17664,2,0.00539,-0.54192,-0.0227,-0.7533,-2.7433,0.01756,1507
17674,2,0.00429,-0.54628,-0.1105,-0.6266,-3.5127,0.00477,1516
17684,2,0.00221,-0.54977,-0.1637,-0.5157,-4.0275,-0.01990,1484
17694,2,0.00035,-0.55414,-0.1238,-0.4840,-3.6805,-0.03108,1491
17704,2,-0.00066,-0.55850,-0.0541,-0.4650,-2.9461,-0.02395,1485
17714,2,-0.00142,-0.56374,-0.0573,-0.4883,-3.1281,-0.01049,1503
17724,2,-0.00259,-0.56810,-0.0732,-0.4676,-3.3763,-0.02494,1507
17734,2,-0.00335,-0.57246,-0.0110,-0.4551,-2.7192,-0.03555,1513
17744,2,-0.00339,-0.57683,0.0045,-0.4476,-2.5364,-0.00770,1499
17754,2,-0.00371,-0.58032,-0.0328,-0.4083,-2.8902,-0.00310,1511
17764,2,-0.00454,-0.58380,-0.0477,-0.3842,-3.0822,-0.02251,1507
17774,2,-0.00525,-0.58554,-0.0057,-0.3001,-2.4528,-0.03784,1528
17784,2,-0.00544,-0.58904,-0.0030,-0.3198,-2.5004,-0.01335,1528
17794,2,-0.00605,-0.58990,-0.0190,-0.2267,-2.4926,-0.02710,1491
17804,2,-0.00652,-0.59077,-0.0232,-0.1708,-2.4390,-0.01869,1485
17814,2,-0.00728,-0.59077,-0.0232,-0.1025,-2.3298,-0.03362,1491
17824,2,-0.00767,-0.59077,-0.0035,-0.0615,-2.0347,-0.02531,1492
17834,2,-0.00802,-0.59077,0.0007,-0.0369,-1.9548,-0.02595,1507
17844,2,-0.00848,-0.58904,-0.0094,0.0474,-1.8848,-0.02671,1511
17854,2,-0.00871,-0.58730,-0.0019,0.0980,-1.6836,-0.01906,1529
17864,2,-0.00870,-0.58554,-0.0003,0.1290,-1.5790,-0.00840,1506
17874,2,-0.00856,-0.58380,0.0002,0.1470,-1.5077,-0.00156,1512
17884,2,-0.00877,-0.58205,-0.0248,0.1584,-1.7775,-0.00678,1513
17894,2,-0.00889,-0.58032,-0.0163,0.1640,-1.6745,-0.00668,1535
17904,2,-0.00851,-0.57857,0.0071,0.1686,-1.3570,0.00675,1485
17914,2,-0.00808,-0.57770,-0.0009,0.1359,-1.4910,0.01406,1493
17924,2,-0.00822,-0.57596,-0.0339,0.1511,-1.8341,0.00185,1494
17934,2,-0.00868,-0.57507,-0.0333,0.1261,-1.9388,-0.01512,1501
17944,2,-0.00860,-0.57507,0.0013,0.0757,-1.6743,-0.00516,1508
17954,2,-0.00811,-0.57507,0.0071,0.0454,-1.6421,0.01245,1523
17964,2,-0.00799,-0.57507,-0.0067,0.0272,-1.8354,0.00154,1485
17974,2,-0.00790,-0.57507,-0.0019,0.0163,-1.8017,-0.00248,1491
17984,2,-0.00790,-0.57507,-0.0046,0.0098,-1.8495,-0.00570,1490
17994,2,-0.00792,-0.57507,-0.0019,0.0059,-1.8319,-0.00799,1503
18004,2,-0.00786,-0.57507,0.0039,0.0035,-1.7652,-0.00638,1505
18014,2,-0.00780,-0.57596,0.0076,-0.0333,-1.8178,-0.00876,1525
18024,2,-0.00811,-0.57596,-0.0014,-0.0200,-1.9150,-0.02298,1498
18034,2,-0.00830,-0.57683,-0.0003,-0.0468,-1.9953,-0.01786,1508
18044,2,-0.00854,-0.57683,0.0194,-0.0281,-1.7450,-0.02990,1501
18054,2,-0.00904,-0.57683,0.0529,-0.0168,-1.3837,-0.06037,1527
18064,2,-0.00913,-0.57683,0.1205,-0.0101,-0.6090,-0.07387,1521
18074,2,-0.00887,-0.57596,0.2141,0.0287,0.5825,-0.10319,1486
18084,2,-0.00762,-0.57507,0.3360,0.0526,2.1507,-0.11303,1477
18094,2,-0.00630,-0.57159,0.3929,0.1707,3.2472,-0.13692,1491
18104,2,-0.00504,-0.56548,0.5121,0.3472,5.2055,-0.19772,1494
18114,2,-0.00185,-0.55675,0.7340,0.5574,8.6093,-0.20977,1514
18124,2,0.00281,-0.54016,0.7127,0.9979,10.0354,-0.12014,1507
18134,2,0.00698,-0.51486,0.5275,1.6107,10.0342,-0.04837,1530
18144,2,0.01044,-0.48170,0.2035,2.2927,8.5902,0.08144,1507
18154,2,0.01078,-0.44417,-0.1664,2.8771,6.0701,0.11095,1491
18164,2,0.00952,-0.39442,-0.4010,3.7160,5.6301,0.14724,1493
18174,2,0.00605,-0.34470,-0.5324,4.2187,5.2422,0.09901,1507
18184,2,0.00077,-0.29932,-0.7687,4.3464,2.4759,0.12101,1504
18194,2,-0.00657,-0.25655,-0.7570,4.3187,1.8961,0.00499,1492
18204,2,-0.01248,-0.21292,-0.6218,4.3362,2.9771,0.00294,1497
18214,2,-0.01711,-0.17191,-0.5026,4.2423,3.6988,0.00272,1506
18224,2,-0.02118,-0.13263,-0.4893,4.1165,3.1858,0.01960,1502
18234,2,-0.02536,-0.09511,-0.6038,3.9707,1.1600,0.06767,1495
18244,2,-0.03281,-0.05759,-0.8139,3.8833,-2.1139,0.00161,1499
18254,2,-0.03894,-0.02267,-0.5468,3.7265,-0.0431,-0.07210,1510
18264,2,-0.04027,0.00699,-0.2387,3.4224,2.5565,0.01286,1488
18274,2,-0.04043,0.03143,-0.2228,3.0312,1.7177,0.06312,1504
18284,2,-0.04104,0.05324,-0.2472,2.6909,0.5073,0.05161,1500
18294,2,-0.04243,0.07156,-0.2664,2.3476,-0.7321,0.02150,1515
18304,2,-0.04420,0.08554,-0.2036,1.9676,-1.1865,-0.03067,1514
18314,2,-0.04378,0.09251,0.0321,1.4595,0.1745,-0.03903,1534
18324,2,-0.04061,0.09512,0.2343,0.9801,1.4938,0.00093,1490
18334,2,-0.03648,0.09599,0.2476,0.6228,1.0902,0.04572,1492
18344,2,-0.03318,0.09599,0.1503,0.3737,-0.3585,0.05692,1491
18354,2,-0.03109,0.09599,0.0758,0.2242,-1.3995,0.03538,1496
18364,2,-0.02901,0.09251,0.0986,-0.0046,-1.5575,0.02559,1505
18374,2,-0.02671,0.08641,0.1141,-0.2469,-1.8188,0.03145,1523
18384,2,-0.02504,0.08029,0.0752,-0.3929,-2.4987,0.02077,1485
18394,2,-0.02375,0.07156,0.0923,-0.5849,-2.7101,-0.00509,1491
18404,2,-0.02222,0.06197,0.1274,-0.7348,-2.5826,-0.00935,1485
18414,2,-0.02068,0.05150,0.0805,-0.8596,-3.3167,0.01591,1497
18424,2,-0.01985,0.03928,0.0497,-1.0047,-3.9973,-0.00349,1498
18434,2,-0.01871,0.02357,0.1274,-1.2308,-3.6406,-0.02504,1525
18444,2,-0.01626,0.00525,0.1934,-1.4715,-3.3330,0.00962,1513
18454,2,-0.01367,-0.01395,0.1316,-1.6507,-4.2953,0.04991,1504
18464,2,-0.01330,-0.03053,-0.0174,-1.6539,-5.9858,0.01383,1506
18474,2,-0.01403,-0.04799,0.0284,-1.6906,-5.6695,-0.06498,1510
18484,2,-0.01231,-0.06805,0.2572,-1.8170,-3.2848,-0.05460,1523
18494,2,-0.00882,-0.08727,0.2540,-1.8586,-3.1278,0.03833,1533
18504,2,-0.00801,-0.10121,-0.0003,-1.6730,-5.4569,0.03312,1506
18514,2,-0.01074,-0.11343,-0.1499,-1.4927,-6.9560,-0.07235,1491
18524,2,-0.01300,-0.12915,0.0092,-1.5243,-5.4882,-0.13083,1491
18534,2,-0.01141,-0.14746,0.3019,-1.6470,-2.3806,-0.08299,1504
18544,2,-0.00789,-0.16405,0.2710,-1.6516,-2.4293,0.03268,1498
18554,2,-0.00768,-0.17453,0.0135,-1.4103,-4.6976,-0.00366,1510
18564,2,-0.00998,-0.18326,-0.0402,-1.1953,-4.9709,-0.10515,1509
18574,2,-0.01058,-0.19371,0.1455,-1.1353,-2.7834,-0.11305,1491
18584,2,-0.00808,-0.20506,0.3072,-1.1353,-0.7278,-0.03671,1485
18594,2,-0.00536,-0.21292,0.2141,-0.9955,-1.1572,0.02336,1491
18604,2,-0.00583,-0.21815,-0.0184,-0.8066,-3.3400,-0.01997,1485
18614,2,-0.00782,-0.22165,-0.0206,-0.6238,-3.0740,-0.09690,1502
18624,2,-0.00739,-0.22601,0.1678,-0.5488,-0.7059,-0.07011,1503
18634,2,-0.00495,-0.23125,0.2152,-0.5386,0.0862,0.00933,1504
18644,2,-0.00396,-0.23387,0.0555,-0.4282,-1.3332,0.01821,1510
18654,2,-0.00498,-0.23299,-0.0339,-0.2215,-1.8902,-0.03937,1507
18664,2,-0.00581,-0.23299,0.0151,-0.1329,-1.1786,-0.05465,1484
18674,2,-0.00504,-0.23299,0.0997,-0.0797,-0.0027,-0.01648,1500
18684,2,-0.00404,-0.23299,0.0470,-0.0478,-0.4160,0.02260,1493
18694,2,-0.00454,-0.22951,-0.0567,0.1105,-1.2095,-0.00128,1536
18704,2,-0.00550,-0.22688,-0.0488,0.1713,-1.0454,-0.02933,1489
18714,2,-0.00578,-0.22339,-0.0057,0.2425,-0.3864,-0.01666,1505
18724,2,-0.00562,-0.22165,-0.0057,0.2151,-0.4416,0.00495,1498
18734,2,-0.00604,-0.21642,-0.0775,0.3384,-0.9556,0.01197,1511
18744,2,-0.00736,-0.21292,-0.1142,0.3428,-1.4827,-0.01658,1508
18754,2,-0.00836,-0.20856,-0.0716,0.3802,-0.9895,-0.02243,1541
18764,2,-0.00862,-0.20506,-0.0567,0.3679,-0.8727,0.00681,1527
18774,2,-0.00912,-0.20157,-0.0833,0.3605,-1.2366,0.00737,1483
18784,2,-0.01020,-0.19807,-0.0988,0.3561,-1.5223,-0.01482,1488
18794,2,-0.01141,-0.19547,-0.0919,0.3180,-1.6586,-0.02558,1503
18804,2,-0.01203,-0.19286,-0.0599,0.2952,-1.4141,-0.01312,1497
18814,2,-0.01187,-0.19023,-0.0099,0.2821,-0.8621,0.00114,1511
18824,2,-0.01220,-0.18762,-0.0796,0.2736,-1.7017,0.01117,1505
18834,2,-0.01338,-0.18500,-0.0956,0.2692,-2.0056,-0.02495,1534
18844,2,-0.01382,-0.18326,-0.0126,0.2311,-1.2068,-0.02936,1533
18854,2,-0.01348,-0.18326,-0.0025,0.1386,-1.3074,0.00456,1492
18864,2,-0.01374,-0.18150,-0.0519,0.1534,-1.8508,-0.00087,1486
18874,2,-0.01442,-0.17976,-0.0472,0.1616,-1.8371,-0.02454,1498
18884,2,-0.01452,-0.17889,0.0050,0.1318,-1.3347,-0.02210,1496
18894,2,-0.01433,-0.17889,-0.0110,0.0791,-1.6381,0.00078,1509
18904,2,-0.01469,-0.17714,-0.0285,0.1176,-1.7658,-0.01854,1509
18914,2,-0.01473,-0.17714,-0.0014,0.0706,-1.5886,-0.01609,1531
18924,2,-0.01471,-0.17714,0.0007,0.0423,-1.6385,-0.01424,1528
18934,2,-0.01488,-0.17714,-0.0126,0.0254,-1.8509,-0.01695,1534
18944,2,-0.01490,-0.17714,0.0023,0.0152,-1.7113,-0.01701,1510
18954,2,-0.01496,-0.17714,-0.0099,0.0091,-1.8722,-0.01306,1497
18964,2,-0.01505,-0.17714,0.0029,0.0055,-1.7460,-0.02091,1492
18974,2,-0.01505,-0.17714,-0.0003,0.0033,-1.7881,-0.01489,1534
18984,2,-0.01498,-0.17714,0.0045,0.0020,-1.7304,-0.01362,1503
18994,2,-0.01505,-0.17714,0.0023,0.0012,-1.7638,-0.01993,1493
19004,2,-0.01511,-0.17714,0.0002,0.0007,-1.7952,-0.01826,1491
19014,2,-0.01515,-0.17714,-0.0009,0.0004,-1.8118,-0.01667,1503
19024,2,-0.01510,-0.17714,0.0082,0.0003,-1.7043,-0.01639,1509
19034,2,-0.01501,-0.17714,0.0007,0.0002,-1.7809,-0.01124,1523
19044,2,-0.01505,-0.17714,0.0013,0.0001,-1.7788,-0.01760,1499
19054,2,-0.01499,-0.17714,0.0071,0.0001,-1.7064,-0.01536,1509
19064,2,-0.01500,-0.17714,-0.0046,0.0000,-1.8398,-0.01311,1506
19074,2,-0.01508,-0.17714,0.0034,0.0000,-1.7575,-0.02087,1493
19084,2,-0.01510,-0.17714,0.0029,0.0000,-1.7651,-0.01736,1497
19094,2,-0.01513,-0.17714,0.0002,0.0000,-1.7981,-0.01668,1535
19104,2,-0.01532,-0.17714,-0.0035,0.0000,-1.8590,-0.02313,1510
19114,2,-0.01538,-0.17714,-0.0041,0.0000,-1.8715,-0.01666,1495
19124,2,-0.01545,-0.17714,-0.0083,0.0000,-1.9266,-0.01484,1490
19134,2,-0.01538,-0.17714,0.0055,0.0000,-1.7632,-0.01467,1510
19144,2,-0.01536,-0.17714,0.0018,0.0000,-1.8033,-0.01519,1502
19154,2,-0.01543,-0.17714,-0.0009,0.0000,-1.8403,-0.01855,1506
19164,2,-0.01547,-0.17714,-0.0019,0.0000,-1.8559,-0.01633,1521
19174,2,-0.01552,-0.17714,0.0007,0.0000,-1.8310,-0.01854,1530
19184,2,-0.01555,-0.17714,-0.0019,0.0000,-1.8641,-0.01612,1534
19194,2,-0.01561,-0.17714,-0.0057,0.0000,-1.9114,-0.01538,1513
19204,2,-0.01559,-0.17714,0.0029,0.0000,-1.8135,-0.01628,1511
19214,2,-0.01544,-0.17714,0.0082,0.0000,-1.7386,-0.01204,1526
19224,2,-0.01553,-0.17714,0.0018,0.0000,-1.8200,-0.02109,1499
19234,2,-0.01552,-0.17714,0.0023,0.0000,-1.8124,-0.01585,1514
19244,2,-0.01556,-0.17714,-0.0035,0.0000,-1.8832,-0.01613,1485
19254,2,-0.01562,-0.17714,-0.0030,0.0000,-1.8828,-0.01700,1496
19264,2,-0.01569,-0.17714,0.0007,0.0000,-1.8469,-0.01930,1493
19274,2,-0.01569,-0.17714,0.0029,0.0000,-1.8230,-0.01720,1506
19284,2,-0.01569,-0.17714,0.0050,0.0000,-1.7993,-0.01839,1512
19294,2,-0.01581,-0.17714,-0.0078,0.0000,-1.9555,-0.01785,1526
19304,2,-0.01585,-0.17714,-0.0003,0.0000,-1.8751,-0.01775,1521
19314,2,-0.01593,-0.17714,-0.0041,0.0000,-1.9253,-0.01799,1536
19324,2,-0.01595,-0.17714,0.0082,0.0000,-1.7885,-0.02099,1509
19334,2,-0.01603,-0.17714,-0.0009,0.0000,-1.8984,-0.01939,1491
19344,2,-0.01605,-0.17714,0.0018,0.0000,-1.8699,-0.01778,1495
19354,2,-0.01599,-0.17714,0.0071,0.0000,-1.8041,-0.01674,1507
19364,2,-0.01600,-0.17714,0.0018,0.0000,-1.8658,-0.01760,1503
19374,2,-0.01611,-0.17714,-0.0211,0.0000,-2.1356,-0.01103,1511
19384,2,-0.01628,-0.17714,0.0082,0.0000,-1.8206,-0.02884,1490
19394,2,-0.01613,-0.17714,-0.0057,0.0000,-1.9621,-0.00547,1529
19404,2,-0.01613,-0.17714,-0.0009,0.0000,-1.9086,-0.01609,1505
19414,2,-0.01614,-0.17801,0.0007,-0.0348,-1.9859,-0.01678,1512
19424,2,-0.01644,-0.17801,-0.0243,-0.0209,-2.2615,-0.01946,1489
19434,2,-0.01665,-0.17801,-0.0030,-0.0125,-2.0181,-0.02545,1497
19444,2,-0.01635,-0.17889,0.0194,-0.0429,-1.8185,-0.01091,1502
19454,2,-0.01632,-0.17976,0.0039,-0.0605,-2.0401,-0.01721,1514
19464,2,-0.01643,-0.17976,0.0061,-0.0363,-1.9614,-0.02477,1493
19474,2,-0.01648,-0.17976,0.0039,-0.0218,-1.9510,-0.02072,1504
19484,2,-0.01641,-0.17976,0.0178,-0.0131,-1.7644,-0.02193,1502
19494,2,-0.01644,-0.17976,-0.0003,-0.0078,-1.9584,-0.01788,1511
19504,2,-0.01649,-0.17976,0.0002,-0.0047,-1.9485,-0.01893,1521
19514,2,-0.01638,-0.17889,0.0023,0.0320,-1.8138,-0.01205,1530
19524,2,-0.01608,-0.17889,-0.0083,0.0192,-1.9400,0.00272,1531
19534,2,-0.01582,-0.17801,-0.0557,0.0469,-2.3749,0.02514,1495
19544,2,-0.01513,-0.17714,-0.0897,0.0629,-2.6487,0.06424,1494
19554,2,-0.01478,-0.17801,-0.2079,0.0030,-4.1147,0.10687,1507
19564,2,-0.01585,-0.17801,-0.3127,0.0018,-5.4103,0.08670,1504
19574,2,-0.01827,-0.18150,-0.3255,-0.1387,-6.1742,0.02350,1523
19584,2,-0.02037,-0.18936,-0.2031,-0.3976,-5.7015,-0.02392,1532
19594,2,-0.02140,-0.20332,-0.0716,-0.7970,-5.4096,-0.03691,1535
19604,2,-0.02137,-0.21815,0.0454,-1.0715,-4.8441,-0.04272,1484
19614,2,-0.01978,-0.23561,0.1056,-1.3411,-4.7620,0.00737,1496
19624,2,-0.01902,-0.25481,0.1370,-1.5725,-4.9882,-0.04965,1494
19634,2,-0.01711,-0.27663,0.2428,-1.8163,-4.2963,-0.04318,1508
19644,2,-0.01412,-0.29843,0.2838,-1.9620,-3.9711,-0.00660,1508
19654,2,-0.01253,-0.31764,0.1667,-1.9456,-5.1330,-0.01627,1531
19664,2,-0.01231,-0.33684,0.1534,-1.9352,-5.2693,-0.07797,1531
19674,2,-0.01012,-0.35779,0.3743,-1.9991,-2.7642,-0.08792,1491
19684,2,-0.00485,-0.38048,0.4562,-2.1071,-1.6524,0.03063,1485
19694,2,-0.00079,-0.39967,0.3088,-2.0321,-2.7595,0.04792,1499
19704,2,0.00054,-0.41713,0.1859,-1.9175,-3.7467,-0.02586,1497
19714,2,0.00245,-0.43806,0.3141,-1.9879,-2.3352,-0.05937,1514
19724,2,0.00675,-0.45815,0.3727,-1.9960,-1.3107,0.03549,1487
19734,2,0.00982,-0.47560,0.1843,-1.8958,-2.9086,0.07099,1499
19744,2,0.00980,-0.49042,0.0241,-1.7301,-4.3072,-0.00303,1498
19754,2,0.00962,-0.50700,0.0768,-1.7015,-3.6814,-0.03765,1509
19764,2,0.01143,-0.52359,0.1731,-1.6844,-2.3982,0.01533,1510
19774,2,0.01342,-0.53755,0.0311,-1.5691,-3.5300,0.09727,1523
19784,2,0.01167,-0.54802,-0.2148,-1.3602,-5.9442,0.03164,1487
19794,2,0.00817,-0.55850,-0.2270,-1.2354,-6.1090,-0.05331,1491
19804,2,0.00674,-0.57159,-0.0030,-1.2649,-3.8146,-0.06351,1484
19814,2,0.00766,-0.58554,0.0800,-1.3168,-2.9486,0.01395,1496
19824,2,0.00800,-0.59602,-0.0355,-1.2094,-3.9551,0.04243,1501
19834,2,0.00608,-0.60475,-0.1594,-1.0748,-5.2021,-0.01033,1509
19844,2,0.00357,-0.61348,-0.1568,-0.9940,-5.2162,-0.04353,1508
19854,2,0.00241,-0.62308,-0.0461,-0.9803,-4.0564,-0.03248,1491
19864,2,0.00228,-0.63441,0.0034,-1.0417,-3.6933,-0.00562,1486
19874,2,0.00181,-0.64488,-0.0030,-1.0437,-3.8363,-0.02031,1499
19884,2,0.00171,-0.65710,0.0731,-1.1151,-3.1982,-0.03994,1492
19894,2,0.00306,-0.67107,0.1401,-1.2275,-2.6339,0.00055,1491
19904,2,0.00456,-0.68240,0.0656,-1.1900,-3.2517,0.04660,1492
19914,2,0.00411,-0.69026,-0.0828,-1.0283,-4.5577,0.02328,1503
19924,2,0.00224,-0.69812,-0.1626,-0.9313,-5.3992,-0.01027,1498
19934,2,0.00011,-0.70511,-0.1541,-0.8383,-5.2739,-0.02925,1516
19944,2,-0.00095,-0.71208,-0.0716,-0.7819,-4.3045,-0.01812,1512
19954,2,-0.00126,-0.72081,-0.0003,-0.8183,-3.6405,-0.01659,1528
19964,2,-0.00149,-0.72954,0.0045,-0.8401,-3.6830,-0.01515,1529
19974,2,-0.00179,-0.73740,0.0050,-0.8184,-3.6620,-0.01907,1491
19984,2,-0.00170,-0.74612,0.0390,-0.8402,-3.3418,-0.01670,1484
19994,2,-0.00141,-0.75397,0.0518,-0.8178,-3.1236,-0.01300,1491
20004,2,-0.00118,-0.76270,0.0348,-0.8398,-3.3690,-0.00708,1487
20014,2,-0.00116,-0.77055,0.0497,-0.8182,-3.1547,-0.02494,1497
20024,2,-0.00097,-0.77928,0.0470,-0.8401,-3.2414,-0.01527,1499
20034,2,-0.00043,-0.78625,0.0907,-0.7830,-2.5539,-0.01871,1510
20044,2,0.00058,-0.79498,0.0986,-0.8189,-2.4773,0.00174,1509
20054,2,0.00116,-0.80284,0.0513,-0.8057,-2.9354,0.00487,1525
20064,2,0.00128,-0.80983,0.0412,-0.7629,-2.9371,-0.01364,1528
20074,2,0.00148,-0.81593,0.0390,-0.7019,-2.7893,-0.00811,1494
20084,2,0.00179,-0.82204,0.0364,-0.6653,-2.7019,-0.00080,1488
20094,2,0.00195,-0.82814,0.0476,-0.6433,-2.5116,-0.01362,1495
20104,2,0.00190,-0.83339,0.0353,-0.5959,-2.5375,-0.01818,1485
20114,2,0.00193,-0.83949,0.0220,-0.6017,-2.7125,-0.00790,1503
20124,2,0.00228,-0.84473,0.0566,-0.5704,-2.2115,-0.00817,1498
20134,2,0.00286,-0.84909,0.0523,-0.5168,-2.0675,0.00561,1508
20144,2,0.00290,-0.85172,-0.0009,-0.4151,-2.3989,0.00505,1504
20154,2,0.00247,-0.85432,-0.0179,-0.3534,-2.4729,-0.00995,1512
20164,2,0.00218,-0.85695,-0.0046,-0.3170,-2.2581,-0.01017,1511
20174,2,0.00177,-0.85782,-0.0051,-0.2250,-2.0582,-0.01581,1525
20184,2,0.00174,-0.85957,0.0119,-0.2052,-1.8183,-0.00570,1500
20194,2,0.00182,-0.85957,0.0039,-0.1231,-1.6812,0.00369,1505
20204,2,0.00160,-0.85957,-0.0035,-0.0739,-1.6553,-0.00778,1503
20214,2,0.00136,-0.85957,0.0045,-0.0443,-1.5083,-0.01249,1527
20224,2,0.00120,-0.85869,0.0018,0.0088,-1.4104,-0.00793,1521
20234,2,0.00118,-0.85695,0.0034,0.0749,-1.2137,-0.00139,1536
20244,2,0.00119,-0.85521,-0.0067,0.1145,-1.2177,0.00507,1530
20254,2,0.00117,-0.85432,-0.0126,0.1041,-1.3128,0.00618,1491
20264,2,0.00123,-0.85258,0.0029,0.1320,-1.0535,0.00306,1487
20274,2,0.00135,-0.85085,-0.0067,0.1488,-1.1028,0.01039,1491
20284,2,0.00139,-0.84909,-0.0025,0.1595,-1.0183,0.00491,1484
20294,2,0.00160,-0.84735,0.0029,0.1653,-0.9193,0.01040,1501
20304,2,0.00177,-0.84560,-0.0083,0.1693,-1.0147,0.01463,1488
20314,2,0.00162,-0.84386,-0.0168,0.1712,-1.1180,0.00240,1506
20324,2,0.00141,-0.84212,-0.0120,0.1723,-1.0778,-0.00291,1504
20334,2,0.00152,-0.84123,-0.0014,0.1388,-1.0350,0.00758,1514
20344,2,0.00199,-0.84123,0.0178,0.0833,-0.9206,0.01680,1523
20354,2,0.00231,-0.84036,0.0034,0.0847,-1.0471,0.01636,1529
20364,2,0.00244,-0.84036,-0.0030,0.0508,-1.1970,0.01077,1511
20374,2,0.00240,-0.84036,-0.0035,0.0305,-1.2622,0.00177,1492
20384,2,0.00255,-0.84036,-0.0041,0.0183,-1.2860,0.01223,1494
20394,2,0.00280,-0.84036,0.0167,0.0110,-1.0464,0.00686,1502
20404,2,0.00312,-0.84123,0.0034,-0.0282,-1.2721,0.01764,1532
20414,2,0.00270,-0.84123,-0.0296,-0.0169,-1.6571,-0.00377,1539
20424,2,0.00245,-0.84212,-0.0035,-0.0456,-1.4637,-0.00788,1493
20434,2,0.00303,-0.84299,0.0422,-0.0621,-0.9356,0.01050,1505
20444,2,0.00333,-0.84386,-0.0078,-0.0721,-1.5007,0.02243,1496
20454,2,0.00294,-0.84299,-0.0163,-0.0084,-1.4632,-0.00848,1510
20464,2,0.00275,-0.84299,-0.0025,-0.0051,-1.3154,-0.00526,1511
20474,2,0.00262,-0.84299,-0.0041,-0.0030,-1.3411,-0.00201,1526
20484,2,0.00283,-0.84386,0.0146,-0.0366,-1.2013,0.00601,1533
20494,2,0.00291,-0.84299,0.0013,0.0128,-1.2098,0.00643,1537
20504,2,0.00258,-0.84299,-0.0190,0.0077,-1.4849,-0.00450,1536
20514,2,0.00237,-0.84299,-0.0014,0.0046,-1.3150,-0.00759,1491
20524,2,0.00246,-0.84299,0.0055,0.0028,-1.2328,0.00420,1487
20534,2,0.00265,-0.84299,-0.0025,0.0017,-1.3079,0.01325,1500
20544,2,0.00257,-0.84212,-0.0104,0.0358,-1.3122,0.00421,1497
20554,2,0.00231,-0.84212,-0.0030,0.0215,-1.2920,-0.00938,1513
20564,2,0.00186,-0.84123,-0.0014,0.0483,-1.2446,-0.02010,1510
20574,2,0.00191,-0.84123,0.0534,0.0290,-0.6708,-0.02237,1529
20584,2,0.00187,-0.84123,0.0593,0.0174,-0.6393,-0.02967,1524
20594,2,0.00172,-0.84036,0.1034,0.0452,-0.0773,-0.05741,1483
20604,2,0.00220,-0.83949,0.1726,0.0619,0.7999,-0.05994,1477
20614,2,0.00343,-0.83775,0.2466,0.1067,1.8811,-0.05833,1494
20624,2,0.00465,-0.83426,0.2492,0.2038,2.2968,-0.05908,1499
20634,2,0.00566,-0.82990,0.2476,0.2968,2.6352,-0.06744,1509
20644,2,0.00705,-0.82204,0.2961,0.4924,3.8582,-0.07156,1506
20654,2,0.00910,-0.81331,0.3727,0.6446,5.3500,-0.07486,1528
20664,2,0.01148,-0.80110,0.4291,0.8750,6.8619,-0.08388,1485
20674,2,0.01385,-0.78539,0.4078,1.1537,7.6277,-0.07178,1491
20684,2,0.01516,-0.76445,0.2886,1.5296,7.4523,-0.06338,1485
20694,2,0.01502,-0.73651,0.1667,2.0353,7.4647,-0.07582,1499
20704,2,0.01490,-0.70161,0.0736,2.6171,8.0229,-0.02753,1498
20714,2,0.01308,-0.65797,-0.1302,3.3158,7.4901,-0.01300,1512
20724,2,0.01181,-0.61086,-0.2063,3.8743,8.0879,0.05135,1527
20734,2,0.00910,-0.56111,-0.4973,4.3143,5.7974,0.12227,1491
20744,2,0.00235,-0.50439,-0.7527,4.8573,3.8051,0.04118,1485
20754,2,-0.00430,-0.44942,-0.6761,5.1135,4.8123,0.00155,1497
20764,2,-0.00916,-0.40054,-0.5048,5.0230,6.1254,0.00003,1497
20774,2,-0.01155,-0.35342,-0.4313,4.8986,6.4768,0.08479,1505
20784,2,-0.01507,-0.30542,-0.5426,4.8593,4.8556,0.07999,1508
20794,2,-0.02192,-0.25481,-0.7644,4.9401,1.9827,0.01770,1523
20804,2,-0.02906,-0.21030,-0.6282,4.7445,2.3863,-0.07163,1500
20814,2,-0.03221,-0.16928,-0.3978,4.4873,4.0738,0.00898,1508
20824,2,-0.03494,-0.12653,-0.4968,4.4026,2.5376,0.07716,1504
20834,2,-0.04033,-0.08115,-0.6442,4.4567,0.5696,0.01194,1513
20844,2,-0.04508,-0.04100,-0.5649,4.2799,0.6037,0.00011,1526
20854,2,-0.04838,-0.00609,-0.4532,3.9644,0.7655,0.01327,1535
20864,2,-0.05025,0.02707,-0.3792,3.7049,0.7854,0.04574,1488
20874,2,-0.05258,0.05673,-0.3106,3.4095,0.5976,-0.01377,1495
20884,2,-0.05324,0.07855,-0.1328,2.9185,1.2693,-0.01998,1485
20894,2,-0.05127,0.09512,0.0438,2.4139,2.1407,0.02568,1496
20904,2,-0.04893,0.10997,0.0071,2.0422,0.9827,0.06407,1500
20914,2,-0.04836,0.12306,-0.0764,1.7490,-0.6696,0.01876,1514
20924,2,-0.04806,0.13266,-0.0083,1.4333,-0.6983,-0.02916,1527
20934,2,-0.04571,0.13615,0.1785,0.9998,0.4908,-0.01721,1533
20944,2,-0.04156,0.13702,0.2530,0.6346,0.7624,0.03956,1477
20954,2,-0.03786,0.13615,0.1981,0.3460,-0.2734,0.04789,1488
20964,2,-0.03525,0.13440,0.1077,0.1374,-1.6061,0.04136,1488
20974,2,-0.03345,0.13091,0.0779,-0.0573,-2.2963,0.01775,1508
20984,2,-0.03116,0.12393,0.1380,-0.3133,-2.0910,0.01428,1504
20994,2,-0.02858,0.11520,0.1598,-0.5371,-2.2079,0.02066,1514
21004,2,-0.02682,0.10472,0.1157,-0.7416,-3.1042,0.00323,1501
21014,2,-0.02551,0.09251,0.1529,-0.9332,-3.0907,-0.03648,1513
21024,2,-0.02301,0.07768,0.2519,-1.1532,-2.3432,-0.02425,1507
21034,2,-0.01954,0.06110,0.2897,-1.3554,-2.1491,0.00914,1523
21044,2,-0.01567,0.04277,0.2843,-1.5463,-2.3767,0.03586,1527
21054,2,-0.01281,0.02531,0.1338,-1.6260,-4.0489,0.06344,1538
21064,2,-0.01231,0.01048,-0.0285,-1.5689,-5.7123,0.02702,1485
21074,2,-0.01279,-0.00609,-0.0551,-1.6042,-6.1865,-0.00970,1495
21084,2,-0.01288,-0.02443,0.0124,-1.6961,-5.7098,-0.02351,1488
21094,2,-0.01144,-0.04449,0.0928,-1.8203,-5.0285,0.01428,1500
21104,2,-0.01109,-0.06456,0.0172,-1.8948,-6.0869,-0.00226,1501
21114,2,-0.01207,-0.08464,0.0422,-1.9401,-6.0569,-0.08185,1509
21124,2,-0.01105,-0.10907,0.2551,-2.1412,-4.1310,-0.08794,1506
21134,2,-0.00716,-0.13351,0.3338,-2.2625,-3.2293,0.02045,1491
21144,2,-0.00545,-0.15358,0.0774,-2.1601,-5.7298,0.04135,1484
21154,2,-0.00774,-0.16928,-0.0700,-1.9241,-7.0183,-0.08694,1494
21164,2,-0.00911,-0.18762,0.1141,-1.8881,-5.0033,-0.13459,1485
21174,2,-0.00598,-0.20856,0.4285,-1.9703,-1.3945,-0.06391,1493
21184,2,-0.00157,-0.22601,0.3296,-1.8804,-1.8768,0.05384,1496
21194,2,-0.00087,-0.23997,0.0891,-1.6867,-4.0381,-0.00992,1506
21204,2,-0.00163,-0.25394,0.1066,-1.5705,-3.6276,-0.09309,1510
21214,2,-0.00039,-0.26877,0.2476,-1.5356,-1.8433,-0.06254,1527
21224,2,0.00210,-0.28273,0.2620,-1.4798,-1.3132,-0.00420,1508
21234,2,0.00313,-0.29407,0.0864,-1.3414,-2.8509,0.01165,1491
21244,2,0.00217,-0.30106,-0.0088,-1.0844,-3.3473,-0.04152,1485
21254,2,0.00176,-0.30978,0.0374,-0.9997,-2.6522,-0.03760,1493
21264,2,0.00233,-0.31851,0.0502,-0.9490,-2.3316,0.00576,1498
21274,2,0.00261,-0.32375,-0.0009,-0.7787,-2.4356,0.01722,1515
21284,2,0.00162,-0.32811,-0.0823,-0.6418,-3.0951,-0.00668,1507
21294,2,0.00044,-0.33334,-0.0519,-0.5944,-2.7494,-0.03263,1523
21304,2,0.00029,-0.33945,-0.0019,-0.6008,-2.2256,-0.00622,1528
21314,2,0.00018,-0.34470,-0.0088,-0.5704,-2.2434,-0.00114,1491
21324,2,-0.00065,-0.34818,-0.0535,-0.4814,-2.5984,-0.01537,1484
21334,2,-0.00132,-0.35342,0.0002,-0.4988,-2.1106,-0.03461,1494
21344,2,-0.00109,-0.35866,0.0321,-0.5086,-1.7626,-0.00571,1493
21354,2,-0.00080,-0.36389,0.0369,-0.5145,-1.7054,-0.00474,1505
21364,2,-0.00041,-0.36826,0.0555,-0.4833,-1.3811,-0.00897,1513
21374,2,0.00003,-0.37349,0.0625,-0.4993,-1.3118,-0.00891,1523
21384,2,0.00079,-0.37872,0.0646,-0.5089,-1.2490,0.00647,1513
21394,2,0.00154,-0.38309,0.0497,-0.4799,-1.2754,0.01383,1533
21404,2,0.00174,-0.38658,-0.0003,-0.4277,-1.6881,0.01233,1485
21414,2,0.00174,-0.39095,0.0007,-0.4312,-1.6935,0.00131,1491
21424,2,0.00174,-0.39442,0.0002,-0.3979,-1.6171,0.00131,1488
21434,2,0.00203,-0.39879,0.0305,-0.4133,-1.2942,0.00143,1500
21444,2,0.00222,-0.40315,0.0023,-0.4225,-1.6276,0.01072,1495
21454,2,0.00203,-0.40752,0.0023,-0.4281,-1.6698,-0.00902,1508
21464,2,0.00193,-0.41101,-0.0009,-0.3966,-1.6375,-0.00251,1509
21474,2,0.00172,-0.41451,-0.0078,-0.3777,-1.6915,-0.00456,1523
21484,2,0.00125,-0.41800,0.0023,-0.3664,-1.5989,-0.02342,1484
21494,2,0.00099,-0.42236,-0.0009,-0.3944,-1.7442,-0.01196,1491
21504,2,0.00079,-0.42673,0.0284,-0.4112,-1.4854,-0.02347,1485
21514,2,0.00124,-0.43109,0.0662,-0.4213,-1.0481,-0.00914,1495
21524,2,0.00174,-0.43546,0.0582,-0.4273,-1.1138,-0.00233,1496
21534,2,0.00205,-0.43980,0.0523,-0.4303,-1.1661,-0.00873,1511
21544,2,0.00254,-0.44243,0.0561,-0.3632,-0.9010,-0.00107,1507
21554,2,0.00299,-0.44505,0.0289,-0.3229,-1.0611,0.01107,1503
21564,2,0.00327,-0.44766,0.0172,-0.2981,-1.1042,0.00890,1504
21574,2,0.00321,-0.44942,-0.0003,-0.2491,-1.1810,0.00021,1491
21584,2,0.00306,-0.45116,-0.0014,-0.2190,-1.1306,-0.00389,1491
21594,2,0.00285,-0.45203,-0.0041,-0.1662,-1.0404,-0.00524,1502
21604,2,0.00274,-0.45378,-0.0073,-0.1699,-1.1011,0.00055,1497
21614,2,0.00258,-0.45378,0.0029,-0.1019,-0.8199,-0.00682,1507
21624,2,0.00232,-0.45552,-0.0120,-0.1307,-1.0943,-0.00457,1505
21634,2,0.00201,-0.45552,-0.0003,-0.0784,-0.8516,-0.01330,1523
21644,2,0.00192,-0.45726,0.0146,-0.1166,-0.7970,-0.00973,1498
21654,2,0.00183,-0.45726,0.0108,-0.0700,-0.7227,-0.00802,1509
21664,2,0.00179,-0.45726,-0.0035,-0.0420,-0.8143,0.00154,1498
21674,2,0.00168,-0.45726,0.0061,-0.0252,-0.6720,-0.00711,1486
21684,2,0.00160,-0.45726,0.0018,-0.0151,-0.7005,-0.00304,1513
21694,2,0.00174,-0.45726,0.0002,-0.0091,-0.6896,0.00822,1523
21704,2,0.00177,-0.45639,0.0002,0.0293,-0.5813,0.00352,1501
21714,2,0.00176,-0.45639,-0.0030,0.0176,-0.6498,0.00283,1534
21724,2,0.00183,-0.45552,-0.0014,0.0454,-0.5493,0.00584,1482
21734,2,0.00182,-0.45465,-0.0051,0.0620,-0.5458,0.00412,1494
21744,2,0.00188,-0.45465,-0.0019,0.0372,-0.5702,0.00588,1497
21754,2,0.00191,-0.45378,-0.0035,0.0571,-0.5311,0.00480,1510
21764,2,0.00192,-0.45465,-0.0062,-0.0005,-0.7160,0.00572,1502
21774,2,0.00207,-0.45465,0.0034,-0.0003,-0.5927,0.00766,1508
21784,2,0.00228,-0.45465,0.0098,-0.0002,-0.4998,0.00777,1510
21794,2,0.00224,-0.45465,-0.0035,-0.0001,-0.6540,0.00207,1528
21804,2,0.00223,-0.45465,-0.0019,-0.0001,-0.6366,0.00280,1529
21814,2,0.00207,-0.45465,-0.0003,-0.0000,-0.6342,-0.00584,1483
21824,2,0.00196,-0.45465,-0.0046,-0.0000,-0.6925,-0.00090,1477
21834,2,0.00204,-0.45465,0.0045,-0.0000,-0.5828,0.00349,1486
21844,2,0.00217,-0.45552,0.0050,-0.0348,-0.6586,0.00636,1489
21854,2,0.00195,-0.45552,-0.0142,-0.0209,-0.8602,-0.00223,1496
21864,2,0.00178,-0.45552,-0.0126,-0.0125,-0.8356,-0.00007,1492
21874,2,0.00215,-0.45552,0.0263,-0.0075,-0.3467,0.00720,1507
21884,2,0.00217,-0.45552,-0.0147,-0.0045,-0.8006,0.01061,1510
21894,2,0.00173,-0.45465,-0.0243,0.0321,-0.8526,-0.00827,1484
21904,2,0.00184,-0.45465,0.0130,0.0193,-0.4535,0.00132,1477
21914,2,0.00202,-0.45552,-0.0025,-0.0232,-0.7265,0.01212,1483
21924,2,0.00194,-0.45465,-0.0003,0.0208,-0.5905,-0.00198,1483
21934,2,0.00188,-0.45465,-0.0003,0.0125,-0.6191,-0.00111,1495
21944,2,0.00183,-0.45465,-0.0030,0.0075,-0.6675,0.00082,1498
21954,2,0.00173,-0.45465,-0.0051,0.0045,-0.7088,-0.00039,1507
21964,2,0.00156,-0.45465,0.0007,0.0027,-0.6641,-0.00741,1499
21974,2,0.00152,-0.45552,-0.0030,-0.0332,-0.8086,0.00072,1507
21984,2,0.00162,-0.45552,0.0055,-0.0199,-0.6659,0.00432,1477
21994,2,0.00172,-0.45552,-0.0046,-0.0119,-0.7502,0.00856,1483
22004,2,0.00176,-0.45552,0.0066,-0.0072,-0.6062,0.00087,1489
22014,2,0.00180,-0.45552,0.0050,-0.0043,-0.6129,0.00120,1501
22024,2,0.00176,-0.45552,-0.0009,-0.0026,-0.6786,0.00011,1504
22034,2,0.00175,-0.45552,0.0039,-0.0015,-0.6222,-0.00050,1525
22044,2,0.00183,-0.45552,-0.0025,-0.0009,-0.6858,0.00668,1498
22054,2,0.00171,-0.45552,-0.0094,-0.0006,-0.7745,0.00057,1483
22064,2,0.00176,-0.45552,0.0061,-0.0003,-0.5943,0.00123,1490
22074,2,0.00180,-0.45552,-0.0025,-0.0002,-0.6868,0.00483,1499
22084,2,0.00177,-0.45552,0.0013,-0.0001,-0.6469,-0.00012,1501
22094,2,0.00194,-0.45552,0.0114,-0.0001,-0.5161,0.00451,1510
22104,2,0.00208,-0.45552,0.0018,-0.0000,-0.6101,0.00855,1490
22114,2,0.00205,-0.45552,0.0007,-0.0000,-0.6258,-0.00019,1497
22124,2,0.00209,-0.45552,0.0045,-0.0000,-0.5788,0.00231,1506
22134,2,0.00211,-0.45552,-0.0035,-0.0000,-0.6676,0.00471,1483
22144,2,0.00213,-0.45552,0.0039,-0.0000,-0.5811,0.00125,1483
22154,2,0.00218,-0.45552,0.0045,-0.0000,-0.5704,0.00236,1496
22164,2,0.00228,-0.45552,-0.0041,-0.0000,-0.6573,0.00916,1498
22174,2,0.00226,-0.45552,0.0013,-0.0000,-0.5987,0.00076,1508
22184,2,0.00243,-0.45552,0.0087,-0.0000,-0.4975,0.00670,1481
22194,2,0.00231,-0.45552,-0.0078,-0.0000,-0.6962,0.00016,1498
22204,2,0.00221,-0.45552,0.0045,-0.0000,-0.5674,-0.00508,1496
22214,2,0.00221,-0.45552,0.0007,-0.0000,-0.6101,0.00158,1502
22224,2,0.00221,-0.45465,-0.0019,0.0348,-0.5451,0.00334,1504
22234,2,0.00231,-0.45552,0.0018,-0.0139,-0.6254,0.00637,1516
22244,2,0.00235,-0.45552,0.0023,-0.0083,-0.6007,0.00312,1522
22254,2,0.00247,-0.45465,-0.0041,0.0298,-0.5567,0.01087,1534
22264,2,0.00239,-0.45552,-0.0009,-0.0169,-0.6555,-0.00132,1482
22274,2,0.00232,-0.45552,-0.0019,-0.0102,-0.6562,-0.00020,1492
22284,2,0.00230,-0.45552,0.0007,-0.0061,-0.6173,0.00082,1491
22294,2,0.00250,-0.45552,0.0124,-0.0037,-0.4589,0.00615,1499
22304,2,0.00244,-0.45552,-0.0126,-0.0022,-0.7442,0.00572,1500
22314,2,0.00223,-0.45552,0.0002,-0.0013,-0.6171,-0.00809,1511
22324,2,0.00242,-0.45552,0.0061,-0.0008,-0.5313,0.00867,1522
22334,2,0.00249,-0.45552,-0.0041,-0.0005,-0.6379,0.00811,1483
22344,2,0.00240,-0.45552,-0.0046,-0.0003,-0.6520,0.00033,1477
22354,2,0.00234,-0.45552,0.0013,-0.0002,-0.5910,-0.00116,1495
22364,2,0.00234,-0.45552,-0.0014,-0.0001,-0.6219,0.00256,1492
22374,2,0.00236,-0.45552,0.0023,-0.0001,-0.5773,0.00233,1503
22384,2,0.00240,-0.45552,-0.0019,-0.0000,-0.6211,0.00562,1501
22394,2,0.00239,-0.45552,0.0055,-0.0000,-0.5382,-0.00115,1516
22404,2,0.00235,-0.45552,-0.0009,-0.0000,-0.6142,0.00086,1513
22414,2,0.00240,-0.45465,-0.0009,0.0348,-0.5143,0.00539,1532
22424,2,0.00246,-0.45465,-0.0019,0.0209,-0.5579,0.00640,1477
22434,2,0.00249,-0.45465,0.0082,0.0125,-0.4630,-0.00017,1483
22444,2,0.00259,-0.45552,0.0114,-0.0273,-0.5252,0.00200,1491
22454,2,0.00246,-0.45465,-0.0088,0.0184,-0.6429,0.00031,1498
22464,2,0.00246,-0.45465,-0.0014,0.0111,-0.5781,0.00325,1499
22474,2,0.00251,-0.45639,-0.0094,-0.0629,-0.8653,0.00968,1507
22484,2,0.00265,-0.45552,0.0156,-0.0030,-0.4063,0.00166,1511
22494,2,0.00280,-0.45552,-0.0003,-0.0018,-0.5688,0.01073,1483
22504,2,0.00255,-0.45552,-0.0099,-0.0011,-0.6996,-0.00492,1485
22514,2,0.00237,-0.45465,-0.0057,0.0341,-0.5732,-0.00392,1483
22524,2,0.00234,-0.45552,-0.0088,-0.0143,-0.7438,0.00527,1488
22534,2,0.00241,-0.45552,0.0029,-0.0086,-0.5888,0.00459,1497
22544,2,0.00245,-0.45552,-0.0019,-0.0051,-0.6298,0.00547,1510
22554,2,0.00247,-0.45552,-0.0025,-0.0031,-0.6286,0.00460,1527
22564,2,0.00241,-0.45552,-0.0003,-0.0019,-0.6074,-0.00063,1477
22574,2,0.00248,-0.45552,0.0087,-0.0011,-0.4958,0.00177,1487
22584,2,0.00243,-0.45552,-0.0088,-0.0007,-0.6986,0.00426,1492
22594,2,0.00241,-0.45552,0.0002,-0.0004,-0.5972,0.00140,1497
22604,2,0.00246,-0.45465,0.0029,0.0345,-0.4670,0.00348,1500
22614,2,0.00241,-0.45465,-0.0019,0.0207,-0.5633,0.00083,1509
22624,2,0.00240,-0.45465,0.0098,0.0124,-0.4533,-0.00270,1513
22634,2,0.00247,-0.45465,0.0055,0.0075,-0.5087,0.00285,1529
22644,2,0.00248,-0.45465,0.0039,0.0045,-0.5336,0.00115,1496
22654,2,0.00250,-0.45465,0.0029,0.0027,-0.5483,0.00219,1504
22664,2,0.00269,-0.45465,0.0050,0.0016,-0.5089,0.00951,1481
22674,2,0.00280,-0.45465,0.0050,0.0010,-0.4992,0.00614,1492
22684,2,0.00272,-0.45465,0.0002,0.0006,-0.5628,-0.00162,1493
22694,2,0.00279,-0.45465,-0.0019,0.0003,-0.5804,0.00742,1503
22704,2,0.00287,-0.45552,0.0007,-0.0346,-0.6380,0.00635,1513
22714,2,0.00289,-0.45465,-0.0009,0.0140,-0.5224,0.00420,1493
22724,2,0.00296,-0.45552,-0.0019,-0.0264,-0.6373,0.00757,1492
22734,2,0.00287,-0.45465,0.0029,0.0190,-0.4689,-0.00322,1507
22744,2,0.00283,-0.45465,-0.0019,0.0114,-0.5468,0.00213,1506
22754,2,0.00288,-0.45465,0.0023,0.0068,-0.5062,0.00404,1514
22764,2,0.00262,-0.45465,-0.0190,0.0041,-0.7803,-0.00103,1524
22774,2,0.00245,-0.45465,0.0045,0.0025,-0.5358,-0.00814,1505
22784,2,0.00260,-0.45465,0.0076,0.0015,-0.4882,0.00600,1506
22794,2,0.00256,-0.45465,-0.0025,0.0009,-0.6078,0.00199,1493
22804,2,0.00242,-0.45465,-0.0104,0.0005,-0.7131,0.00048,1494
22814,2,0.00239,-0.45465,0.0050,0.0003,-0.5419,-0.00165,1504
22824,2,0.00244,-0.45552,-0.0067,-0.0346,-0.7649,0.00830,1503
22834,2,0.00227,-0.45552,-0.0025,-0.0208,-0.6956,-0.00474,1491
22844,2,0.00237,-0.45552,0.0007,-0.0125,-0.6278,0.00683,1525
22854,2,0.00234,-0.45552,-0.0083,-0.0075,-0.7197,0.00503,1508
22864,2,0.00229,-0.45639,0.0018,-0.0393,-0.6967,-0.00098,1483
22874,2,0.00240,-0.45552,0.0034,0.0112,-0.5311,0.00608,1498
22884,2,0.00248,-0.45552,0.0018,0.0067,-0.5529,0.00588,1493
22894,2,0.00246,-0.45552,0.0061,0.0040,-0.5146,-0.00198,1508
22904,2,0.00246,-0.45552,0.0013,0.0024,-0.5729,0.00198,1513
22914,2,0.00247,-0.45639,0.0055,-0.0333,-0.6206,0.00050,1529
22924,2,0.00260,-0.45639,0.0124,-0.0200,-0.4941,0.00274,1528
22934,2,0.00257,-0.45465,-0.0073,0.0576,-0.5089,0.00463,1483
22944,2,0.00259,-0.45465,-0.0035,0.0345,-0.5268,0.00522,1483
22954,2,0.00255,-0.45465,0.0034,0.0207,-0.4892,-0.00102,1496
22964,2,0.00251,-0.45465,0.0018,0.0124,-0.5332,-0.00028,1500
22974,2,0.00254,-0.45465,-0.0003,0.0075,-0.5676,0.00429,1516
22984,2,0.00253,-0.45465,0.0034,0.0045,-0.5349,0.00008,1522
22994,2,0.00254,-0.45465,-0.0035,0.0027,-0.6172,0.00474,1531
23004,2,0.00253,-0.45465,-0.0014,0.0016,-0.5967,0.00285,1508
23014,2,0.00259,-0.45465,-0.0019,0.0010,-0.5990,0.00632,1490
23024,2,0.00266,-0.45465,0.0018,0.0006,-0.5505,0.00552,1494
23034,2,0.00266,-0.45465,0.0039,0.0003,-0.5267,0.00090,1503
23044,2,0.00268,-0.45552,0.0013,-0.0346,-0.6502,0.00299,1506
23054,2,0.00264,-0.45465,0.0002,0.0140,-0.5349,0.00020,1526
23064,2,0.00266,-0.45465,-0.0025,0.0084,-0.5779,0.00499,1529
23074,2,0.00272,-0.45552,0.0018,-0.0297,-0.6281,0.00467,1532
23084,2,0.00272,-0.45465,0.0007,0.0169,-0.5129,0.00258,1477
23094,2,0.00278,-0.45552,0.0018,-0.0246,-0.6081,0.00488,1485
23104,2,0.00274,-0.45465,-0.0019,0.0200,-0.5332,0.00151,1484
23114,2,0.00279,-0.45465,-0.0030,0.0120,-0.5617,0.00689,1496
23124,2,0.00273,-0.45465,0.0066,0.0072,-0.4716,-0.00341,1500
23134,2,0.00280,-0.45465,-0.0030,0.0043,-0.5808,0.00789,1509
23144,2,0.00295,-0.45465,0.0092,0.0026,-0.4326,0.00563,1507
23154,2,0.00299,-0.45465,0.0034,0.0016,-0.4972,0.00356,1531
23164,2,0.00307,-0.45465,0.0039,0.0009,-0.4852,0.00507,1477
23174,2,0.00302,-0.45465,0.0002,0.0006,-0.5331,0.00051,1488
23184,2,0.00311,-0.45465,0.0018,0.0003,-0.5070,0.00660,1485
23194,2,0.00317,-0.45465,0.0050,0.0002,-0.4655,0.00359,1498
23204,2,0.00308,-0.45465,-0.0035,0.0001,-0.5713,0.00020,1494
23214,2,0.00307,-0.45465,0.0066,0.0001,-0.4575,-0.00056,1510
23224,2,0.00305,-0.45465,-0.0046,0.0000,-0.5859,0.00448,1514
23234,2,0.00299,-0.45465,-0.0025,0.0000,-0.5680,0.00106,1483
23244,2,0.00288,-0.45465,-0.0035,0.0000,-0.5904,-0.00066,1477
23254,2,0.00283,-0.45465,-0.0003,0.0000,-0.5595,0.00035,1485
23264,2,0.00280,-0.45552,0.0029,-0.0348,-0.6217,-0.00043,1489
23274,2,0.00282,-0.45552,0.0002,-0.0209,-0.6125,0.00376,1503
23284,2,0.00279,-0.45465,-0.0009,0.0223,-0.5101,0.00178,1509
23294,2,0.00281,-0.45465,-0.0035,0.0134,-0.5623,0.00547,1504
23304,2,0.00284,-0.45465,0.0029,0.0080,-0.5012,0.00302,1500
23314,2,0.00281,-0.45465,0.0029,0.0048,-0.5120,0.00023,1484
23324,2,0.00279,-0.45552,0.0050,-0.0319,-0.5904,-0.00094,1491
23334,2,0.00272,-0.45465,-0.0019,0.0156,-0.5465,0.00018,1529
23344,2,0.00284,-0.45552,0.0023,-0.0254,-0.5979,0.00787,1535
23354,2,0.00280,-0.45552,0.0002,-0.0152,-0.5992,0.00040,1489
23364,2,0.00283,-0.45465,0.0002,0.0256,-0.4845,0.00453,1488
23374,2,0.00292,-0.45465,-0.0025,0.0154,-0.5340,0.00832,1503
23384,2,0.00292,-0.45552,-0.0025,-0.0256,-0.6449,0.00438,1506
23394,2,0.00286,-0.45465,-0.0051,0.0195,-0.5590,0.00223,1512
23404,2,0.00287,-0.45552,0.0039,-0.0231,-0.5707,0.00173,1521
23414,2,0.00285,-0.45465,-0.0051,0.0209,-0.5555,0.00436,1531
23424,2,0.00287,-0.45465,0.0034,0.0126,-0.4798,0.00206,1532
23434,2,0.00272,-0.45465,-0.0184,0.0075,-0.7554,0.00424,1484
23444,2,0.00253,-0.45465,-0.0019,0.0045,-0.5945,-0.00566,1487
23454,2,0.00251,-0.45465,-0.0025,0.0027,-0.6077,0.00257,1501
23464,2,0.00256,-0.45639,0.0045,-0.0680,-0.7173,0.00273,1498
23474,2,0.00255,-0.45552,-0.0019,-0.0060,-0.6232,0.00286,1509
23484,2,0.00261,-0.45465,-0.0019,0.0312,-0.5159,0.00663,1511
23494,2,0.00260,-0.45552,0.0002,-0.0161,-0.6208,0.00214,1499
23504,2,0.00246,-0.45639,-0.0009,-0.0444,-0.7237,-0.00386,1532
23514,2,0.00235,-0.45639,-0.0073,-0.0267,-0.7596,0.00021,1492
23524,2,0.00244,-0.45639,-0.0030,-0.0160,-0.6742,0.00833,1485
23534,2,0.00253,-0.45639,0.0013,-0.0096,-0.6001,0.00638,1498
23544,2,0.00245,-0.45552,-0.0136,0.0290,-0.6708,0.00562,1496
23554,2,0.00252,-0.45639,0.0045,-0.0174,-0.5855,0.00357,1501
23564,2,0.00264,-0.45639,0.0039,-0.0104,-0.5610,0.00681,1501
23574,2,0.00257,-0.45552,-0.0051,0.0285,-0.5643,0.00160,1516
23584,2,0.00255,-0.45639,0.0045,-0.0177,-0.5833,-0.00074,1513
23594,2,0.00258,-0.45552,0.0135,0.0242,-0.3638,-0.00252,1535
23604,2,0.00269,-0.45552,0.0018,0.0145,-0.5121,0.00704,1477
23614,2,0.00268,-0.45465,0.0007,0.0435,-0.4453,0.00209,1488
23624,2,0.00273,-0.45552,0.0029,-0.0087,-0.5584,0.00352,1481
23634,2,0.00261,-0.45465,-0.0030,0.0296,-0.5320,-0.00178,1495
23644,2,0.00250,-0.45465,-0.0073,0.0177,-0.6226,0.00065,1494
23654,2,0.00260,-0.45465,-0.0041,0.0106,-0.5956,0.00973,1506
23664,2,0.00265,-0.45465,0.0045,0.0064,-0.5056,0.00297,1513
23674,2,0.00272,-0.45465,0.0034,0.0038,-0.5184,0.00415,1483
23684,2,0.00262,-0.45552,-0.0046,-0.0325,-0.7174,-0.00002,1484
23694,2,0.00261,-0.45465,0.0007,0.0153,-0.5284,0.00172,1493
23704,2,0.00270,-0.45552,0.0023,-0.0256,-0.6128,0.00603,1500
23714,2,0.00252,-0.45639,-0.0067,-0.0502,-0.8004,-0.00316,1510
23724,2,0.00257,-0.45639,0.0023,-0.0301,-0.6389,0.00409,1486
23734,2,0.00260,-0.45639,-0.0009,-0.0181,-0.6395,0.00470,1502
23744,2,0.00246,-0.45639,-0.0030,-0.0108,-0.6583,-0.00324,1498
23754,2,0.00239,-0.45639,-0.0003,-0.0065,-0.6229,-0.00069,1509
23764,2,0.00235,-0.45639,-0.0041,-0.0039,-0.6623,0.00220,1514
23774,2,0.00224,-0.45639,-0.0003,-0.0023,-0.6264,-0.00292,1501
23784,2,0.00222,-0.45639,-0.0014,-0.0014,-0.6382,0.00177,1502
23794,2,0.00218,-0.45639,0.0002,-0.0008,-0.6224,0.00010,1511
23804,2,0.00281,-0.45465,-0.0296,0.0691,-0.7076,0.04923,1495
23814,2,0.00311,-0.45465,-0.0562,0.0414,-1.0538,0.04624,1500
23824,2,0.00299,-0.45552,-0.1179,-0.0099,-1.9045,0.05569,1484
23834,2,0.00189,-0.45639,-0.1770,-0.0407,-2.7653,0.03535,1493
23844,2,0.00082,-0.45901,-0.1727,-0.1294,-3.0636,0.03396,1490
23854,2,0.00024,-0.46338,-0.1759,-0.2522,-3.4936,0.05924,1512
23864,2,-0.00074,-0.46948,-0.2345,-0.3955,-4.6483,0.06716,1512
23874,2,-0.00213,-0.47821,-0.2238,-0.5864,-5.1907,0.04063,1515
23884,2,-0.00357,-0.49042,-0.1403,-0.8401,-5.0876,-0.00538,1500
23894,2,-0.00424,-0.50613,0.0204,-1.1327,-4.1461,-0.04794,1505
23904,2,-0.00303,-0.52359,0.1870,-1.3779,-2.8312,-0.03628,1486
23914,2,-0.00071,-0.54016,0.1997,-1.4896,-2.7898,0.01549,1531
23924,2,0.00003,-0.55414,0.0428,-1.4528,-4.4228,0.01562,1529
23934,2,-0.00065,-0.56635,-0.0025,-1.3600,-4.7748,-0.03337,1493
23944,2,-0.00059,-0.57857,0.0268,-1.3049,-4.3123,-0.01113,1489
23954,2,-0.00066,-0.58904,-0.0083,-1.2016,-4.4592,0.00002,1503
23964,2,-0.00127,-0.59950,0.0066,-1.1397,-4.2027,-0.03493,1504
23974,2,-0.00136,-0.61172,0.0284,-1.1727,-4.0758,-0.02031,1523
23984,2,-0.00145,-0.62308,0.0364,-1.1577,-3.9744,-0.02395,1531
23994,2,-0.00138,-0.63528,0.0305,-1.1829,-4.1239,-0.01321,1491
24004,2,-0.00104,-0.64838,0.0710,-1.2334,-3.7919,-0.01945,1484
24014,2,-0.00007,-0.66060,0.0976,-1.2289,-3.4067,-0.00061,1496
24024,2,0.00068,-0.67282,0.0582,-1.2263,-3.7938,0.00954,1495
24034,2,0.00065,-0.68416,0.0082,-1.1892,-4.2852,-0.00514,1508
24044,2,0.00038,-0.69376,0.0002,-1.0975,-4.1736,-0.01333,1505
24054,2,0.00069,-0.70422,0.0364,-1.0772,-3.6985,-0.00215,1531
24064,2,0.00133,-0.71384,0.0076,-1.0308,-3.8541,0.02988,1528
24074,2,0.00123,-0.72168,-0.0456,-0.9322,-4.2169,0.01880,1494
24084,2,0.00069,-0.73041,-0.0519,-0.9085,-4.2936,-0.00004,1485
24094,2,0.00020,-0.73827,-0.0344,-0.8594,-4.0255,-0.00716,1496
24104,2,-0.00018,-0.74612,-0.0174,-0.8300,-3.8051,-0.01048,1494
24114,2,-0.00066,-0.75397,-0.0248,-0.8117,-3.9023,-0.01257,1514
24124,2,-0.00104,-0.76358,0.0039,-0.8715,-3.7920,-0.02199,1512
24134,2,-0.00075,-0.77403,0.0518,-0.9410,-3.4260,-0.01185,1529
24144,2,0.00025,-0.78365,0.1109,-0.9491,-2.6991,-0.00538,1526
24154,2,0.00130,-0.79411,0.0720,-0.9882,-3.1607,0.01770,1491
24164,2,0.00125,-0.80197,-0.0009,-0.9072,-3.7881,-0.00055,1485
24174,2,0.00044,-0.80983,-0.0530,-0.8587,-4.3419,-0.01349,1495
24184,2,-0.00028,-0.81680,-0.0275,-0.7941,-3.9626,-0.02255,1493
24194,2,-0.00030,-0.82466,0.0050,-0.7908,-3.6024,-0.00381,1509
24204,2,-0.00068,-0.83163,0.0034,-0.7534,-3.5705,-0.02164,1506
24214,2,-0.00097,-0.83949,0.0337,-0.7664,-3.3042,-0.03220,1532
24224,2,-0.00018,-0.84822,0.1391,-0.8090,-2.1639,-0.03031,1530
24234,2,0.00151,-0.85782,0.1678,-0.8693,-1.8526,0.00219,1494
24244,2,0.00299,-0.86568,0.1236,-0.8359,-2.1334,0.01512,1487
24254,2,0.00370,-0.87267,0.0603,-0.7811,-2.6471,0.00910,1495
24264,2,0.00368,-0.87875,0.0002,-0.7122,-3.1571,0.00229,1495
24274,2,0.00349,-0.88312,0.0039,-0.6019,-2.8453,-0.00783,1512
24284,2,0.00349,-0.88924,0.0066,-0.6059,-2.8372,0.00016,1508
24294,2,0.00343,-0.89185,-0.0041,-0.4679,-2.5983,0.00251,1510
24304,2,0.00275,-0.89534,-0.0706,-0.4205,-3.2976,0.00393,1485
24314,2,0.00171,-0.89796,-0.0605,-0.3573,-3.1194,-0.01985,1491
24324,2,0.00107,-0.89970,-0.0211,-0.2840,-2.5420,-0.02018,1485
24334,2,0.00102,-0.90233,-0.0035,-0.2754,-2.3298,0.00021,1500
24344,2,0.00067,-0.90407,-0.0663,-0.2348,-2.9698,0.01626,1502
24354,2,-0.00036,-0.90494,-0.1009,-0.1757,-3.3049,-0.00130,1513
24364,2,-0.00118,-0.90582,-0.0530,-0.1408,-2.7507,-0.01572,1494
24374,2,-0.00150,-0.90756,-0.0397,-0.1541,-2.6706,0.00201,1512
24384,2,-0.00203,-0.90843,-0.0445,-0.1272,-2.7061,-0.00622,1507
24394,2,-0.00244,-0.90930,-0.0232,-0.1111,-2.4628,-0.01097,1516
24404,2,-0.00285,-0.91106,-0.0530,-0.1369,-2.9128,0.00304,1521
24414,2,-0.00314,-0.91193,-0.0073,-0.1169,-2.3706,-0.01392,1532
24424,2,-0.00325,-0.91280,-0.0009,-0.1049,-2.2794,-0.00876,1510
24434,2,-0.00335,-0.91455,-0.0003,-0.1332,-2.3616,-0.00799,1530
24444,2,-0.00356,-0.91455,0.0055,-0.0799,-2.1729,-0.01680,1506
24454,2,-0.00350,-0.91629,0.0130,-0.1175,-2.1863,-0.00677,1508
24464,2,-0.00338,-0.91803,0.0055,-0.1401,-2.3231,-0.00032,1511
24474,2,-0.00298,-0.91803,0.0465,-0.0841,-1.6697,-0.00626,1497
24484,2,-0.00236,-0.91977,0.0295,-0.1200,-1.9014,0.01406,1495
24494,2,-0.00223,-0.92065,-0.0003,-0.1074,-2.1942,0.00438,1507
24504,2,-0.00235,-0.92065,0.0071,-0.0644,-2.0068,-0.01219,1508
24514,2,-0.00210,-0.92152,0.0225,-0.0735,-1.8328,-0.00058,1496
24524,2,-0.00166,-0.92239,0.0231,-0.0789,-1.8004,0.00856,1494
24534,2,-0.00143,-0.92239,-0.0025,-0.0473,-1.9821,0.01163,1536
24544,2,-0.00137,-0.92413,-0.0019,-0.0980,-2.1094,0.00249,1511
24554,2,-0.00112,-0.92413,0.0279,-0.0588,-1.6423,-0.00254,1531
24564,2,-0.00083,-0.92502,-0.0041,-0.0707,-2.0092,0.01568,1525
24574,2,-0.00079,-0.92589,-0.0014,-0.0772,-1.9948,0.00162,1536
24584,2,-0.00040,-0.92676,0.0396,-0.0811,-1.5046,-0.00060,1532
24594,2,0.00028,-0.92763,0.0380,-0.0835,-1.4636,0.01557,1493
24604,2,0.00051,-0.92850,-0.0014,-0.0849,-1.8927,0.01268,1489
24614,2,0.00036,-0.92850,0.0007,-0.0509,-1.7924,-0.00761,1499
24624,2,0.00029,-0.93025,0.0050,-0.1007,-1.8880,-0.00582,1494
24634,2,0.00065,-0.93112,0.0428,-0.0952,-1.4111,-0.00240,1506
24644,2,0.00140,-0.93199,0.0374,-0.0919,-1.3913,0.01997,1505
24654,2,0.00165,-0.93286,-0.0014,-0.0899,-1.8032,0.01486,1515
24664,2,0.00167,-0.93462,0.0151,-0.1242,-1.7095,-0.00494,1525
24674,2,0.00235,-0.93636,0.0577,-0.1441,-1.2178,0.00732,1506
24684,2,0.00310,-0.93811,0.0390,-0.1566,-1.3922,0.02122,1535
24694,2,0.00346,-0.93898,0.0151,-0.1288,-1.5549,0.01406,1497
24704,2,0.00340,-0.93985,-0.0025,-0.1121,-1.7169,0.00141,1494
24714,2,0.00363,-0.94072,0.0295,-0.1020,-1.3073,0.00045,1504
24724,2,0.00420,-0.94247,0.0263,-0.1314,-1.3696,0.01969,1499
24734,2,0.00431,-0.94334,-0.0019,-0.1136,-1.6323,0.01077,1509
24744,2,0.00415,-0.94421,-0.0035,-0.1030,-1.6387,-0.00193,1505
24754,2,0.00425,-0.94421,0.0066,-0.0618,-1.4047,0.00560,1529
24764,2,0.00443,-0.94595,0.0002,-0.1066,-1.5826,0.01349,1527
24774,2,0.00441,-0.94595,0.0018,-0.0640,-1.4521,0.00250,1491
24784,2,0.00432,-0.94684,-0.0041,-0.0738,-1.5546,0.00211,1485
24794,2,0.00428,-0.94771,-0.0019,-0.0791,-1.5505,0.00308,1491
24804,2,0.00430,-0.94771,0.0050,-0.0474,-1.3855,0.00275,1488
24814,2,0.00422,-0.94771,-0.0083,-0.0285,-1.4927,0.00458,1504
24824,2,0.00395,-0.94771,-0.0237,-0.0171,-1.6633,0.00233,1505
24834,2,0.00367,-0.94771,-0.0184,-0.0102,-1.6128,-0.00152,1512
24844,2,0.00360,-0.94858,-0.0003,-0.0409,-1.4978,0.00071,1525
24854,2,0.00366,-0.94945,-0.0014,-0.0594,-1.5552,0.00721,1493
24864,2,0.00380,-0.94945,0.0114,-0.0356,-1.3330,0.00524,1489
24874,2,0.00393,-0.94945,0.0002,-0.0214,-1.4086,0.01038,1507
24884,2,0.00405,-0.94945,0.0018,-0.0128,-1.3561,0.00905,1505
24894,2,0.00402,-0.94945,0.0034,-0.0077,-1.3277,0.00057,1509
24904,2,0.00392,-0.94945,0.0007,-0.0046,-1.3592,-0.00138,1496
24914,2,0.00390,-0.94945,-0.0030,-0.0028,-1.3978,0.00470,1509
24924,2,0.00390,-0.94945,-0.0019,-0.0017,-1.3835,0.00450,1513
24934,2,0.00407,-0.94945,0.0029,-0.0010,-1.3107,0.01121,1493
24944,2,0.00419,-0.94945,0.0023,-0.0006,-1.3042,0.00890,1527
24954,2,0.00427,-0.94945,0.0002,-0.0004,-1.3193,0.00847,1535
24964,2,0.00427,-0.94945,-0.0067,-0.0002,-1.3970,0.00777,1485
24974,2,0.00433,-0.94945,0.0066,-0.0001,-1.2407,0.00379,1492
24984,2,0.00439,-0.94945,0.0034,-0.0001,-1.2711,0.00557,1492
24994,2,0.00440,-0.94945,-0.0009,-0.0000,-1.3181,0.00542,1503
25004,2,0.00437,-0.94945,0.0045,-0.0000,-1.2604,0.00082,1501
25014,2,0.00431,-0.94945,-0.0046,-0.0000,-1.3685,0.00369,1516
25024,2,0.00438,-0.94945,0.0034,-0.0000,-1.2713,0.00620,1526
25034,2,0.00444,-0.94945,-0.0035,-0.0000,-1.3443,0.00891,1491
25044,2,0.00452,-0.94945,-0.0051,-0.0000,-1.3545,0.01110,1485
25054,2,0.00453,-0.94945,-0.0030,-0.0000,-1.3293,0.00663,1492
25064,2,0.00439,-0.94945,-0.0094,-0.0000,-1.4155,0.00194,1490
25074,2,0.00429,-0.94945,-0.0115,-0.0000,-1.4489,0.00532,1507
25084,2,0.00436,-0.94945,0.0092,-0.0000,-1.2075,0.00296,1501
25094,2,0.00450,-0.94945,-0.0057,-0.0000,-1.3622,0.01452,1511
25104,2,0.00455,-0.94945,0.0007,-0.0000,-1.2851,0.00667,1500
25114,2,0.00452,-0.94945,0.0029,-0.0000,-1.2640,0.00150,1533
25124,2,0.00450,-0.94945,0.0023,-0.0000,-1.2719,0.00240,1485
25134,2,0.00445,-0.94945,0.0061,-0.0000,-1.2346,-0.00108,1496
25144,2,0.00443,-0.94945,-0.0009,-0.0000,-1.3147,0.00400,1494
25154,2,0.00443,-0.94945,0.0002,-0.0000,-1.3029,0.00417,1511
25164,2,0.00438,-0.94945,0.0023,-0.0000,-1.2835,0.00083,1508
25174,2,0.00452,-0.94945,0.0034,-0.0000,-1.2582,0.00960,1512
25184,2,0.00462,-0.94945,0.0029,-0.0000,-1.2544,0.00823,1514
25194,2,0.00460,-0.94945,-0.0046,-0.0000,-1.3402,0.00614,1506
25204,2,0.00455,-0.94945,-0.0014,-0.0000,-1.3095,0.00248,1484
25214,2,0.00467,-0.94945,0.0018,-0.0000,-1.2615,0.00983,1491
25224,2,0.00484,-0.94945,0.0039,-0.0000,-1.2211,0.01121,1486
25234,2,0.00388,-0.94945,0.0023,-0.0000,-1.3327,-0.04521,1500
25244,2,0.00353,-0.95032,0.1173,-0.0348,-0.1600,-0.07272,1497
25254,2,0.00463,-0.95120,0.2444,-0.0563,1.3288,-0.06253,1503
25264,2,0.00619,-0.95032,0.2205,0.0016,1.3671,-0.02589,1521
25274,2,0.00709,-0.94771,0.1790,0.1054,1.2678,-0.03732,1511
25284,2,0.00809,-0.94334,0.1992,0.2378,1.9577,-0.04147,1484
25294,2,0.00998,-0.93898,0.2333,0.3172,2.7484,-0.01244,1492
25304,2,0.01181,-0.93286,0.2003,0.4351,2.8804,0.00309,1485
25314,2,0.01308,-0.92502,0.1630,0.5748,2.9720,-0.00460,1498
25324,2,0.01408,-0.91367,0.1231,0.7990,3.2396,0.00254,1496
25334,2,0.01463,-0.89883,0.0465,1.0726,3.1866,0.01901,1508
25344,2,0.01327,-0.88138,-0.0610,1.3418,2.5899,-0.02431,1489
25354,2,0.01119,-0.86131,-0.0126,1.6077,3.6847,-0.08677,1497
25364,2,0.01113,-0.84386,0.1311,1.6629,5.4866,-0.05720,1493
25374,2,0.01269,-0.82204,0.1375,1.8705,6.3075,0.02169,1505
25384,2,0.01314,-0.79848,-0.0557,2.0647,4.7276,0.06364,1504
25394,2,0.01139,-0.76968,-0.2371,2.3906,3.4275,0.04226,1526
25404,2,0.00884,-0.74001,-0.3441,2.6215,2.6413,0.05371,1529
25414,2,0.00545,-0.70947,-0.4399,2.7942,1.7442,0.05570,1536
25424,2,0.00111,-0.67892,-0.4260,2.8984,1.8125,-0.00303,1485
25434,2,-0.00181,-0.64664,-0.3579,3.0306,2.7131,0.03147,1497
25444,2,-0.00503,-0.61609,-0.4037,3.0403,1.9621,0.03568,1495
25454,2,-0.00846,-0.58730,-0.3824,2.9759,1.7483,0.01114,1502
25464,2,-0.01165,-0.56198,-0.4138,2.7981,0.6513,0.03593,1498
25474,2,-0.01635,-0.53755,-0.4271,2.6560,-0.2951,-0.03817,1512
25484,2,-0.01926,-0.51660,-0.2111,2.4316,1.3051,-0.05901,1508
25494,2,-0.01885,-0.49741,-0.0104,2.2268,3.1037,0.00706,1532
25504,2,-0.01760,-0.47734,-0.0371,2.1387,2.7241,0.06305,1529
25514,2,-0.01830,-0.45726,-0.1568,2.0864,1.1967,0.02538,1497
25524,2,-0.01980,-0.43893,-0.1350,1.9849,1.0580,-0.02766,1486
25534,2,-0.01940,-0.42497,0.0114,1.7494,2.1488,-0.00502,1499
25544,2,-0.01796,-0.41364,0.0167,1.5031,1.7101,0.04579,1497
25554,2,-0.01734,-0.40315,-0.0450,1.3212,0.6031,0.03637,1511
25564,2,-0.01750,-0.39268,-0.0684,1.2114,0.0469,0.00869,1512
25574,2,-0.01745,-0.38484,0.0055,1.0406,0.4459,-0.01770,1536
25584,2,-0.01570,-0.38048,0.1050,0.7989,1.1034,0.01914,1527
25594,2,-0.01366,-0.37785,0.0997,0.5843,0.6719,0.03865,1530
25604,2,-0.01234,-0.37436,0.0630,0.4904,0.1386,0.02182,1477
25614,2,-0.01109,-0.37262,0.0960,0.3638,0.2986,0.00367,1486
25624,2,-0.00906,-0.37262,0.1444,0.2183,0.6553,0.02043,1490
25634,2,-0.00697,-0.37349,0.1082,0.0962,0.1202,0.04333,1499
25644,2,-0.00571,-0.37436,0.0534,0.0229,-0.5760,0.03042,1499
25654,2,-0.00498,-0.37524,0.0321,-0.0217,-0.8669,0.01553,1512
25664,2,-0.00402,-0.37785,0.0561,-0.1174,-0.7631,0.01610,1523
25674,2,-0.00310,-0.38135,0.0444,-0.2102,-1.0618,0.02043,1531
25684,2,-0.00243,-0.38484,0.0348,-0.2659,-1.2603,0.01383,1485
25694,2,-0.00184,-0.39006,0.0348,-0.3683,-1.4870,0.01021,1494
25704,2,-0.00138,-0.39442,0.0476,-0.3955,-1.3782,-0.00200,1490
25714,2,-0.00082,-0.40054,0.0401,-0.4821,-1.6511,0.00720,1504
25724,2,-0.00062,-0.40578,-0.0009,-0.4986,-2.1502,0.00948,1504
25734,2,-0.00086,-0.41101,0.0050,-0.5085,-2.1428,-0.01501,1516
25744,2,-0.00068,-0.41800,0.0215,-0.5846,-2.1560,-0.00271,1511
25754,2,-0.00041,-0.42497,0.0401,-0.6297,-2.0520,-0.00683,1491
25764,2,0.00000,-0.43370,0.0614,-0.7270,-2.0474,-0.01009,1485
25774,2,0.00086,-0.44243,0.0933,-0.7853,-1.7745,-0.00292,1494
25784,2,0.00192,-0.45203,0.0816,-0.8551,-2.0081,0.01429,1484
