t_ms,state,th,psi,dth,dpsi,u,th_acc,exec_us
135307,0,0.06812,-0.74350,-0.0042,0.0000,0.0000,0.07038,1021
135317,1,0.06798,-0.74350,-0.0127,0.0000,0.0000,0.06743,1079
135327,1,0.06827,-0.74350,0.0336,0.0000,0.0000,0.06613,1055
135337,1,0.06831,-0.74350,-0.0079,0.0000,0.0000,0.07435,1066
135347,1,0.06824,-0.74350,-0.0048,0.0000,0.0000,0.06673,1065
135357,1,0.06824,-0.74350,0.0016,0.0000,0.0000,0.06782,1078
135367,1,0.06839,-0.74350,0.0165,0.0000,0.0000,0.06732,1068
135377,1,0.06839,-0.74350,-0.0026,0.0000,0.0000,0.06987,1079
135387,1,0.06842,-0.74350,0.0032,0.0000,0.0000,0.06847,1055
135397,1,0.06842,-0.74350,0.0048,0.0000,0.0000,0.06598,1067
135407,1,0.06831,-0.74350,-0.0069,0.0000,0.0000,0.06630,1067
135417,1,0.06839,-0.74350,0.0117,0.0000,0.0000,0.06625,1100
135427,1,0.06840,-0.74350,-0.0048,0.0000,0.0000,0.07141,1056
135437,1,0.06848,-0.74350,-0.0005,0.0000,0.0000,0.07285,1069
135447,1,0.06853,-0.74350,-0.0026,0.0000,0.0000,0.07223,1068
135457,1,0.06858,-0.74350,0.0165,0.0000,0.0000,0.06273,1077
135476,1,0.06855,-0.74350,-0.0058,0.0000,0.0000,0.06971,1138
135486,1,0.06869,-0.74350,0.0117,0.0000,0.0000,0.07016,1066
135496,1,0.06860,-0.74350,-0.0079,0.0000,0.0000,0.06802,1084
135506,1,0.06858,-0.74350,0.0032,0.0000,0.0000,0.06607,1076
135516,1,0.06861,-0.74350,0.0160,0.0000,0.0000,0.06175,1087
135526,1,0.06867,-0.74350,0.0133,0.0000,0.0000,0.06533,1061
135536,1,0.06860,-0.74350,-0.0042,0.0000,0.0000,0.06725,1070
135546,1,0.06838,-0.74350,-0.0111,0.0000,0.0000,0.06270,1070
135556,1,0.06818,-0.74350,-0.0186,0.0000,0.0000,0.06740,1080
135566,1,0.06818,-0.74350,-0.0037,0.0000,0.0000,0.07031,1062
135576,1,0.06832,-0.74350,0.0038,0.0000,0.0000,0.07355,1070
135586,1,0.06845,-0.74350,0.0160,0.0000,0.0000,0.06672,1070
135596,1,0.06873,-0.74350,0.0298,0.0000,0.0000,0.06768,1085
135606,1,0.06864,-0.74350,-0.0010,0.0000,0.0000,0.06481,1077
135616,1,0.06853,-0.74350,0.0000,0.0000,0.0000,0.06299,1089
135626,1,0.06837,-0.74350,-0.0064,0.0000,0.0000,0.06374,1088
135636,1,0.06827,-0.74350,-0.0095,0.0000,0.0000,0.06770,1070
135646,1,0.06837,-0.74350,0.0054,0.0000,0.0000,0.07087,1061
135656,1,0.06826,-0.74350,-0.0042,0.0000,0.0000,0.06483,1070
135666,1,0.06819,-0.74350,-0.0053,0.0000,0.0000,0.06744,1061
135685,1,0.06822,-0.74350,-0.0021,0.0000,0.0000,0.07075,1123
135695,1,0.06839,-0.74350,0.0075,0.0000,0.0000,0.07330,1077
135705,1,0.06853,-0.74350,0.0128,0.0000,0.0000,0.06904,1075
135715,1,0.06847,-0.74350,0.0016,0.0000,0.0000,0.06445,1067
135725,1,0.06877,-0.74350,0.0245,0.0000,0.0000,0.07132,1081
135735,1,0.06868,-0.74350,-0.0064,0.0000,0.0000,0.06770,1055
135745,1,0.06871,-0.74350,-0.0021,0.0000,0.0000,0.07127,1068
135755,1,0.06882,-0.74350,0.0160,0.0000,0.0000,0.06633,1064
135765,1,0.06879,-0.74350,-0.0005,0.0000,0.0000,0.06745,1081
135775,1,0.06888,-0.74350,0.0160,0.0000,0.0000,0.06547,1076
135785,1,0.06903,-0.74350,0.0219,0.0000,0.0000,0.06529,1087
135795,1,0.06904,-0.74350,0.0011,0.0000,0.0000,0.06903,1084
135805,1,0.06908,-0.74350,0.0006,0.0000,0.0000,0.07090,1063
135815,1,0.06895,-0.74350,-0.0090,0.0000,0.0000,0.06679,1059
135825,1,0.06892,-0.74350,-0.0048,0.0000,0.0000,0.06979,1066
135835,1,0.06920,-0.74350,0.0240,0.0000,0.0000,0.07128,1064
135845,1,0.06915,-0.74350,0.0070,0.0000,0.0000,0.06326,1076
135855,1,0.06918,-0.74350,0.0085,0.0000,0.0000,0.06635,1071
135865,1,0.06906,-0.74350,-0.0064,0.0000,0.0000,0.06658,1078
135875,1,0.06909,-0.74350,-0.0064,0.0000,0.0000,0.07355,1070
135893,1,0.06926,-0.74350,0.0165,0.0000,0.0000,0.06951,1115
135903,1,0.06915,-0.74350,-0.0037,0.0000,0.0000,0.06547,1079
135913,1,0.06903,-0.74350,-0.0064,0.0000,0.0000,0.06632,1062
135923,1,0.06895,-0.74350,-0.0021,0.0000,0.0000,0.06563,1062
135933,1,0.06896,-0.74350,0.0027,0.0000,0.0000,0.06826,1069
135943,1,0.06894,-0.74350,-0.0032,0.0000,0.0000,0.06940,1069
135953,1,0.06886,-0.74350,-0.0085,0.0000,0.0000,0.06944,1078
135963,1,0.06880,-0.74350,-0.0048,0.0000,0.0000,0.06788,1065
135973,1,0.06896,-0.74350,0.0139,0.0000,0.0000,0.06994,1078
135983,1,0.06890,-0.74350,-0.0048,0.0000,0.0000,0.06872,1053
135993,1,0.06882,-0.74350,-0.0053,0.0000,0.0000,0.06730,1067
136003,1,0.06892,-0.74350,0.0070,0.0000,0.0000,0.07046,1068
136013,1,0.06891,-0.74350,-0.0021,0.0000,0.0000,0.06954,1077
136023,1,0.06928,-0.74350,0.0219,0.0000,0.0000,0.07680,1053
136033,1,0.06926,-0.74350,0.0107,0.0000,0.0000,0.06288,1065
136043,1,0.06893,-0.74350,-0.0244,0.0000,0.0000,0.06460,1064
136053,1,0.06896,-0.74350,-0.0085,0.0000,0.0000,0.07481,1077
136063,1,0.06905,-0.74350,0.0155,0.0000,0.0000,0.06592,1079
136073,1,0.06900,-0.74350,-0.0032,0.0000,0.0000,0.06784,1088
136083,1,0.06891,-0.74350,-0.0053,0.0000,0.0000,0.06711,1084
136102,1,0.06910,-0.74350,0.0139,0.0000,0.0000,0.07172,1153
136112,1,0.06916,-0.74350,0.0107,0.0000,0.0000,0.06681,1087
136122,1,0.06903,-0.74350,-0.0021,0.0000,0.0000,0.06357,1063
136132,1,0.06922,-0.74350,0.0219,0.0000,0.0000,0.06756,1054
136142,1,0.06910,-0.74350,-0.0010,0.0000,0.0000,0.06404,1064
136152,1,0.06906,-0.74350,0.0048,0.0000,0.0000,0.06462,1057
136162,1,0.06894,-0.74350,-0.0032,0.0000,0.0000,0.06414,1070
136172,1,0.06887,-0.74350,-0.0079,0.0000,0.0000,0.06948,1066
136182,1,0.06877,-0.74350,-0.0048,0.0000,0.0000,0.06636,1080
136192,1,0.06884,-0.74350,0.0101,0.0000,0.0000,0.06693,1070
136202,1,0.06886,-0.74350,-0.0042,0.0000,0.0000,0.07195,1063
136212,1,0.06892,-0.74350,0.0107,0.0000,0.0000,0.06669,1055
136222,1,0.06886,-0.74350,-0.0005,0.0000,0.0000,0.06631,1063
136232,1,0.06881,-0.74350,-0.0053,0.0000,0.0000,0.06875,1065
136242,1,0.06891,-0.74350,0.0096,0.0000,0.0000,0.06901,1080
136252,1,0.06884,-0.74350,-0.0085,0.0000,0.0000,0.06960,1069
136262,1,0.06890,-0.74350,0.0032,0.0000,0.0000,0.07034,1065
136272,1,0.06892,-0.74350,0.0070,0.0000,0.0000,0.06630,1062
136282,1,0.06870,-0.74350,-0.0181,0.0000,0.0000,0.06716,1078
136292,1,0.06878,-0.74350,0.0054,0.0000,0.0000,0.07015,1069
136311,1,0.06863,-0.74350,-0.0106,0.0000,0.0000,0.06609,1112
136321,1,0.06872,-0.74350,0.0187,0.0000,0.0000,0.06391,1088
136331,1,0.06848,-0.74350,-0.0074,0.0000,0.0000,0.06015,1070
136341,1,0.06877,-0.74350,0.0266,0.0000,0.0000,0.06999,1062
136351,1,0.06894,-0.74350,0.0059,0.0000,0.0000,0.07440,1070
136361,1,0.06889,-0.74350,0.0080,0.0000,0.0000,0.06266,1062
136371,1,0.06894,-0.74350,0.0043,0.0000,0.0000,0.06915,1081
136381,1,0.06883,-0.74350,-0.0122,0.0000,0.0000,0.06942,1073
136391,1,0.06880,-0.74350,0.0016,0.0000,0.0000,0.06628,1081
136401,1,0.06869,-0.74350,-0.0079,0.0000,0.0000,0.06733,1073
136411,1,0.06895,-0.74350,0.0266,0.0000,0.0000,0.06885,1070
136421,1,0.06888,-0.74350,0.0011,0.0000,0.0000,0.06486,1062
136431,1,0.06900,-0.74350,0.0032,0.0000,0.0000,0.07332,1070
136441,1,0.06896,-0.74350,0.0000,0.0000,0.0000,0.06672,1065
136451,1,0.06885,-0.74350,-0.0069,0.0000,0.0000,0.06708,1072
136461,1,0.06890,-0.74350,0.0149,0.0000,0.0000,0.06397,1070
136471,1,0.06880,-0.74350,0.0011,0.0000,0.0000,0.06284,1081
136481,1,0.06901,-0.74350,0.0155,0.0000,0.0000,0.07192,1072
136491,1,0.06903,-0.74350,0.0000,0.0000,0.0000,0.07006,1081
136501,1,0.06897,-0.74350,0.0022,0.0000,0.0000,0.06513,1062
136519,1,0.06899,-0.74350,-0.0021,0.0000,0.0000,0.07068,1112
136529,1,0.06893,-0.74350,-0.0042,0.0000,0.0000,0.06793,1074
136539,1,0.06934,-0.74350,0.0245,0.0000,0.0000,0.07789,1081
136549,1,0.06951,-0.74350,0.0096,0.0000,0.0000,0.07314,1057
136559,1,0.06947,-0.74350,0.0070,0.0000,0.0000,0.06423,1065
136569,1,0.06952,-0.74350,0.0091,0.0000,0.0000,0.06719,1057
136579,1,0.06961,-0.74350,0.0171,0.0000,0.0000,0.06563,1067
136589,1,0.06966,-0.74350,-0.0026,0.0000,0.0000,0.07355,1058
136599,1,0.06953,-0.74350,-0.0058,0.0000,0.0000,0.06610,1074
136609,1,0.06939,-0.74350,-0.0048,0.0000,0.0000,0.06466,1069
136619,1,0.06933,-0.74350,-0.0005,0.0000,0.0000,0.06647,1080
136629,1,0.06922,-0.74350,-0.0037,0.0000,0.0000,0.06542,1069
136639,1,0.06921,-0.74350,-0.0005,0.0000,0.0000,0.06924,1080
136649,1,0.06919,-0.74350,0.0006,0.0000,0.0000,0.06801,1072
136659,1,0.06906,-0.74350,-0.0085,0.0000,0.0000,0.06639,1065
136669,1,0.06913,-0.74350,-0.0016,0.0000,0.0000,0.07345,1058
136679,1,0.06920,-0.74350,0.0123,0.0000,0.0000,0.06675,1071
136689,1,0.06915,-0.74350,-0.0042,0.0000,0.0000,0.06864,1063
136699,1,0.06918,-0.74350,0.0048,0.0000,0.0000,0.06852,1078
136709,1,0.06924,-0.74350,0.0101,0.0000,0.0000,0.06719,1071
136728,1,0.06928,-0.74350,-0.0048,0.0000,0.0000,0.07347,1129
136738,1,0.06945,-0.74350,0.0176,0.0000,0.0000,0.06887,1072
136748,1,0.06947,-0.74350,0.0054,0.0000,0.0000,0.06827,1078
136758,1,0.06948,-0.74350,0.0006,0.0000,0.0000,0.06926,1077
136768,1,0.06934,-0.74350,-0.0069,0.0000,0.0000,0.06622,1091
136778,1,0.06961,-0.74350,0.0234,0.0000,0.0000,0.07103,1084
136788,1,0.06976,-0.74350,0.0165,0.0000,0.0000,0.06904,1098
136798,1,0.07009,-0.74350,0.0304,0.0000,0.0000,0.07172,1063
136808,1,0.07022,-0.74350,0.0203,0.0000,0.0000,0.06659,1071
136818,1,0.07014,-0.74350,-0.0069,0.0000,0.0000,0.06935,1063
136828,1,0.07007,-0.74350,-0.0079,0.0000,0.0000,0.07066,1071
136838,1,0.07009,-0.74350,0.0022,0.0000,0.0000,0.06988,1069
136848,1,0.07012,-0.74350,0.0091,0.0000,0.0000,0.06732,1078
136858,1,0.07028,-0.74350,0.0213,0.0000,0.0000,0.06761,1080
136868,1,0.07048,-0.74350,0.0197,0.0000,0.0000,0.07018,1093
136878,1,0.07037,-0.74350,-0.0074,0.0000,0.0000,0.06906,1063
136888,1,0.07004,-0.74350,-0.0276,0.0000,0.0000,0.06708,1072
136898,1,0.07004,-0.74350,-0.0026,0.0000,0.0000,0.07129,1063
136908,1,0.07020,-0.74350,0.0187,0.0000,0.0000,0.06919,1073
136918,1,0.06996,-0.74350,-0.0122,0.0000,0.0000,0.06362,1069
136936,1,0.06977,-0.74350,-0.0175,0.0000,0.0000,0.06946,1112
136946,1,0.06958,-0.74350,-0.0117,0.0000,0.0000,0.06591,1076
136956,1,0.06970,-0.74350,0.0133,0.0000,0.0000,0.06899,1064
136966,1,0.06964,-0.74350,-0.0058,0.0000,0.0000,0.06952,1056
136976,1,0.06948,-0.74350,-0.0037,0.0000,0.0000,0.06309,1064
136986,1,0.06971,-0.74350,0.0176,0.0000,0.0000,0.07260,1060
136996,1,0.06992,-0.74350,0.0240,0.0000,0.0000,0.06811,1064
137006,1,0.06999,-0.74350,0.0144,0.0000,0.0000,0.06658,1058
137016,1,0.07005,-0.74350,0.0027,0.0000,0.0000,0.07151,1079
137026,1,0.06994,-0.74350,-0.0090,0.0000,0.0000,0.06889,1074
137036,1,0.07010,-0.74350,0.0171,0.0000,0.0000,0.06966,1080
137046,1,0.06998,-0.74350,-0.0058,0.0000,0.0000,0.06682,1056
137056,1,0.06993,-0.74350,-0.0032,0.0000,0.0000,0.06895,1064
137066,1,0.06980,-0.74350,-0.0037,0.0000,0.0000,0.06546,1056
137076,1,0.06977,-0.74350,-0.0048,0.0000,0.0000,0.07036,1064
137086,1,0.06982,-0.74350,-0.0010,0.0000,0.0000,0.07286,1064
137096,1,0.06962,-0.74350,-0.0048,0.0000,0.0000,0.06196,1075
137106,1,0.06978,-0.74350,0.0176,0.0000,0.0000,0.06935,1071
137116,1,0.06973,-0.74350,-0.0053,0.0000,0.0000,0.06946,1079
137126,1,0.06988,-0.74350,0.0192,0.0000,0.0000,0.06787,1056
137145,1,0.06978,-0.74350,-0.0069,0.0000,0.0000,0.06860,1112
137155,1,0.06965,-0.74350,-0.0021,0.0000,0.0000,0.06421,1101
137165,1,0.06958,-0.74350,-0.0042,0.0000,0.0000,0.06785,1066
137175,1,0.06952,-0.74350,-0.0085,0.0000,0.0000,0.07104,1068
137185,1,0.06956,-0.74350,0.0085,0.0000,0.0000,0.06701,1081
137195,1,0.06938,-0.74350,-0.0053,0.0000,0.0000,0.06331,1082
137205,1,0.06931,-0.74350,-0.0010,0.0000,0.0000,0.06612,1092
137215,1,0.06930,-0.74350,0.0144,0.0000,0.0000,0.06162,1072
137225,1,0.06910,-0.74350,-0.0085,0.0000,0.0000,0.06329,1064
137235,1,0.06911,-0.74350,-0.0069,0.0000,0.0000,0.07320,1068
137245,1,0.06914,-0.74350,-0.0042,0.0000,0.0000,0.07287,1075
137255,1,0.06917,-0.74350,-0.0074,0.0000,0.0000,0.07422,1074
137265,1,0.06910,-0.74350,-0.0032,0.0000,0.0000,0.06717,1064
137275,1,0.06907,-0.74350,-0.0058,0.0000,0.0000,0.07059,1066
137285,1,0.06931,-0.74350,0.0240,0.0000,0.0000,0.06895,1077
137295,1,0.06923,-0.74350,-0.0016,0.0000,0.0000,0.06635,1062
137305,1,0.06943,-0.74350,0.0234,0.0000,0.0000,0.06761,1076
137315,1,0.06955,-0.74350,0.0149,0.0000,0.0000,0.06782,1074
137325,1,0.06952,-0.74350,0.0112,0.0000,0.0000,0.06280,1064
137335,1,0.06970,-0.74350,0.0160,0.0000,0.0000,0.07042,1058
137354,1,0.06943,-0.74350,-0.0197,0.0000,0.0000,0.06591,1127
137364,1,0.06951,-0.74350,0.0155,0.0000,0.0000,0.06589,1068
137374,1,0.06965,-0.74350,0.0054,0.0000,0.0000,0.07372,1079
137384,1,0.06987,-0.74350,0.0139,0.0000,0.0000,0.07422,1073
137394,1,0.07015,-0.74350,0.0208,0.0000,0.0000,0.07371,1064
137404,1,0.07011,-0.74350,0.0000,0.0000,0.0000,0.06774,1056
137414,1,0.07024,-0.74350,0.0091,0.0000,0.0000,0.07240,1064
137424,1,0.07031,-0.74350,0.0032,0.0000,0.0000,0.07202,1058
137434,1,0.07025,-0.74350,-0.0010,0.0000,0.0000,0.06791,1074
137444,1,0.07006,-0.74350,-0.0117,0.0000,0.0000,0.06626,1071
137454,1,0.07003,-0.74350,-0.0032,0.0000,0.0000,0.07011,1079
137464,1,0.07009,-0.74350,0.0107,0.0000,0.0000,0.06816,1071
137474,1,0.07004,-0.74350,-0.0095,0.0000,0.0000,0.07198,1064
137484,1,0.06996,-0.74350,-0.0037,0.0000,0.0000,0.06799,1060
137494,1,0.07000,-0.74350,0.0022,0.0000,0.0000,0.07103,1076
137504,1,0.06984,-0.74350,-0.0122,0.0000,0.0000,0.06768,1070
137514,1,0.06991,-0.74350,0.0187,0.0000,0.0000,0.06411,1070
137524,1,0.06985,-0.74350,-0.0053,0.0000,0.0000,0.06949,1066
137534,1,0.06973,-0.74350,-0.0005,0.0000,0.0000,0.06420,1080
137544,1,0.06976,-0.74350,0.0203,0.0000,0.0000,0.06117,1056
137562,1,0.06991,-0.74350,0.0192,0.0000,0.0000,0.06736,1131
137572,1,0.06983,-0.74350,0.0048,0.0000,0.0000,0.06353,1076
137582,1,0.06970,-0.74350,-0.0021,0.0000,0.0000,0.06450,1086
137592,1,0.06974,-0.74350,0.0006,0.0000,0.0000,0.07123,1086
137602,1,0.06975,-0.74350,0.0011,0.0000,0.0000,0.06986,1064
137612,1,0.06973,-0.74350,-0.0032,0.0000,0.0000,0.07032,1056
137622,1,0.06973,-0.74350,0.0000,0.0000,0.0000,0.06966,1064
137632,1,0.06979,-0.74350,0.0144,0.0000,0.0000,0.06541,1068
137642,1,0.06973,-0.74350,0.0027,0.0000,0.0000,0.06556,1080
137652,1,0.06964,-0.74350,0.0000,0.0000,0.0000,0.06534,1071
137662,1,0.06953,-0.74350,-0.0106,0.0000,0.0000,0.06895,1064
137672,1,0.06946,-0.74350,-0.0026,0.0000,0.0000,0.06740,1058
137682,1,0.06935,-0.74350,-0.0037,0.0000,0.0000,0.06582,1077
137692,1,0.06933,-0.74350,-0.0026,0.0000,0.0000,0.06947,1075
137702,1,0.06927,-0.74350,-0.0069,0.0000,0.0000,0.06988,1072
137712,1,0.06927,-0.74350,-0.0064,0.0000,0.0000,0.07241,1067
137722,1,0.06918,-0.74350,0.0000,0.0000,0.0000,0.06436,1079
137732,1,0.06906,-0.74350,-0.0058,0.0000,0.0000,0.06598,1079
137742,1,0.06919,-0.74350,0.0064,0.0000,0.0000,0.07274,1094
137752,1,0.06951,-0.74350,0.0320,0.0000,0.0000,0.06930,1056
137771,1,0.06947,-0.74350,-0.0106,0.0000,0.0000,0.07296,1136
137781,1,0.06945,-0.74350,-0.0005,0.0000,0.0000,0.06862,1073
137791,1,0.06895,-0.74350,-0.0463,0.0000,0.0000,0.06736,1083
137801,1,0.06871,-0.74350,-0.0255,0.0000,0.0000,0.06948,1072
137811,1,0.06872,-0.74350,0.0011,0.0000,0.0000,0.06863,1064
137821,1,0.06886,-0.74350,0.0006,0.0000,0.0000,0.07517,1057
137831,1,0.06863,-0.74350,-0.0170,0.0000,0.0000,0.06577,1067
137841,1,0.06889,-0.74350,0.0282,0.0000,0.0000,0.06775,1071
137851,1,0.06875,-0.74350,-0.0064,0.0000,0.0000,0.06493,1085
137861,1,0.06875,-0.74350,0.0054,0.0000,0.0000,0.06637,1073
137871,1,0.06884,-0.74350,0.0000,0.0000,0.0000,0.07329,1085
137881,1,0.06884,-0.74350,0.0027,0.0000,0.0000,0.06727,1060
137891,1,0.06932,-0.74350,0.0490,0.0000,0.0000,0.06863,1083
137901,1,0.06933,-0.74350,-0.0095,0.0000,0.0000,0.07463,1078
137911,1,0.06933,-0.74350,0.0027,0.0000,0.0000,0.06840,1073
137921,1,0.06929,-0.74350,-0.0010,0.0000,0.0000,0.06773,1069
137931,1,0.06927,-0.74350,0.0006,0.0000,0.0000,0.06771,1064
137941,1,0.06921,-0.74350,0.0054,0.0000,0.0000,0.06349,1088
137951,1,0.06914,-0.74350,0.0027,0.0000,0.0000,0.06441,1100
137961,1,0.06910,-0.74350,0.0032,0.0000,0.0000,0.06551,1057
137979,1,0.06909,-0.74350,0.0027,0.0000,0.0000,0.06711,1113
137989,1,0.06899,-0.74350,-0.0058,0.0000,0.0000,0.06686,1063
137999,1,0.06941,-0.74350,0.0399,0.0000,0.0000,0.07045,1064
138009,1,0.06944,-0.74350,-0.0005,0.0000,0.0000,0.07129,1058
138019,1,0.06943,-0.74350,0.0144,0.0000,0.0000,0.06181,1080
138029,1,0.06934,-0.74350,-0.0032,0.0000,0.0000,0.06651,1077
138039,1,0.06936,-0.74350,-0.0021,0.0000,0.0000,0.07109,1081
138049,1,0.06914,-0.74350,-0.0159,0.0000,0.0000,0.06626,1077
138059,1,0.06948,-0.74350,0.0421,0.0000,0.0000,0.06559,1064
138069,1,0.06935,-0.74350,-0.0058,0.0000,0.0000,0.06592,1062
138079,1,0.06933,-0.74350,0.0000,0.0000,0.0000,0.06832,1077
138089,1,0.06899,-0.74350,-0.0276,0.0000,0.0000,0.06561,1055
138099,1,0.06917,-0.74350,0.0208,0.0000,0.0000,0.06789,1065
138109,1,0.06902,-0.74350,-0.0133,0.0000,0.0000,0.06781,1071
138119,1,0.06895,-0.74350,-0.0048,0.0000,0.0000,0.06788,1080
138129,1,0.06889,-0.74350,-0.0026,0.0000,0.0000,0.06753,1080
138139,1,0.06887,-0.74350,0.0032,0.0000,0.0000,0.06596,1093
138149,1,0.06878,-0.74350,-0.0064,0.0000,0.0000,0.06752,1055
138159,1,0.06907,-0.74350,0.0213,0.0000,0.0000,0.07291,1064
138169,1,0.06898,-0.74350,-0.0069,0.0000,0.0000,0.06807,1058
138188,1,0.06895,-0.74350,-0.0074,0.0000,0.0000,0.07106,1125
138198,1,0.06910,-0.74350,0.0197,0.0000,0.0000,0.06675,1072
138208,1,0.06935,-0.74350,0.0314,0.0000,0.0000,0.06587,1070
138218,1,0.06929,-0.74350,-0.0005,0.0000,0.0000,0.06668,1069
138228,1,0.06928,-0.74350,0.0000,0.0000,0.0000,0.06867,1086
138238,1,0.06934,-0.74350,0.0112,0.0000,0.0000,0.06714,1075
138248,1,0.06948,-0.74350,0.0176,0.0000,0.0000,0.06748,1066
138258,1,0.06948,-0.74350,0.0038,0.0000,0.0000,0.06779,1062
138268,1,0.06947,-0.74350,-0.0037,0.0000,0.0000,0.07058,1067
138278,1,0.06940,-0.74350,-0.0053,0.0000,0.0000,0.06833,1062
138288,1,0.06933,-0.74350,-0.0010,0.0000,0.0000,0.06641,1079
138298,1,0.06968,-0.74350,0.0282,0.0000,0.0000,0.07333,1075
138308,1,0.06956,-0.74350,-0.0032,0.0000,0.0000,0.06488,1084
138318,1,0.06957,-0.74350,0.0112,0.0000,0.0000,0.06486,1083
138328,1,0.06964,-0.74350,0.0054,0.0000,0.0000,0.07041,1070
138338,1,0.06966,-0.74350,-0.0053,0.0000,0.0000,0.07325,1062
138348,1,0.06975,-0.74350,0.0107,0.0000,0.0000,0.06897,1085
138358,1,0.06971,-0.74350,-0.0042,0.0000,0.0000,0.06954,1078
138368,1,0.06967,-0.74350,-0.0021,0.0000,0.0000,0.06877,1073
138378,1,0.06994,-0.74350,0.0293,0.0000,0.0000,0.06894,1074
138397,1,0.06988,-0.74350,-0.0079,0.0000,0.0000,0.07088,1112
138407,1,0.06952,-0.74350,-0.0330,0.0000,0.0000,0.06801,1079
138417,1,0.06958,-0.74350,0.0139,0.0000,0.0000,0.06565,1064
138427,1,0.06966,-0.74350,0.0000,0.0000,0.0000,0.07357,1059
138437,1,0.06961,-0.74350,-0.0005,0.0000,0.0000,0.06730,1070
138447,1,0.06964,-0.74350,0.0011,0.0000,0.0000,0.07043,1070
138457,1,0.06944,-0.74350,-0.0085,0.0000,0.0000,0.06399,1093
138467,1,0.06949,-0.74350,0.0022,0.0000,0.0000,0.07082,1084
138477,1,0.06978,-0.74350,-0.0079,0.0000,0.0000,0.08813,1064
138487,1,0.06997,-0.74350,-0.0074,0.0000,0.0000,0.08316,1055
138497,1,0.06978,-0.74350,-0.0409,0.0000,0.0000,0.08087,1064
138507,1,0.06975,-0.74435,-0.0255,-0.0342,0.0000,0.08084,1065
138517,1,0.06934,-0.74435,-0.0713,-0.0205,0.0000,0.08484,1079
138527,1,0.06867,-0.74435,-0.0867,-0.0123,0.0000,0.07842,1077
138537,1,0.06755,-0.74435,-0.1000,-0.0074,0.0000,0.06160,1098
138547,1,0.06628,-0.74435,-0.1075,-0.0044,0.0000,0.05657,1055
138557,1,0.06505,-0.74435,-0.0899,-0.0027,0.0000,0.04803,1064
138567,1,0.06393,-0.74435,-0.0835,-0.0016,0.0000,0.04970,1056
138577,1,0.06323,-0.74435,-0.0681,-0.0010,0.0000,0.06242,1074
138587,1,0.06241,-0.74435,-0.1080,-0.0006,0.0000,0.07557,1075
138605,1,0.06105,-0.74435,-0.1559,-0.0003,0.0000,0.07073,1114
138615,1,0.05977,-0.74435,-0.1410,-0.0002,0.0000,0.06623,1082
138625,1,0.05850,-0.74435,-0.1543,-0.0001,0.0000,0.07233,1095
138635,1,0.05728,-0.74435,-0.2133,-0.0001,0.0000,0.10290,1090
138645,1,0.05543,-0.74350,-0.2889,0.0341,0.0000,0.10761,1082
138655,1,0.05247,-0.74350,-0.3911,0.0205,0.0000,0.09968,1096
138665,2,0.04877,0.00000,-0.4273,0.0000,0.0000,0.07749,1850
138675,2,0.03890,0.00613,-1.0567,0.2454,-7.6668,0.07364,1499
138685,2,0.03019,0.00787,-0.4970,0.2168,-2.1362,-0.15661,1509
138695,2,0.03161,-0.00085,0.1112,-0.2190,3.8378,0.04673,1506
138705,2,0.03457,-0.00784,-0.0814,-0.4110,1.3722,0.22342,1514
138715,2,0.02943,-0.00610,-0.5124,-0.1770,-3.4848,0.02860,1519
138725,2,0.02245,-0.00610,-0.4390,-0.1062,-3.1392,-0.10721,1484
138735,2,0.02143,-0.01309,-0.0436,-0.3433,0.6747,-0.00743,1491
138745,2,0.02307,-0.01831,-0.1128,-0.4147,-0.1656,0.16126,1487
138755,2,0.02034,-0.01920,-0.4326,-0.2842,-3.7823,0.10024,1492
138765,2,0.01533,-0.02182,-0.4427,-0.2755,-4.3795,-0.01393,1507
138775,2,0.01276,-0.02878,-0.2219,-0.4436,-2.5510,-0.00459,1510
138785,2,0.01226,-0.04013,-0.0745,-0.7203,-1.6685,0.02443,1484
138795,2,0.01145,-0.05148,-0.0484,-0.8863,-1.9198,-0.00519,1512
138805,2,0.01039,-0.06458,-0.0026,-1.0554,-1.9795,-0.04122,1517
138815,2,0.01067,-0.07852,0.0878,-1.1911,-1.2997,-0.01915,1494
138825,2,0.01142,-0.09076,0.0884,-1.2042,-1.2767,0.00493,1507
138835,2,0.01180,-0.10034,0.0394,-1.1058,-1.5557,0.01115,1510
138845,2,0.01170,-0.10907,-0.0069,-1.0126,-1.8645,0.01002,1508
138855,2,0.01127,-0.11517,0.0000,-0.8517,-1.4024,-0.01032,1507
138865,2,0.01081,-0.12042,-0.0154,-0.7210,-1.2818,-0.00451,1505
138875,2,0.01003,-0.12567,-0.0596,-0.6426,-1.6676,0.00056,1510
138885,2,0.00891,-0.12915,-0.0686,-0.5247,-1.5699,-0.01252,1517
138895,2,0.00803,-0.13263,-0.0516,-0.4540,-1.2753,-0.01018,1520
138905,2,0.00695,-0.13614,-0.0383,-0.4128,-1.1238,-0.02790,1484
138915,2,0.00650,-0.13876,0.0139,-0.3526,-0.4077,-0.02302,1491
138925,2,0.00653,-0.14313,0.0203,-0.3861,-0.4294,-0.00185,1484
138935,2,0.00641,-0.14487,0.0415,-0.3013,0.0314,-0.02054,1489
138945,2,0.00630,-0.14749,0.0266,-0.2857,-0.1150,-0.01276,1510
138955,2,0.00605,-0.15097,0.0133,-0.3106,-0.3673,-0.01292,1510
138965,2,0.00633,-0.15271,0.0596,-0.2559,0.3412,-0.00930,1520
138975,2,0.00703,-0.15533,0.0575,-0.2585,0.3737,0.01292,1505
138985,2,0.00779,-0.15622,0.0724,-0.1905,0.8052,0.00993,1482
138995,2,0.00812,-0.15622,0.0245,-0.1143,0.4904,0.01199,1489
139005,2,0.00799,-0.15533,-0.0032,-0.0332,0.3796,0.00327,1501
139015,2,0.00774,-0.15533,-0.0090,-0.0199,0.3228,-0.00041,1505
139025,2,0.00753,-0.15445,-0.0042,0.0235,0.4773,-0.00047,1491
139035,2,0.00768,-0.15359,0.0224,0.0483,0.8682,0.00374,1495
139045,2,0.00820,-0.15271,0.0490,0.0644,1.2729,0.00972,1476
139055,2,0.00846,-0.15186,-0.0037,0.0728,0.7139,0.02309,1508
139065,2,0.00794,-0.14923,-0.0404,0.1487,0.4487,0.00236,1494
139075,2,0.00785,-0.14661,-0.0016,0.1942,1.0172,0.00410,1517
139085,2,0.00806,-0.14487,-0.0037,0.1861,0.9948,0.02041,1484
139095,2,0.00819,-0.14313,0.0000,0.1812,1.0410,0.01475,1480
139105,2,0.00778,-0.14050,-0.0755,0.2137,0.2194,0.02494,1512
139115,2,0.00669,-0.13699,-0.0952,0.2686,0.0389,-0.00014,1499
139125,2,0.00560,-0.13440,-0.0824,0.2649,0.0725,-0.00785,1503
139135,2,0.00519,-0.13177,-0.0532,0.2639,0.3725,0.01143,1509
139145,2,0.00502,-0.12827,-0.0452,0.2987,0.5484,0.01888,1474
139155,2,0.00437,-0.12479,-0.1011,0.3184,-0.1023,0.02252,1516
139165,2,0.00277,-0.12131,-0.1325,0.3302,-0.5858,-0.01087,1482
139175,2,0.00154,-0.11868,-0.0782,0.3031,-0.1496,-0.02093,1484
139185,2,0.00152,-0.11694,-0.0074,0.2514,0.5299,0.00429,1505
139195,2,0.00159,-0.11432,-0.0431,0.2558,0.1417,0.02674,1504
139205,2,0.00088,-0.11169,-0.0771,0.2585,-0.3111,0.00372,1510
139215,2,0.00019,-0.10995,-0.0436,0.2247,-0.0807,-0.01248,1510
139225,2,0.00024,-0.10822,-0.0042,0.2044,0.3281,0.00500,1475
139235,2,0.00049,-0.10733,0.0171,0.1580,0.4751,0.00453,1489
139245,2,0.00067,-0.10645,-0.0021,0.1302,0.1978,0.01076,1484
139255,2,0.00070,-0.10559,-0.0042,0.1123,0.1285,0.00397,1492
139265,2,0.00066,-0.10471,-0.0021,0.1028,0.1253,-0.00010,1504
139275,2,0.00114,-0.10471,0.0394,0.0617,0.5412,0.00530,1506
139285,2,0.00185,-0.10471,0.0234,0.0370,0.3604,0.02560,1478
139295,2,0.00222,-0.10385,0.0171,0.0564,0.3779,0.01234,1518
139305,2,0.00239,-0.10385,-0.0053,0.0338,0.0751,0.01349,1476
139315,2,0.00228,-0.10385,0.0000,0.0203,0.0890,-0.00324,1492
139325,2,0.00280,-0.10385,0.0437,0.0122,0.6230,0.00686,1503
139335,2,0.00332,-0.10385,0.0165,0.0073,0.3479,0.02109,1501
139345,2,0.00297,-0.10385,-0.0218,0.0044,-0.1378,-0.00364,1504
139355,2,0.00300,-0.10385,0.0298,0.0026,0.4577,-0.01010,1508
139365,2,0.00338,-0.10385,0.0128,0.0016,0.2957,0.01591,1475
139375,2,0.00317,-0.10385,-0.0064,0.0009,0.0512,-0.00436,1480
139385,2,0.00305,-0.10385,0.0038,0.0006,0.1557,-0.00453,1484
139395,2,0.00341,-0.10385,-0.0048,0.0003,0.0924,0.02373,1492
139405,2,0.00362,-0.10385,-0.0181,0.0002,-0.0408,0.02319,1501
139415,2,0.00366,-0.10297,-0.0771,0.0355,-0.6226,0.04400,1509
139425,2,0.00337,-0.10385,-0.1362,-0.0141,-1.4708,0.05686,1511
139435,2,0.00264,-0.10385,-0.1458,-0.0085,-1.6390,0.03899,1514
139445,2,0.00209,-0.10559,-0.1474,-0.0747,-1.8945,0.04856,1488
139455,2,0.00094,-0.10907,-0.1867,-0.1840,-2.7675,0.03669,1491
139465,2,-0.00089,-0.11258,-0.1867,-0.2508,-3.1374,0.00102,1496
139475,2,-0.00242,-0.11694,-0.1346,-0.3250,-2.8970,-0.01191,1501
139485,2,-0.00344,-0.12305,-0.0558,-0.4391,-2.4089,-0.02642,1506
139495,2,-0.00357,-0.13089,0.0288,-0.5772,-1.8329,-0.02450,1510
139505,2,-0.00393,-0.13876,0.0304,-0.6613,-2.0924,-0.03678,1517
139515,2,-0.00345,-0.14923,0.1496,-0.8155,-1.1046,-0.05437,1527
139525,2,-0.00102,-0.16058,0.2730,-0.9434,0.1964,-0.01607,1493
139535,2,0.00178,-0.17191,0.2272,-1.0189,-0.2803,0.02794,1481
139545,2,0.00257,-0.17975,0.0660,-0.9251,-1.8253,0.00923,1512
139555,2,0.00237,-0.18585,0.0591,-0.7992,-1.5951,-0.03716,1510
139565,2,0.00264,-0.19284,0.0756,-0.7590,-1.2818,-0.02176,1514
139575,2,0.00319,-0.19894,0.1033,-0.6996,-0.7566,-0.02063,1512
139585,2,0.00389,-0.20508,0.1001,-0.6651,-0.6418,-0.01118,1475
139595,2,0.00467,-0.21118,0.1118,-0.6432,-0.3812,-0.01245,1480
139605,2,0.00563,-0.21640,0.1384,-0.5947,0.1437,-0.01571,1479
139615,2,0.00681,-0.22165,0.1320,-0.5668,0.2540,0.00018,1489
139625,2,0.00795,-0.22513,0.1203,-0.4792,0.4633,0.00484,1497
139635,2,0.00880,-0.22949,0.0921,-0.4621,0.2596,0.00496,1508
139645,2,0.00937,-0.23126,0.0591,-0.3481,0.2415,0.00857,1515
139655,2,0.00966,-0.23386,0.0564,-0.3126,0.3308,-0.00418,1512
139665,2,0.01005,-0.23563,0.0543,-0.2584,0.4884,0.00219,1475
139675,2,0.01009,-0.23648,0.0027,-0.1892,0.0824,0.01107,1480
139685,2,0.01003,-0.23822,0.0181,-0.1831,0.2679,-0.00211,1491
139695,2,0.01034,-0.23822,0.0378,-0.1099,0.7255,0.00711,1497
139705,2,0.01064,-0.23737,0.0277,-0.0317,0.8512,0.01141,1517
139715,2,0.01062,-0.23648,-0.0010,0.0164,0.6492,0.01017,1523
139725,2,0.01029,-0.23563,-0.0154,0.0440,0.5271,0.00162,1474
139735,2,0.01030,-0.23474,0.0256,0.0618,1.0512,-0.00225,1509
139745,2,0.01026,-0.23300,-0.0069,0.1067,0.7970,0.01177,1514
139755,2,0.01016,-0.23126,0.0027,0.1336,0.9741,0.00380,1489
139765,2,0.01005,-0.23126,-0.0133,0.0801,0.6343,0.01155,1504
139775,2,0.01027,-0.22949,0.0357,0.1189,1.3305,0.00337,1508
139785,2,0.01059,-0.22775,-0.0101,0.1409,0.8962,0.03159,1514
139795,2,0.01036,-0.22513,-0.0186,0.1895,0.9110,0.00785,1508
139805,2,0.01054,-0.22339,-0.0106,0.1833,1.0083,0.02521,1474
139815,2,0.01016,-0.22076,-0.0771,0.2150,0.2918,0.02950,1491
139825,2,0.00916,-0.21729,-0.0734,0.2681,0.3859,-0.00423,1484
139835,2,0.00900,-0.21640,-0.0122,0.1963,0.8840,0.00705,1489
139845,2,0.00926,-0.21466,-0.0122,0.1873,0.8891,0.02847,1501
139855,2,0.00872,-0.21204,-0.0761,0.2174,0.1842,0.02007,1508
139865,2,0.00765,-0.20856,-0.0750,0.2696,0.2377,-0.00851,1474
139875,2,0.00709,-0.20767,-0.0526,0.1972,0.2454,0.00540,1515
139885,2,0.00701,-0.20593,-0.0095,0.1879,0.7141,0.00790,1474
139895,2,0.00708,-0.20419,-0.0276,0.1823,0.4994,0.02412,1480
139905,2,0.00659,-0.20245,-0.0495,0.1790,0.1926,0.00684,1486
139915,2,0.00595,-0.20071,-0.0564,0.1770,0.0468,0.00218,1489
139925,2,0.00561,-0.19894,-0.0239,0.1770,0.3917,0.00060,1497
139935,2,0.00534,-0.19720,-0.0377,0.1758,0.2049,0.01075,1508
139945,2,0.00529,-0.19635,-0.0048,0.1396,0.4847,0.00505,1476
139955,2,0.00509,-0.19458,-0.0463,0.1546,0.0289,0.01830,1509
139965,2,0.00446,-0.19284,-0.0505,0.1623,-0.0591,-0.00194,1475
139975,2,0.00419,-0.19199,-0.0058,0.1316,0.3488,-0.00650,1480
139985,2,0.00427,-0.19110,-0.0127,0.1143,0.2319,0.01475,1486
139995,2,0.00409,-0.19022,-0.0282,0.1040,0.0097,0.00945,1495
140005,2,0.00362,-0.18936,-0.0330,0.0966,-0.1111,-0.00344,1511
140015,2,0.00350,-0.18848,-0.0005,0.0934,0.2444,-0.00261,1512
140025,2,0.00363,-0.18762,-0.0101,0.0902,0.1397,0.01521,1475
140035,2,0.00337,-0.18674,-0.0335,0.0895,-0.1570,0.00717,1480
140045,2,0.00296,-0.18674,-0.0143,0.0537,-0.0733,-0.01030,1474
140055,2,0.00277,-0.18674,-0.0181,0.0322,-0.1935,0.00233,1484
140065,2,0.00270,-0.18674,-0.0069,0.0193,-0.1060,0.00275,1491
140075,2,0.00282,-0.18674,-0.0048,0.0116,-0.0904,0.01121,1492
140085,2,0.00286,-0.18674,-0.0069,0.0070,-0.1236,0.00833,1508
140095,2,0.00279,-0.18674,-0.0032,0.0042,-0.0954,0.00072,1511
140105,2,0.00288,-0.18674,-0.0026,0.0025,-0.0848,0.00869,1477
140115,2,0.00308,-0.18674,0.0250,0.0015,0.2522,0.00050,1510
140125,2,0.00300,-0.18585,-0.0154,0.0363,-0.1269,0.00688,1475
140135,2,0.00270,-0.18585,0.0000,0.0218,-0.0182,-0.01252,1482
140145,2,0.00302,-0.18674,0.0352,-0.0223,0.2990,0.00173,1497
140155,2,0.00319,-0.18500,0.0096,0.0562,0.2366,0.00674,1508
140165,2,0.00314,-0.18500,-0.0037,0.0337,0.0165,0.00230,1506
140175,2,0.00287,-0.18500,0.0006,0.0202,0.0023,-0.01088,1504
140185,2,0.00282,-0.18500,0.0117,0.0121,0.1046,-0.00551,1477
140195,2,0.00315,-0.18500,0.0213,0.0073,0.2351,0.00901,1510
140205,2,0.00316,-0.18500,-0.0005,0.0044,-0.0235,0.00420,1513
140215,2,0.00301,-0.18500,0.0000,0.0026,-0.0376,-0.00482,1516
140225,2,0.00327,-0.18411,0.0352,0.0370,0.4888,-0.00148,1482
140235,2,0.00321,-0.18411,-0.0303,0.0222,-0.3136,0.01555,1481
140245,2,0.00271,-0.18326,-0.0064,0.0475,-0.0157,-0.01884,1504
140255,2,0.00307,-0.18326,0.0256,0.0285,0.3374,0.00814,1492
140265,2,0.00317,-0.18326,-0.0127,0.0171,-0.1270,0.01429,1506
140275,2,0.00302,-0.18326,-0.0032,0.0103,-0.0491,-0.00257,1503
140285,2,0.00338,-0.18326,0.0368,0.0062,0.4369,0.00291,1475
140295,2,0.00344,-0.18326,-0.0095,0.0037,-0.0989,0.01130,1480
140305,2,0.00315,-0.18237,-0.0005,0.0376,0.0703,-0.01117,1475
140315,2,0.00306,-0.18237,-0.0032,0.0226,-0.0105,0.00001,1480
140325,2,0.00323,-0.18237,0.0208,0.0135,0.2587,0.00129,1487
140335,2,0.00330,-0.18237,-0.0032,0.0081,-0.0261,0.00825,1493
140345,2,0.00330,-0.18237,0.0022,0.0049,0.0273,0.00257,1504
140355,2,0.00557,-0.18063,-0.1979,0.0725,-1.8728,0.21814,1503
140365,2,0.00301,-0.17712,-0.4108,0.1839,-4.2806,0.08001,1483
140375,2,-0.00024,-0.17801,-0.3810,0.0749,-4.5569,0.02773,1519
140385,2,-0.00222,-0.18237,-0.2277,-0.1296,-3.5448,0.01294,1483
140395,2,-0.00290,-0.19022,-0.1197,-0.3915,-3.0887,0.02292,1491
140405,2,-0.00375,-0.19983,-0.1059,-0.6194,-3.6500,0.00651,1504
140415,2,-0.00437,-0.21204,-0.0058,-0.8599,-3.2302,-0.03235,1494
140425,2,-0.00405,-0.22601,0.0942,-1.0750,-2.6517,-0.03534,1509
140435,2,-0.00155,-0.24258,0.1974,-1.3079,-1.8720,0.02461,1506
140445,2,0.00133,-0.26093,0.1751,-1.5184,-2.4479,0.05824,1506
140455,2,0.00363,-0.27924,0.1144,-1.6434,-3.2938,0.06132,1501
140465,2,0.00516,-0.29843,0.0554,-1.7539,-4.1602,0.05374,1504
140475,2,0.00569,-0.31851,0.1081,-1.8556,-3.8113,-0.02169,1512
140485,2,0.00737,-0.34296,0.3762,-2.0911,-1.2281,-0.09681,1518
140495,2,0.01276,-0.37173,0.6237,-2.4058,1.2624,-0.02937,1520
140505,2,0.01911,-0.39706,0.6098,-2.4567,1.5493,0.03158,1484
140515,2,0.02395,-0.42236,0.4646,-2.4860,0.2251,0.03360,1491
140525,2,0.02691,-0.44766,0.3459,-2.5035,-0.9471,0.00184,1493
140535,2,0.02961,-0.47559,0.3608,-2.6191,-0.8715,-0.01586,1491
140545,2,0.03285,-0.50003,0.4050,-2.5492,0.1063,-0.00734,1506
140555,2,0.03660,-0.52359,0.4177,-2.4719,0.7924,0.01487,1506
140565,2,0.04044,-0.54193,0.3209,-2.2168,0.7134,0.07212,1521
140575,2,0.04202,-0.55762,0.1091,-1.9575,-0.9039,0.06632,1505
140585,2,0.04112,-0.57159,0.0133,-1.7336,-1.5190,-0.01037,1493
140595,2,0.04069,-0.58728,0.1049,-1.6676,-0.3534,-0.03298,1511
140605,2,0.04252,-0.60474,0.2310,-1.6988,1.1695,0.01845,1524
140615,2,0.04493,-0.62045,0.1778,-1.6479,0.9024,0.07626,1525
140625,2,0.04563,-0.63354,0.0288,-1.5124,-0.4072,0.06627,1496
140635,2,0.04429,-0.64401,-0.0330,-1.3262,-0.7685,-0.00624,1491
140645,2,0.04365,-0.65536,0.0474,-1.2498,0.2827,-0.01209,1512
140655,2,0.04453,-0.66583,0.0985,-1.1686,1.1620,0.03941,1494
140665,2,0.04550,-0.67545,0.0336,-1.0857,0.7154,0.07742,1512
140675,2,0.04456,-0.68240,-0.1229,-0.9297,-0.7769,0.05892,1508
140685,2,0.04224,-0.68677,-0.1649,-0.7324,-0.9664,0.00887,1475
140695,2,0.04021,-0.69202,-0.1101,-0.6494,-0.3204,-0.00665,1509
140705,2,0.03880,-0.69638,-0.0926,-0.5642,-0.0342,0.01487,1475
140715,2,0.03743,-0.69986,-0.1075,-0.4777,-0.1152,0.02237,1480
140725,2,0.03516,-0.70248,-0.1239,-0.3916,-0.3030,-0.01624,1494
140735,2,0.03380,-0.70599,-0.0234,-0.3753,0.7618,-0.02252,1505
140745,2,0.03364,-0.70859,0.0320,-0.3290,1.5065,0.00959,1491
140755,2,0.03320,-0.70947,-0.0064,-0.2328,1.2791,0.01441,1517
140765,2,0.03197,-0.70859,-0.0590,-0.1043,0.8979,0.00002,1506
140775,2,0.03094,-0.70859,-0.0143,-0.0626,1.4258,-0.01310,1504
140785,2,0.03050,-0.70685,-0.0053,0.0320,1.7461,0.01097,1515
140795,2,0.03009,-0.70511,-0.0250,0.0888,1.6348,0.02204,1510
140805,2,0.02958,-0.70163,-0.0457,0.1924,1.6314,0.02677,1529
140815,2,0.02870,-0.69727,-0.0521,0.2900,1.7428,0.01076,1524
140825,2,0.02845,-0.69376,-0.0154,0.3144,2.2153,0.02374,1497
140835,2,0.02862,-0.68939,-0.0138,0.3632,2.3916,0.04423,1491
140845,2,0.02784,-0.68329,-0.1043,0.4621,1.5476,0.04095,1493
140855,2,0.02660,-0.67804,-0.1075,0.4872,1.4646,0.01802,1491
140865,2,0.02584,-0.67368,-0.0526,0.4669,1.9762,0.01451,1512
140875,2,0.02555,-0.66846,-0.0452,0.4889,2.1023,0.03338,1505
140885,2,0.02509,-0.66147,-0.0628,0.5729,2.0946,0.03358,1521
140895,2,0.02428,-0.65536,-0.1213,0.5879,1.3893,0.04443,1504
140905,2,0.02268,-0.64838,-0.1702,0.6323,0.7971,0.02762,1483
140915,2,0.02101,-0.64142,-0.1580,0.6577,0.8541,0.01644,1508
140925,2,0.01970,-0.63528,-0.1250,0.6400,1.0691,0.01701,1512
140935,2,0.01855,-0.62833,-0.1186,0.6623,1.1015,0.02015,1520
140945,2,0.01718,-0.62045,-0.1553,0.7123,0.6908,0.02624,1484
140955,2,0.01535,-0.61261,-0.1835,0.7411,0.2760,0.01602,1484
140965,2,0.01348,-0.60562,-0.1798,0.7242,0.0995,0.00965,1486
140975,2,0.01161,-0.59778,-0.1596,0.7482,0.2267,-0.00220,1485
140985,2,0.01003,-0.58990,-0.1548,0.7639,0.1822,0.00861,1506
140995,2,0.00856,-0.58292,-0.1373,0.7379,0.1812,0.00364,1505
141005,2,0.00745,-0.57596,-0.1027,0.7210,0.4380,0.00336,1512
141015,2,0.00667,-0.56897,-0.0824,0.7122,0.5832,0.00897,1518
141025,2,0.00637,-0.56461,-0.0399,0.6019,0.7537,0.01099,1475
141035,2,0.00604,-0.55850,-0.0335,0.6053,0.8155,0.00641,1508
141045,2,0.00598,-0.55237,-0.0101,0.6085,1.1005,0.00804,1482
141055,2,0.00591,-0.54803,-0.0106,0.5384,0.9058,0.00792,1494
141065,2,0.00595,-0.54367,0.0000,0.4976,0.9301,0.00786,1520
141075,2,0.00612,-0.53931,0.0016,0.4731,0.9065,0.01349,1520
141085,2,0.00602,-0.53406,-0.0441,0.4938,0.4336,0.02314,1477
141095,2,0.00550,-0.52969,-0.0803,0.4709,-0.0902,0.01991,1480
141105,2,0.00477,-0.52533,-0.0782,0.4571,-0.1682,0.00705,1491
141115,2,0.00427,-0.52097,-0.0479,0.4488,0.1189,0.00349,1484
141125,2,0.00396,-0.51749,-0.0436,0.4084,0.0339,0.01007,1502
141135,2,0.00399,-0.51575,-0.0032,0.3146,0.2534,0.00715,1510
141145,2,0.00420,-0.51312,0.0048,0.2938,0.3145,0.01212,1474
141155,2,0.00463,-0.51050,0.0293,0.2812,0.6113,0.01155,1512
141165,2,0.00545,-0.50787,0.0437,0.2737,0.8437,0.02468,1478
141175,2,0.00604,-0.50702,-0.0005,0.1984,0.1893,0.03586,1484
141185,2,0.00614,-0.50528,0.0000,0.1886,0.1821,0.01110,1494
141195,2,0.00619,-0.50266,-0.0239,0.2182,-0.0052,0.02046,1496
141205,2,0.00609,-0.50177,-0.0202,0.1663,-0.1108,0.01134,1524
141215,2,0.00625,-0.50177,-0.0064,0.0998,-0.1155,0.01736,1527
141225,2,0.00646,-0.50092,-0.0010,0.0940,-0.0463,0.01782,1491
141235,2,0.00653,-0.50092,-0.0058,0.0564,-0.1968,0.01292,1492
141245,2,0.00660,-0.50092,0.0043,0.0339,-0.1343,0.00792,1505
141255,2,0.00653,-0.50177,-0.0048,-0.0139,-0.3774,0.00515,1508
141265,2,0.00666,-0.50266,0.0298,-0.0437,-0.0471,-0.00171,1507
141275,2,0.00658,-0.50351,-0.0111,-0.0604,-0.5751,0.00842,1508
141285,2,0.00678,-0.50528,0.0325,-0.1070,-0.1808,0.00043,1475
141295,2,0.00748,-0.50613,0.0570,-0.0984,0.1937,0.01395,1521
141305,2,0.00753,-0.50702,-0.0127,-0.0944,-0.5980,0.01648,1475
141315,2,0.00710,-0.50702,0.0006,-0.0567,-0.3848,-0.01482,1480
141325,2,0.00704,-0.50702,0.0043,-0.0340,-0.2858,0.00209,1503
141335,2,0.00759,-0.50702,0.0527,-0.0204,0.3655,0.00867,1509
141345,2,0.00771,-0.50702,-0.0149,-0.0122,-0.3819,0.02101,1491
141355,2,0.00707,-0.50702,-0.0212,-0.0073,-0.5065,-0.01445,1502
141365,2,0.00727,-0.50702,0.0522,-0.0044,0.3708,-0.00859,1507
141375,2,0.00797,-0.50702,0.0229,-0.0026,0.1064,0.03126,1508
141385,2,0.00792,-0.50702,-0.0032,-0.0016,-0.1965,0.00731,1491
141395,2,0.00747,-0.50702,-0.0122,-0.0010,-0.3441,-0.00891,1510
141405,2,0.00734,-0.50702,0.0123,-0.0006,-0.0737,-0.00560,1516
141415,2,0.00779,-0.50702,0.0149,-0.0003,0.0031,0.02313,1523
141425,2,0.00805,-0.50702,-0.0037,-0.0002,-0.1859,0.02290,1491
141435,2,0.00750,-0.50702,0.0011,-0.0001,-0.1860,-0.02097,1480
141445,2,0.00605,-0.50787,0.0639,-0.0343,0.3015,-0.09834,1501
141455,2,0.00660,-0.50964,0.2703,-0.0914,2.5855,-0.10083,1500
141465,2,0.00865,-0.50964,0.3464,-0.0548,3.7688,-0.06193,1512
141475,2,0.01064,-0.50702,0.3134,0.0721,3.9341,-0.04688,1511
141485,2,0.01180,-0.50266,0.2789,0.2178,4.0534,-0.06951,1483
141495,2,0.01229,-0.49393,0.3060,0.4798,5.1433,-0.11606,1523
141505,2,0.01328,-0.48083,0.3661,0.8116,6.8608,-0.12059,1488
141515,2,0.01432,-0.46249,0.3672,1.2206,8.1204,-0.11729,1491
141525,2,0.01457,-0.43719,0.2815,1.7443,8.6228,-0.11369,1508
141535,2,0.01450,-0.40665,0.1474,2.2685,8.5453,-0.06233,1504
141545,2,0.01374,-0.37173,-0.0404,2.7576,7.6898,-0.00407,1512
141555,2,0.01035,-0.32724,-0.4507,3.4343,4.5278,0.06615,1510
141565,2,0.00468,-0.27487,-0.7880,4.1553,2.1164,0.11521,1509
141575,2,-0.00595,-0.21729,-1.0828,4.7967,-0.5032,0.00394,1506
141585,2,-0.01619,-0.16144,-1.0855,5.1119,-0.5951,0.01425,1508
141595,2,-0.02688,-0.10559,-1.0849,5.3010,-1.0360,-0.01877,1504
141605,2,-0.03435,-0.05496,-0.8333,5.2058,0.9655,0.00861,1514
141615,2,-0.04098,-0.00259,-0.8380,5.2182,0.3810,0.04644,1515
141625,2,-0.05007,0.04626,-0.9115,5.0853,-1.6423,-0.04864,1526
141635,2,-0.05766,0.08990,-0.6640,4.7968,-0.2387,-0.10507,1520
141645,2,-0.06033,0.13089,-0.2985,4.5175,3.0407,-0.04445,1483
141655,2,-0.05985,0.16669,-0.2852,4.1424,2.2915,0.10679,1491
141665,2,-0.06330,0.20422,-0.5773,3.9869,-1.7817,0.05262,1497
141675,2,-0.07025,0.24347,-0.6177,3.9620,-2.9360,-0.10892,1510
141685,2,-0.07277,0.27490,-0.1202,3.6345,1.7356,-0.13853,1541
141695,2,-0.06919,0.29846,0.0900,3.1231,3.1784,0.06471,1521
141705,2,-0.06778,0.32639,-0.2352,2.9908,-0.7466,0.12041,1509
141715,2,-0.07295,0.35779,-0.5539,3.0506,-4.7256,-0.05442,1511
141725,2,-0.07695,0.38486,-0.2224,2.9131,-1.6144,-0.16609,1522
141735,2,-0.07474,0.40320,0.1884,2.4815,2.2188,-0.05817,1520
141745,2,-0.06979,0.41974,0.2006,2.1505,1.9865,0.07757,1483
141755,2,-0.06868,0.43896,-0.1053,2.0594,-1.6526,0.03911,1491
141765,2,-0.07078,0.45728,-0.1585,1.9680,-2.6905,-0.09649,1496
141775,2,-0.06985,0.47037,0.1410,1.7045,0.1754,-0.09371,1502
141785,2,-0.06460,0.48083,0.3470,1.4414,2.3847,0.02436,1508
141795,2,-0.06008,0.49133,0.1559,1.2848,0.2208,0.08791,1503
141805,2,-0.05887,0.50180,0.0426,1.1896,-1.2082,-0.01989,1484
141815,2,-0.05730,0.50879,0.1171,0.9933,-0.7100,-0.03731,1491
141825,2,-0.05374,0.51227,0.2331,0.7351,0.2923,0.00796,1474
141835,2,-0.04978,0.51401,0.2129,0.5107,-0.1526,0.04189,1482
141845,2,-0.04744,0.51401,0.1112,0.3064,-1.6490,0.01383,1503
141855,2,-0.04533,0.51227,0.1762,0.1143,-1.2125,-0.02775,1510
141865,2,-0.04175,0.50790,0.2544,-0.1060,-0.5575,0.00995,1538
141875,2,-0.03822,0.50266,0.1810,-0.2736,-1.5200,0.04746,1500
141885,2,-0.03653,0.49744,0.0937,-0.3729,-2.6395,0.00125,1504
141895,2,-0.03499,0.48871,0.1639,-0.5728,-2.2331,-0.04008,1506
141905,2,-0.03218,0.47736,0.2581,-0.7978,-1.4956,-0.02061,1524
141915,2,-0.02867,0.46515,0.3012,-0.9670,-1.1288,-0.00348,1521
141925,2,-0.02521,0.45206,0.2858,-1.1039,-1.3587,0.00474,1484
141935,2,-0.02273,0.43896,0.2288,-1.1860,-2.0174,-0.01324,1491
141945,2,-0.02034,0.42499,0.2485,-1.2707,-1.8074,-0.02504,1507
141955,2,-0.01760,0.41101,0.2954,-1.3215,-1.1572,-0.02833,1494
141965,2,-0.01399,0.39706,0.3337,-1.3508,-0.4604,-0.00046,1506
141975,2,-0.01075,0.38223,0.2320,-1.4037,-1.4834,0.03558,1507
141985,2,-0.00931,0.36914,0.1288,-1.3659,-2.4556,-0.00187,1499
141995,2,-0.00820,0.35605,0.1474,-1.3432,-2.0922,-0.02619,1523
142005,2,-0.00595,0.34033,0.2145,-1.4346,-1.3707,-0.00095,1493
142015,2,-0.00406,0.32550,0.1836,-1.4540,-1.6193,-0.00123,1491
142025,2,-0.00287,0.31155,0.1692,-1.4303,-1.6290,-0.02823,1530
142035,2,-0.00113,0.29672,0.2315,-1.4514,-0.8203,-0.02955,1532
142045,2,0.00177,0.28101,0.2996,-1.4995,0.0954,-0.00346,1486
142055,2,0.00469,0.26443,0.2767,-1.5626,-0.0800,0.01244,1491
142065,2,0.00733,0.24698,0.2656,-1.6358,-0.1772,0.00666,1513
142075,2,0.01023,0.22775,0.2852,-1.7505,-0.0082,0.01247,1501
142085,2,0.01333,0.21033,0.2459,-1.7473,-0.1785,0.04543,1512
142095,2,0.01520,0.19550,0.1256,-1.6417,-1.1233,0.04603,1514
142105,2,0.01577,0.18152,0.0969,-1.5441,-1.1606,-0.00443,1483
142115,2,0.01673,0.16580,0.1687,-1.5551,-0.2930,-0.01931,1491
142125,2,0.01899,0.14923,0.2528,-1.5959,0.7624,0.00555,1493
142135,2,0.02189,0.13351,0.2193,-1.5862,0.6600,0.05695,1494
142145,2,0.02265,0.11783,0.0575,-1.5792,-1.1438,0.03232,1512
142155,2,0.02265,0.10211,0.1171,-1.5762,-0.4760,-0.03596,1512
142165,2,0.02448,0.08466,0.2501,-1.6439,1.0279,-0.00905,1503
142175,2,0.02767,0.06631,0.2799,-1.7200,1.4488,0.04686,1503
142185,2,0.02942,0.05148,0.1043,-1.6253,-0.1772,0.06497,1509
142195,2,0.02909,0.03928,0.0357,-1.4634,-0.5877,-0.00539,1515
142205,2,0.02949,0.02704,0.1112,-1.3676,0.5633,-0.00598,1484
142215,2,0.03055,0.01309,0.0772,-1.3784,0.2201,0.04513,1524
142225,2,0.03107,0.00177,0.0000,-1.2799,-0.3743,0.05693,1488
142235,2,0.02976,-0.00610,-0.1378,-1.0829,-1.5784,0.03312,1491
142245,2,0.02733,-0.01395,-0.1963,-0.9635,-2.1879,0.00386,1508
142255,2,0.02487,-0.02182,-0.1724,-0.8930,-1.9796,-0.01195,1502
142265,2,0.02328,-0.03055,-0.1064,-0.8849,-1.3688,-0.00270,1518
142275,2,0.02242,-0.03928,-0.0862,-0.8801,-1.2243,0.02223,1505
142285,2,0.02127,-0.04623,-0.1165,-0.8064,-1.5021,0.02221,1488
142295,2,0.01960,-0.05322,-0.1319,-0.7634,-1.7431,0.00208,1494
142305,2,0.01794,-0.06021,-0.1122,-0.7376,-1.6244,-0.00922,1522
142315,2,0.01686,-0.06720,-0.0649,-0.7221,-1.1548,-0.00437,1526
142325,2,0.01624,-0.07416,-0.0420,-0.7116,-0.9368,0.00607,1504
142335,2,0.01567,-0.08115,-0.0452,-0.7065,-1.0303,0.00948,1492
142345,2,0.01493,-0.08725,-0.0638,-0.6680,-1.2261,0.00998,1508
142355,2,0.01445,-0.09335,-0.0122,-0.6450,-0.6260,-0.00347,1508
142365,2,0.01447,-0.10034,0.0011,-0.6665,-0.5415,0.01499,1475
142375,2,0.01399,-0.10645,-0.0601,-0.6441,-1.2473,0.02002,1510
142385,2,0.01259,-0.11169,-0.1005,-0.5964,-1.7342,-0.00690,1483
142395,2,0.01148,-0.11606,-0.0718,-0.5324,-1.3479,-0.00851,1491
142405,2,0.01097,-0.12216,-0.0399,-0.5636,-1.1255,0.00541,1524
142415,2,0.01027,-0.12653,-0.0819,-0.5127,-1.5508,0.01647,1501
142425,2,0.00921,-0.13177,-0.0654,-0.5176,-1.4885,-0.01098,1496
142435,2,0.00862,-0.13788,-0.0298,-0.5547,-1.2479,-0.00640,1491
142445,2,0.00843,-0.14313,-0.0106,-0.5428,-1.0227,0.00427,1513
142455,2,0.00809,-0.14923,-0.0282,-0.5698,-1.3441,0.00523,1502
142465,2,0.00744,-0.15445,-0.0516,-0.5506,-1.6368,0.00098,1515
142475,2,0.00657,-0.15881,-0.0654,-0.5049,-1.7679,-0.00442,1513
142485,2,0.00567,-0.16318,-0.0691,-0.4775,-1.8341,-0.00461,1483
142495,2,0.00486,-0.16754,-0.0409,-0.4611,-1.5524,-0.01529,1491
142505,2,0.00412,-0.17102,-0.0330,-0.4158,-1.4171,-0.01621,1493
142515,2,0.00378,-0.17538,0.0016,-0.4240,-1.0821,-0.01427,1491
142525,2,0.00360,-0.17975,0.0123,-0.4290,-0.9984,-0.01149,1513
142535,2,0.00354,-0.18411,0.0346,-0.4320,-0.7617,-0.01652,1511
142545,2,0.00398,-0.18762,0.0783,-0.3996,-0.1329,-0.01359,1474
142555,2,0.00493,-0.19199,0.0841,-0.4143,-0.0183,0.01060,1517
142565,2,0.00549,-0.19547,0.0490,-0.3877,-0.3030,0.00899,1476
142575,2,0.00581,-0.19894,0.0564,-0.3718,-0.1483,-0.00643,1480
142585,2,0.00625,-0.20157,0.0538,-0.3281,-0.0214,0.00139,1491
142595,2,0.00644,-0.20331,0.0293,-0.2664,-0.1219,0.00109,1495
142605,2,0.00674,-0.20593,0.0314,-0.2648,-0.0672,0.00642,1511
142615,2,0.00707,-0.20682,0.0336,-0.1943,0.1793,0.00647,1511
142625,2,0.00709,-0.20682,-0.0064,-0.1166,-0.0694,0.01118,1518
142635,2,0.00689,-0.20767,-0.0016,-0.1041,-0.0010,-0.00192,1504
142645,2,0.00668,-0.20767,-0.0042,-0.0625,0.0600,-0.00189,1475
142655,2,0.00639,-0.20767,-0.0069,-0.0375,0.0682,-0.00463,1508
142665,2,0.00617,-0.20767,-0.0010,-0.0225,0.1550,-0.00414,1494
142675,2,0.00597,-0.20682,-0.0032,0.0207,0.2287,-0.00273,1495
142685,2,0.00624,-0.20682,0.0234,0.0124,0.5411,0.00820,1527
142695,2,0.00628,-0.20593,-0.0085,0.0428,0.2600,0.01245,1512
142705,2,0.00616,-0.20508,-0.0021,0.0599,0.3691,0.00093,1494
142715,2,0.00603,-0.20419,-0.0005,0.0713,0.4081,0.00016,1503
142725,2,0.00623,-0.20331,0.0298,0.0782,0.7991,0.00139,1506
142735,2,0.00635,-0.20245,0.0213,0.0811,0.7216,0.00146,1508
142745,2,0.00632,-0.20157,-0.0026,0.0841,0.4512,0.00598,1513
142755,2,0.00611,-0.20157,-0.0064,0.0504,0.2960,-0.00121,1512
142765,2,0.00640,-0.20157,0.0352,0.0303,0.7505,0.00357,1475
142775,2,0.00702,-0.20071,0.0453,0.0523,0.9905,0.01533,1522
142785,2,0.00737,-0.20071,0.0155,0.0314,0.6243,0.01731,1474
142795,2,0.00748,-0.19983,0.0027,0.0542,0.5511,0.01155,1479
142805,2,0.00722,-0.19894,-0.0377,0.0679,0.0961,0.01292,1494
142815,2,0.00699,-0.19809,0.0016,0.0749,0.5490,-0.00537,1489
142825,2,0.00780,-0.19809,0.0543,0.0450,1.1578,0.02138,1510
142835,2,0.00816,-0.19809,-0.0095,0.0270,0.4065,0.03087,1510
142845,2,0.00759,-0.19635,-0.0468,0.0858,0.0818,0.00248,1474
142855,2,0.00731,-0.19635,0.0000,0.0515,0.5025,-0.00656,1480
142865,2,0.00788,-0.19635,0.0426,0.0309,0.9952,0.01486,1476
142875,2,0.00807,-0.19635,-0.0181,0.0185,0.2794,0.02669,1484
142885,2,0.00753,-0.19547,-0.0377,0.0465,0.0753,-0.00076,1503
142895,2,0.00696,-0.19547,-0.0324,0.0279,0.0297,-0.00528,1509
142905,2,0.00721,-0.19547,0.0282,0.0167,0.7258,0.00568,1494
142915,2,0.00773,-0.19547,0.0070,0.0100,0.5132,0.03021,1504
142925,2,0.00718,-0.19547,-0.0388,0.0060,-0.0819,-0.00112,1475
142935,2,0.00638,-0.19458,-0.0473,0.0390,-0.1682,-0.00964,1508
142945,2,0.00662,-0.19547,0.0261,-0.0120,0.5646,0.00559,1495
142955,2,0.00717,-0.19547,0.0011,-0.0072,0.3430,0.03398,1518
142965,2,0.00719,-0.19547,-0.0069,-0.0043,0.2608,0.01177,1491
142975,2,0.00708,-0.19458,-0.0064,0.0328,0.3583,0.00474,1485
142985,2,0.00691,-0.19458,-0.0069,0.0197,0.2990,0.00153,1505
142995,2,0.00662,-0.19458,-0.0117,0.0118,0.1935,-0.00200,1503
143005,2,0.00646,-0.19458,0.0022,0.0071,0.3247,-0.00262,1508
143015,2,0.00673,-0.19373,0.0234,0.0384,0.6844,0.00856,1506
143025,2,0.00692,-0.19373,-0.0074,0.0231,0.3046,0.02002,1475
143035,2,0.00637,-0.19284,-0.0346,0.0492,0.0093,-0.00355,1481
143045,2,0.00611,-0.19199,-0.0122,0.0637,0.2825,-0.00090,1478
143055,2,0.00641,-0.19199,0.0309,0.0382,0.7414,0.00590,1484
143065,2,0.00667,-0.19199,-0.0026,0.0229,0.3381,0.02089,1499
143075,2,0.00641,-0.19110,-0.0117,0.0492,0.2811,-0.00040,1504
143085,2,0.00599,-0.19022,-0.0346,0.0649,0.0185,0.00197,1475
143095,2,0.00572,-0.18936,-0.0010,0.0731,0.4030,-0.00731,1481
143105,2,0.00598,-0.18848,0.0107,0.0793,0.5831,0.01394,1475
143115,2,0.00577,-0.18848,-0.0308,0.0476,-0.0038,0.01062,1484
143125,2,0.00516,-0.18762,-0.0255,0.0627,0.0393,-0.01278,1491
143135,2,0.00531,-0.18674,0.0240,0.0730,0.6563,0.00098,1495
143145,2,0.00559,-0.18674,-0.0021,0.0438,0.3033,0.02052,1511
143155,2,0.00511,-0.18585,-0.0447,0.0617,-0.1866,0.00338,1509
143165,2,0.00475,-0.18500,-0.0048,0.0712,0.2661,-0.01095,1474
143175,2,0.00497,-0.18500,0.0187,0.0427,0.4817,0.00674,1484
143185,2,0.00502,-0.18326,-0.0053,0.0952,0.3557,0.01028,1477
143195,2,0.00441,-0.18149,-0.0659,0.1279,-0.3140,0.00706,1480
143205,2,0.00377,-0.17975,-0.0415,0.1463,-0.0422,-0.00785,1491
143215,2,0.00342,-0.17975,-0.0197,0.0878,0.0163,-0.00429,1492
143225,2,0.00320,-0.17801,-0.0138,0.1223,0.1591,-0.00073,1511
143235,2,0.00281,-0.17801,-0.0335,0.0734,-0.2401,0.00003,1513
143245,2,0.00229,-0.17627,-0.0399,0.1136,-0.2532,-0.00372,1516
143255,2,0.00161,-0.17453,-0.0452,0.1377,-0.3134,-0.00967,1511
143265,2,0.00143,-0.17365,-0.0053,0.1180,0.0784,-0.00486,1477
143275,2,0.00144,-0.17276,-0.0149,0.1062,-0.0624,0.00903,1480
143285,2,0.00077,-0.17102,-0.0670,0.1333,-0.6550,0.00095,1481
143295,2,0.00012,-0.16931,-0.0388,0.1483,-0.3496,-0.01296,1489
143305,2,0.00012,-0.16931,-0.0016,0.0890,-0.0805,0.00065,1497
143315,2,-0.00004,-0.16754,-0.0218,0.1242,-0.2308,0.00314,1499
143325,2,-0.00058,-0.16580,-0.0596,0.1441,-0.6644,0.00207,1512
143335,2,-0.00116,-0.16495,-0.0361,0.1206,-0.5132,-0.01192,1515
143345,2,-0.00140,-0.16403,-0.0079,0.1090,-0.2408,-0.00934,1475
143355,2,-0.00155,-0.16403,-0.0122,0.0654,-0.4240,-0.00333,1523
143365,2,-0.00217,-0.16318,0.0064,0.0734,-0.2470,-0.03638,1474
143375,2,-0.00355,-0.16403,0.0612,0.0099,0.0757,-0.10294,1480
143385,2,-0.00324,-0.16403,0.2262,0.0059,2.0030,-0.10077,1491
143395,2,-0.00164,-0.16403,0.3124,0.0036,3.1524,-0.07791,1501
143405,2,0.00022,-0.16144,0.2618,0.1059,3.0358,-0.03759,1504
143415,2,0.00117,-0.15445,0.1379,0.3431,2.3535,-0.02025,1510
143425,2,0.00106,-0.14398,0.0543,0.6245,2.1590,-0.03198,1512
143435,2,0.00090,-0.13263,0.0830,0.8288,3.0507,-0.04858,1511
143445,2,0.00200,-0.12216,0.1868,0.9160,4.6163,-0.03620,1483
143455,2,0.00408,-0.11169,0.1825,0.9683,4.9357,0.01686,1491
143465,2,0.00540,-0.09686,-0.0016,1.1742,3.5252,0.07234,1486
143475,2,0.00423,-0.07941,-0.2346,1.4028,1.3666,0.06302,1500
143485,2,0.00058,-0.05933,-0.4044,1.6449,-0.2658,0.01989,1513
143495,2,-0.00300,-0.03839,-0.3597,1.8243,0.4203,-0.00212,1505
143505,2,-0.00522,-0.01831,-0.2809,1.8978,1.3465,0.02422,1512
143515,2,-0.00707,0.00000,-0.2634,1.8711,1.3270,0.03212,1510
143525,2,-0.00902,0.01660,-0.2570,1.7867,1.0093,0.02232,1484
143535,2,-0.01123,0.03055,-0.2612,1.6299,0.3398,0.00849,1491
143545,2,-0.01318,0.04276,-0.2091,1.4662,0.3279,-0.00577,1484
143555,2,-0.01373,0.05237,-0.0558,1.2643,1.5142,-0.01365,1491
143565,2,-0.01296,0.05847,0.0224,1.0027,1.7974,0.01451,1496
143575,2,-0.01243,0.06372,-0.0058,0.8116,1.0151,0.01680,1504
143585,2,-0.01181,0.06894,0.0511,0.6957,1.4308,-0.00614,1509
143595,2,-0.00993,0.07068,0.1049,0.4870,1.6765,0.03167,1505
143605,2,-0.00834,0.07330,0.0676,0.3972,1.1657,0.03747,1484
143615,2,-0.00738,0.07504,0.0559,0.3079,0.8870,0.01268,1520
143625,2,-0.00627,0.07593,0.0564,0.2201,0.7663,0.02054,1475
143635,2,-0.00515,0.07504,0.0554,0.0967,0.5295,0.02339,1485
143645,2,-0.00429,0.07419,0.0415,0.0238,0.2560,0.01796,1485
143655,2,-0.00334,0.07245,0.0346,-0.0553,0.0526,0.02679,1489
143665,2,-0.00285,0.06982,-0.0074,-0.1382,-0.6138,0.02557,1502
143675,2,-0.00250,0.06720,0.0410,-0.1879,-0.1590,-0.00551,1512
143685,2,-0.00156,0.06372,0.0713,-0.2519,0.1044,0.00939,1475
143695,2,-0.00071,0.05936,0.0442,-0.3257,-0.3330,0.01971,1512
143705,2,-0.00036,0.05499,0.0224,-0.3700,-0.6785,0.00600,1475
143715,2,0.00022,0.05063,0.0442,-0.3965,-0.4484,0.00730,1480
143725,2,0.00055,0.04538,0.0054,-0.4479,-1.0139,0.01429,1486
143735,2,0.00079,0.04276,0.0165,-0.3737,-0.6640,0.00472,1494
143745,2,0.00116,0.03754,-0.0048,-0.4330,-1.0441,0.02187,1511
143755,2,0.00085,0.03491,-0.0495,-0.3648,-1.4117,0.01002,1508
143765,2,0.00028,0.03140,-0.0580,-0.3592,-1.5586,0.00066,1515
143775,2,-0.00042,0.02881,-0.0654,-0.3193,-1.6103,-0.00239,1519
143785,2,-0.00111,0.02444,-0.0580,-0.3661,-1.7280,-0.00656,1484
143795,2,-0.00126,0.02008,-0.0042,-0.3942,-1.2063,-0.00685,1520
143805,2,-0.00143,0.01572,-0.0409,-0.4111,-1.7013,0.01072,1505
143815,2,-0.00209,0.01309,-0.0510,-0.3516,-1.7281,-0.00988,1500
143825,2,-0.00277,0.00873,-0.0473,-0.3855,-1.8525,-0.01295,1512
143835,2,-0.00333,0.00262,-0.0447,-0.4755,-2.1328,-0.00895,1512
143845,2,-0.00378,-0.00174,-0.0032,-0.4598,-1.6637,-0.02481,1528
143855,2,-0.00360,-0.00784,0.0282,-0.5200,-1.4572,-0.00859,1505
143865,2,-0.00778,-0.01483,0.0618,-0.5916,-1.6937,-0.24801,1489
143875,2,-0.00635,-0.02618,0.6785,-0.8090,4.9686,-0.27361,1497
143885,2,0.00023,-0.03751,1.1308,-0.9383,10.4806,-0.23649,1520
143895,2,0.00866,-0.03839,1.1084,-0.5984,11.9819,-0.12420,1525
143905,2,0.01208,-0.02356,0.5784,0.2342,8.4816,-0.10612,1534
143915,2,0.01173,0.00089,0.3081,1.1183,7.7664,-0.15938,1505
143925,2,0.01433,0.02704,0.3140,1.7171,9.7658,-0.01282,1506
143935,2,0.01711,0.06195,0.0431,2.4268,8.9015,0.13454,1510
143945,2,0.01490,0.10736,-0.4954,3.2725,4.8345,0.15206,1517
143955,2,0.00855,0.16144,-0.8162,4.1266,2.9102,0.09910,1518
143965,2,0.00199,0.21381,-0.8348,4.5707,3.3438,0.09133,1526
143975,2,-0.00620,0.26266,-1.0988,4.6967,-0.0898,0.13382,1507
143985,2,-0.01931,0.32202,-1.2967,5.1923,-2.2291,-0.02659,1496
143995,2,-0.02862,0.36914,-0.9535,5.0002,0.3781,-0.01750,1503
144005,2,-0.03536,0.41364,-0.8902,4.7799,-0.0755,0.07284,1504
144015,2,-0.04514,0.46164,-0.9817,4.7881,-1.9955,-0.04312,1506
144025,2,-0.05231,0.50180,-0.6805,4.4793,0.0095,-0.07058,1514
144035,2,-0.05612,0.53583,-0.4586,4.0487,1.0902,-0.01753,1517
144045,2,-0.05818,0.56812,-0.4453,3.7207,0.2100,0.06183,1508
144055,2,-0.06281,0.59866,-0.5342,3.4543,-1.9445,-0.02742,1507
144065,2,-0.06635,0.62659,-0.3693,3.1896,-1.0557,-0.05842,1512
144075,2,-0.06742,0.65179,-0.2213,2.9220,-0.1310,-0.01037,1511
144085,2,-0.06814,0.67371,-0.1500,2.6297,-0.1306,-0.02913,1484
144095,2,-0.06755,0.69028,-0.0441,2.2407,0.1276,-0.01610,1491
144105,2,-0.06599,0.70416,-0.0090,1.8998,-0.2096,0.01662,1493
144115,2,-0.06506,0.71646,-0.0644,1.6318,-1.4606,0.01372,1495
144125,2,-0.06484,0.72693,-0.0420,1.3978,-1.7957,-0.03285,1513
144135,2,-0.06367,0.73303,0.0591,1.0828,-1.3540,-0.03497,1508
144145,2,-0.06068,0.73471,0.2044,0.7168,-0.3661,-0.01318,1519
144155,2,-0.05706,0.73560,0.2352,0.4655,-0.3292,0.00622,1502
144165,2,-0.05391,0.73392,0.2038,0.2122,-1.0691,0.00157,1475
144175,2,-0.05085,0.73129,0.2118,0.0223,-1.1918,-0.00365,1507
144185,2,-0.04756,0.72687,0.2033,-0.1636,-1.4751,0.01533,1496
144195,2,-0.04458,0.72256,0.1708,-0.2703,-1.8513,0.01887,1497
144205,2,-0.04242,0.71646,0.1235,-0.4063,-2.5638,0.00399,1507
144215,2,-0.04063,0.70773,0.1623,-0.5929,-2.4593,-0.03247,1510
144225,2,-0.03784,0.69727,0.2805,-0.7744,-1.3277,-0.03858,1510
144235,2,-0.03432,0.68323,0.3283,-1.0262,-1.1323,-0.02233,1512
144245,2,-0.03045,0.66751,0.3746,-1.2444,-0.8328,-0.02425,1483
144255,2,-0.02596,0.65015,0.3858,-1.4412,-0.8228,0.00567,1523
144265,2,-0.02215,0.63354,0.3001,-1.5288,-1.7025,0.01820,1484
144275,2,-0.02005,0.61871,0.2028,-1.5105,-2.5975,-0.01656,1491
144285,2,-0.01822,0.60129,0.2576,-1.6033,-2.0654,-0.05524,1505
144295,2,-0.01424,0.58383,0.4321,-1.6602,0.1612,-0.03167,1505
144305,2,-0.00846,0.56549,0.4034,-1.7298,0.1821,0.07907,1513
144315,2,-0.00579,0.54977,0.1352,-1.6665,-2.5099,0.06028,1512
144325,2,-0.00609,0.53409,0.0650,-1.6274,-3.2755,-0.05390,1522
144335,2,-0.00393,0.51486,0.3459,-1.7455,-0.1681,-0.06874,1514
144345,2,0.00226,0.49393,0.4986,-1.8847,1.7976,0.06264,1483
144355,2,0.00677,0.47647,0.2405,-1.8290,-0.6192,0.11165,1491
144365,2,0.00633,0.45990,0.0123,-1.7603,-3.1464,-0.02176,1496
144375,2,0.00640,0.43982,0.1506,-1.8594,-1.8456,-0.06511,1495
144385,2,0.00997,0.41888,0.2719,-1.9530,-0.3813,0.05209,1508
144395,2,0.01230,0.40320,0.0580,-1.7993,-2.2336,0.10024,1503
144405,2,0.01011,0.38922,-0.1649,-1.6386,-4.6203,-0.01731,1514
144415,2,0.00819,0.37439,0.0070,-1.5764,-2.6833,-0.09124,1510
144425,2,0.01040,0.35779,0.2288,-1.6099,-0.0194,0.00659,1484
144435,2,0.01281,0.34122,0.0926,-1.6288,-1.4367,0.08682,1520
144445,2,0.01224,0.32639,0.0139,-1.5705,-2.2733,-0.02305,1483
144455,2,0.01236,0.30719,0.1405,-1.7101,-1.2114,-0.05177,1491
144465,2,0.01525,0.28537,0.2783,-1.8989,0.1173,0.02073,1493
144475,2,0.01797,0.26617,0.1283,-1.9072,-1.4055,0.08949,1491
144485,2,0.01728,0.25220,-0.0484,-1.7034,-2.9893,0.00726,1506
144495,2,0.01608,0.23648,0.0357,-1.6507,-2.0232,-0.06178,1502
144505,2,0.01781,0.21732,0.2852,-1.7570,0.7098,-0.03850,1523
144515,2,0.02184,0.19812,0.3246,-1.8220,1.3541,0.06096,1521
144525,2,0.02413,0.18152,0.1352,-1.7573,-0.4634,0.07094,1518
144535,2,0.02428,0.16580,0.0607,-1.6830,-1.1369,0.00178,1510
144545,2,0.02485,0.14835,0.1176,-1.7081,-0.5228,-0.00568,1505
144555,2,0.02637,0.12915,0.1469,-1.7927,-0.2980,0.02910,1502
144565,2,0.02703,0.10995,0.0793,-1.8434,-1.1869,0.02040,1504
144575,2,0.02773,0.09076,0.1687,-1.8739,-0.2029,-0.02202,1510
144585,2,0.02979,0.07245,0.2719,-1.8567,1.2087,-0.00289,1485
144595,2,0.03288,0.05411,0.2730,-1.8477,1.5193,0.05102,1491
144605,2,0.03460,0.03928,0.1112,-1.7019,0.1878,0.06471,1508
144615,2,0.03478,0.02704,0.0298,-1.5106,-0.2395,0.02885,1504
144625,2,0.03443,0.01572,-0.0074,-1.3593,-0.3150,0.02086,1508
144635,2,0.03351,0.00525,-0.0824,-1.2343,-0.9546,0.02863,1508
144645,2,0.03197,-0.00436,-0.1154,-1.1251,-1.2113,0.01257,1507
144655,2,0.03051,-0.01483,-0.1101,-1.0937,-1.2292,0.01281,1510
144665,2,0.02904,-0.02530,-0.1112,-1.0749,-1.3569,0.01088,1484
144675,2,0.02784,-0.03577,-0.1000,-1.0637,-1.3361,0.01784,1491
144685,2,0.02633,-0.04449,-0.1383,-0.9873,-1.7389,0.01981,1483
144695,2,0.02439,-0.05411,-0.1495,-0.9769,-2.0509,0.00215,1494
144705,2,0.02230,-0.06195,-0.1282,-0.8999,-1.8180,-0.01781,1507
144715,2,0.02158,-0.07153,-0.0095,-0.9232,-0.5989,-0.00958,1500
144725,2,0.02154,-0.08026,-0.0314,-0.9031,-0.8170,0.03508,1502
144735,2,0.02053,-0.08725,-0.1197,-0.8214,-1.7304,0.02977,1502
144745,2,0.01826,-0.09250,-0.2086,-0.7028,-2.6715,0.00926,1484
144755,2,0.01606,-0.09772,-0.1835,-0.6304,-2.4149,-0.00224,1520
144765,2,0.01458,-0.10297,-0.1383,-0.5882,-1.9351,0.00953,1483
144775,2,0.01310,-0.10733,-0.1420,-0.5275,-1.9684,0.01037,1494
144785,2,0.01121,-0.11169,-0.1750,-0.4911,-2.4476,0.00412,1507
144795,2,0.00939,-0.11517,-0.1521,-0.4338,-2.2158,-0.00572,1507
144805,2,0.00755,-0.11868,-0.1394,-0.4007,-2.1674,-0.01444,1514
144815,2,0.00569,-0.12216,-0.1452,-0.3796,-2.3701,-0.01500,1512
144825,2,0.00457,-0.12567,-0.0755,-0.3681,-1.6509,-0.01352,1526
144835,2,0.00387,-0.12915,-0.0665,-0.3600,-1.6010,0.00192,1527
144845,2,0.00279,-0.13177,-0.0697,-0.3210,-1.6436,-0.01597,1483
144855,2,0.00180,-0.13614,-0.0457,-0.3672,-1.5994,-0.02515,1491
144865,2,0.00136,-0.14050,0.0171,-0.3949,-1.0006,-0.02921,1496
144875,2,0.00151,-0.14572,0.0596,-0.4457,-0.6409,-0.02074,1491
144885,2,0.00210,-0.15097,0.0857,-0.4774,-0.3765,-0.01126,1494
144895,2,0.00320,-0.15707,0.1070,-0.5306,-0.1763,0.00483,1503
144905,2,0.00419,-0.16144,0.0830,-0.4929,-0.2607,0.01211,1503
144915,2,0.00482,-0.16669,0.0399,-0.5057,-0.7405,0.01649,1508
144925,2,0.00501,-0.17017,0.0181,-0.4426,-0.8089,0.00550,1514
144935,2,0.00505,-0.17276,0.0011,-0.3693,-0.8084,0.00626,1513
144945,2,0.00490,-0.17453,-0.0159,-0.2924,-0.8144,0.00557,1475
144955,2,0.00486,-0.17712,-0.0010,-0.2792,-0.6153,0.00328,1525
144965,2,0.00437,-0.17889,-0.0441,-0.2383,-1.0552,0.00175,1486
144975,2,0.00370,-0.18063,-0.0372,-0.2126,-0.9748,-0.01094,1500
144985,2,0.00340,-0.18149,-0.0079,-0.1617,-0.5299,-0.00757,1502
144995,2,0.00312,-0.18326,-0.0351,-0.1678,-0.8913,0.00672,1506
145005,2,0.00285,-0.18500,-0.0021,-0.1703,-0.5470,-0.00981,1510
145015,2,0.00341,-0.18585,0.0442,-0.1363,0.1347,0.00947,1510
145025,2,0.00359,-0.18585,-0.0048,-0.0818,-0.2660,0.01464,1474
145035,2,0.00256,-0.18585,-0.0777,-0.0491,-1.1223,-0.00996,1518
145045,2,0.00204,-0.18500,-0.0021,0.0047,-0.1532,-0.02305,1493
145055,2,0.00288,-0.18585,0.0665,-0.0313,0.6253,0.01200,1479
145065,2,0.00322,-0.18500,-0.0026,0.0154,-0.0129,0.02121,1484
145075,2,0.00257,-0.18411,-0.0447,0.0446,-0.4825,-0.00756,1489
145085,2,0.00212,-0.18237,-0.0069,0.0964,0.0534,-0.01675,1506
145095,2,0.00236,-0.18237,0.0383,0.0578,0.4951,-0.00509,1508
145105,2,0.00259,-0.18237,0.0054,0.0347,0.0746,0.01177,1474
145115,2,0.00295,-0.18149,0.0309,0.0562,0.4655,0.00538,1512
145125,2,0.00321,-0.18063,-0.0010,0.0679,0.1558,0.01681,1478
145135,2,0.00309,-0.18063,-0.0005,0.0407,0.0761,-0.00275,1480
145145,2,0.00341,-0.17975,0.0224,0.0598,0.4263,0.00837,1482
145155,2,0.00411,-0.17975,0.0352,0.0359,0.5780,0.02117,1484
145165,2,0.00417,-0.17889,-0.0106,0.0557,0.1100,0.01234,1506
145175,2,0.00440,-0.17801,0.0293,0.0688,0.6322,0.00162,1508
145185,2,0.00471,-0.17801,-0.0111,0.0413,0.1204,0.02555,1491
145195,2,0.00459,-0.17801,-0.0021,0.0248,0.1679,-0.00051,1515
145205,2,0.00500,-0.17801,0.0309,0.0149,0.5642,0.01053,1497
145215,2,0.00535,-0.17801,-0.0079,0.0089,0.1339,0.02683,1498
145225,2,0.00507,-0.17801,-0.0159,0.0054,0.0035,-0.00121,1507
145235,2,0.00513,-0.17801,0.0208,0.0032,0.4281,-0.00232,1504
145245,2,0.00553,-0.17801,0.0085,0.0019,0.3228,0.02120,1511
145255,2,0.00553,-0.17801,-0.0026,0.0012,0.1916,0.00686,1513
145265,2,0.00541,-0.17801,-0.0138,0.0007,0.0490,0.00621,1478
145275,2,0.00548,-0.17801,0.0133,0.0004,0.3698,0.00277,1480
145285,2,0.00558,-0.17801,0.0091,0.0002,0.3301,0.00603,1481
145295,2,0.00556,-0.17801,0.0000,0.0001,0.2229,0.00435,1484
145305,2,0.00539,-0.17801,-0.0021,0.0001,0.1815,-0.00191,1497
145315,2,0.00539,-0.17801,0.0070,0.0001,0.2859,0.00190,1504
145325,2,0.00551,-0.17801,0.0043,0.0000,0.2664,0.00902,1510
145335,2,0.00543,-0.17801,-0.0032,0.0000,0.1721,0.00293,1512
145345,2,0.00523,-0.17801,-0.0127,0.0000,0.0415,0.00162,1500
145355,2,0.00544,-0.17801,0.0245,0.0000,0.4934,0.00386,1503
145365,2,0.00577,-0.17801,0.0032,0.0000,0.2802,0.02065,1475
145375,2,0.00562,-0.17801,-0.0064,0.0000,0.1543,0.00122,1504
145385,2,0.00546,-0.17627,-0.0048,0.0696,0.3487,-0.00022,1510
145395,2,0.00544,-0.17627,0.0107,0.0417,0.4503,-0.00059,1510
145405,2,0.00535,-0.17627,-0.0079,0.0250,0.1808,0.00489,1515
145415,2,0.00534,-0.17627,0.0107,0.0150,0.3677,-0.00061,1519
145425,2,0.00563,-0.17627,0.0234,0.0090,0.5281,0.00847,1483
145435,2,0.00549,-0.17627,-0.0095,0.0054,0.1222,0.00290,1508
145445,2,0.00520,-0.17627,-0.0079,0.0032,0.1059,-0.00532,1506
145455,2,0.00504,-0.17627,-0.0042,0.0019,0.1304,-0.00043,1499
145465,2,0.00505,-0.17627,-0.0053,0.0012,0.1167,0.00809,1503
145475,2,0.00495,-0.17627,-0.0106,0.0007,0.0437,0.00512,1504
145485,2,0.00481,-0.17627,-0.0074,0.0004,0.0660,0.00157,1507
145495,2,0.00475,-0.17627,-0.0069,0.0003,0.0656,0.00509,1508
145505,2,0.00480,-0.17627,0.0085,0.0002,0.2486,0.00297,1515
145515,2,0.00490,-0.17627,-0.0026,0.0001,0.1296,0.01143,1518
145525,2,0.00469,-0.17627,-0.0228,0.0001,-0.1255,0.00547,1474
145535,2,0.00460,-0.17627,0.0016,0.0000,0.1487,-0.00059,1480
145545,2,0.00480,-0.17627,0.0048,0.0000,0.2054,0.01234,1500
145555,2,0.00478,-0.17627,-0.0069,0.0000,0.0683,0.00732,1489
145565,2,0.00430,-0.17627,-0.0260,0.0000,-0.2012,-0.00679,1510
145575,2,0.00438,-0.17627,0.0256,0.0000,0.4034,-0.00445,1504
145585,2,0.00479,-0.17627,0.0165,0.0000,0.3395,0.01695,1507
145595,2,0.00474,-0.17627,-0.0095,0.0000,0.0328,0.00687,1509
145605,2,0.00454,-0.17453,0.0080,0.0696,0.4086,-0.00909,1475
145615,2,0.00457,-0.17453,-0.0021,0.0417,0.2191,0.00705,1480
145625,2,0.00442,-0.17453,0.0027,0.0250,0.2145,-0.00430,1475
145635,2,0.00437,-0.17453,-0.0010,0.0150,0.1392,0.00238,1480
145645,2,0.00427,-0.17453,-0.0090,0.0090,0.0204,0.00365,1491
145655,2,0.00422,-0.17453,-0.0010,0.0054,0.0974,0.00198,1495
145665,2,0.00453,-0.17453,0.0165,0.0032,0.3259,0.01200,1516
145675,2,0.00467,-0.17453,-0.0048,0.0019,0.0901,0.01394,1523
145685,2,0.00446,-0.17453,-0.0053,0.0012,0.0605,-0.00360,1503
145695,2,0.00439,-0.17453,0.0016,0.0007,0.1330,0.00047,1500
145705,2,0.00462,-0.17453,0.0112,0.0004,0.2658,0.01050,1507
145715,2,0.00467,-0.17453,-0.0048,0.0003,0.0855,0.00937,1509
145725,2,0.00450,-0.17453,-0.0010,0.0002,0.1118,-0.00322,1520
145735,2,0.00481,-0.17453,0.0352,0.0001,0.5601,0.00235,1523
145745,2,0.00488,-0.17453,-0.0058,0.0001,0.0933,0.01129,1474
145755,2,0.00457,-0.17276,-0.0032,0.0708,0.2885,-0.00936,1480
145765,2,0.00451,-0.17276,-0.0058,0.0425,0.1755,0.00471,1482
145775,2,0.00462,-0.17276,0.0240,0.0255,0.4844,-0.00206,1481
145785,2,0.00474,-0.17276,-0.0037,0.0153,0.1490,0.01269,1500
145795,2,0.00464,-0.17276,-0.0026,0.0092,0.1342,0.00068,1505
145805,2,0.00455,-0.17276,0.0133,0.0055,0.2999,-0.00659,1510
145815,2,0.00462,-0.17276,-0.0037,0.0033,0.1047,0.01029,1506
145825,2,0.00460,-0.17276,-0.0016,0.0020,0.1236,0.00431,1477
145835,2,0.00479,-0.17276,0.0107,0.0012,0.2820,0.00904,1480
145845,2,0.00503,-0.17276,0.0160,0.0007,0.3662,0.00904,1475
145855,2,0.00469,-0.17276,-0.0303,0.0004,-0.2037,0.00283,1481
145865,2,0.00433,-0.17191,-0.0042,0.0344,0.1550,-0.01192,1494
145875,2,0.00451,-0.17276,0.0038,-0.0135,0.1338,0.01178,1495
145885,2,0.00459,-0.17276,0.0059,-0.0081,0.1815,0.00586,1510
145895,2,0.00443,-0.17191,-0.0042,0.0293,0.1512,-0.00177,1513
145905,2,0.00447,-0.17191,-0.0005,0.0176,0.1665,0.00677,1475
145915,2,0.00471,-0.17102,0.0187,0.0460,0.4909,0.00756,1480
145925,2,0.00480,-0.17102,-0.0085,0.0276,0.1357,0.01326,1480
145935,2,0.00464,-0.17102,0.0000,0.0165,0.1886,-0.00319,1489
145945,2,0.00456,-0.17102,0.0022,0.0099,0.1870,-0.00068,1501
145955,2,0.00458,-0.17102,0.0016,0.0060,0.1727,0.00506,1530
145965,2,0.00464,-0.17017,0.0011,0.0378,0.2605,0.00718,1507
145975,2,0.00463,-0.17017,0.0107,0.0227,0.3289,-0.00140,1500
145985,2,0.00454,-0.16931,-0.0048,0.0478,0.2112,0.00239,1506
145995,2,0.00430,-0.16931,-0.0095,0.0287,0.0803,-0.00285,1504
146005,2,0.00407,-0.16931,-0.0048,0.0172,0.0820,-0.00488,1515
146015,2,0.00409,-0.16931,-0.0032,0.0103,0.0831,0.00632,1514
146025,2,0.00444,-0.16931,0.0346,0.0062,0.5439,0.00480,1475
146035,2,0.00445,-0.16931,-0.0111,0.0037,0.0086,0.01026,1479
146045,2,0.00409,-0.16931,-0.0090,0.0022,-0.0059,-0.00900,1479
146055,2,0.00388,-0.16931,-0.0085,0.0013,-0.0235,-0.00258,1489
146065,2,0.00400,-0.16931,0.0070,0.0008,0.1650,0.00629,1497
146075,2,0.00420,-0.16931,-0.0037,0.0005,0.0609,0.01602,1499
146085,2,0.00407,-0.16931,-0.0074,0.0003,0.0052,0.00166,1511
146095,2,0.00387,-0.16931,0.0016,0.0002,0.0897,-0.00686,1512
146105,2,0.00392,-0.16931,0.0000,0.0001,0.0755,0.00615,1478
146115,2,0.00408,-0.16931,0.0181,0.0001,0.3005,0.00304,1480
146125,2,0.00400,-0.16840,-0.0074,0.0367,0.0985,0.00380,1481
146135,2,0.00378,-0.16840,-0.0010,0.0220,0.1101,-0.00693,1489
146145,2,0.00387,-0.16840,0.0048,0.0132,0.1630,0.00600,1507
146155,2,0.00409,-0.16840,0.0059,0.0079,0.1835,0.01246,1509
146165,2,0.00392,-0.16840,-0.0064,0.0048,0.0157,-0.00178,1486
146175,2,0.00381,-0.16754,0.0075,0.0370,0.2547,-0.00502,1489
146185,2,0.00381,-0.16840,-0.0127,-0.0120,-0.1142,0.00984,1495
146195,2,0.00371,-0.16754,0.0011,0.0270,0.1435,-0.00159,1495
146205,2,0.00372,-0.16754,-0.0111,0.0162,-0.0262,0.00984,1504
146215,2,0.00377,-0.16754,0.0107,0.0097,0.2133,0.00086,1504
146225,2,0.00404,-0.16754,0.0176,0.0058,0.3089,0.00837,1515
146235,2,0.00406,-0.16754,-0.0021,0.0035,0.0770,0.00612,1510
146245,2,0.00400,-0.16754,0.0070,0.0021,0.1718,-0.00245,1475
146255,2,0.00391,-0.16754,-0.0069,0.0013,0.0011,0.00307,1480
146265,2,0.00376,-0.16754,-0.0016,0.0008,0.0467,-0.00275,1476
146275,2,0.00465,-0.16754,0.0165,0.0005,0.3430,0.04052,1482
146285,2,0.00683,-0.16580,-0.1931,0.0699,-1.6721,0.21247,1494
146295,2,0.00399,-0.16403,-0.4645,0.1127,-4.9723,0.09450,1511
146305,2,0.00046,-0.16580,-0.3586,-0.0032,-4.4178,0.00300,1514
146315,2,0.00039,-0.17276,-0.2086,-0.2802,-3.4545,0.10118,1512
146325,2,-0.00031,-0.18326,-0.2873,-0.5881,-5.2890,0.10851,1520
146335,2,-0.00318,-0.19373,-0.3357,-0.7715,-6.6526,0.02082,1506
146345,2,-0.00533,-0.20767,-0.2048,-1.0208,-6.0553,-0.01035,1493
146355,2,-0.00549,-0.22864,0.0282,-1.4511,-4.5831,-0.02760,1491
146365,2,-0.00295,-0.25394,0.2906,-1.8826,-2.5153,-0.02133,1506
146375,2,0.00103,-0.28360,0.3794,-2.3161,-2.3227,0.01036,1510
146385,2,0.00455,-0.31241,0.4401,-2.5420,-1.9373,-0.03944,1504
146395,2,0.00884,-0.34122,0.5481,-2.6775,-0.6823,-0.05058,1491
146405,2,0.01479,-0.37262,0.6434,-2.8626,0.4509,-0.00931,1509
146415,2,0.02042,-0.40402,0.5848,-2.9737,-0.0248,0.00956,1506
146425,2,0.02597,-0.43457,0.5816,-3.0061,0.3460,0.01266,1512
146435,2,0.03056,-0.46338,0.4491,-2.9560,-0.6472,0.03511,1519
146445,2,0.03389,-0.49219,0.4279,-2.9260,-0.5334,-0.01333,1526
146455,2,0.03809,-0.51923,0.4177,-2.8371,-0.0411,0.03940,1526
146465,2,0.04108,-0.54193,0.2693,-2.6105,-0.8875,0.05578,1488
146475,2,0.04229,-0.56287,0.1724,-2.4037,-1.3642,0.01678,1491
146485,2,0.04350,-0.58206,0.1868,-2.2100,-0.5880,0.01064,1507
146495,2,0.04490,-0.60214,0.1985,-2.1292,-0.1322,0.01531,1506
146505,2,0.04631,-0.62396,0.2139,-2.1503,0.0888,0.00985,1512
146515,2,0.04853,-0.64490,0.2123,-2.1276,0.3146,0.05363,1510
146525,2,0.04973,-0.66147,0.0474,-1.9394,-0.9938,0.08578,1513
146535,2,0.04887,-0.67630,-0.0596,-1.7569,-1.8481,0.03583,1512
146545,2,0.04734,-0.68939,-0.0495,-1.5778,-1.4226,-0.00462,1485
146555,2,0.04681,-0.70337,0.0293,-1.5058,-0.3954,0.00566,1521
146565,2,0.04664,-0.71558,0.0474,-1.3917,0.0831,0.01429,1508
146575,2,0.04647,-0.72867,0.0458,-1.3587,0.1136,0.01545,1502
146585,2,0.04641,-0.73914,0.0538,-1.2339,0.5188,0.01645,1504
146595,2,0.04618,-0.74786,0.0016,-1.0895,0.2687,0.03390,1511
146605,2,0.04466,-0.75485,-0.1282,-0.9332,-0.9727,0.03286,1514
146615,2,0.04166,-0.75833,-0.1889,-0.6991,-1.3449,-0.01434,1505
146625,2,0.03934,-0.76358,-0.1112,-0.6294,-0.4977,-0.02068,1483
146635,2,0.03770,-0.76706,-0.0739,-0.5168,0.0687,-0.00730,1480
146645,2,0.03649,-0.76880,-0.0537,-0.3797,0.5508,0.00289,1475
146655,2,0.03516,-0.77054,-0.0750,-0.2974,0.3919,0.00597,1484
146665,2,0.03347,-0.76968,-0.0883,-0.1442,0.4866,-0.00702,1501
146675,2,0.03195,-0.76880,-0.0670,-0.0511,0.8360,-0.01027,1508
146685,2,0.03114,-0.76794,-0.0282,0.0035,1.3544,0.00477,1494
146695,2,0.03028,-0.76443,-0.0596,0.1425,1.2889,0.01684,1506
146705,2,0.02896,-0.75922,-0.1224,0.2942,0.8525,0.02393,1510
146715,2,0.02722,-0.75308,-0.1442,0.4219,0.7854,0.01258,1506
146725,2,0.02540,-0.74698,-0.1596,0.4973,0.6418,0.01429,1510
146735,2,0.02344,-0.73914,-0.2043,0.6121,0.2552,0.02721,1509
146745,2,0.02101,-0.73041,-0.2027,0.7164,0.3314,0.00115,1475
146755,2,0.01910,-0.72345,-0.1516,0.7081,0.7220,-0.00079,1480
146765,2,0.01817,-0.71646,-0.0628,0.7044,1.6602,0.00329,1479
146775,2,0.01792,-0.70947,-0.0101,0.7022,2.2510,0.01033,1494
146785,2,0.01820,-0.70422,0.0234,0.6313,2.4842,0.02067,1513
146795,2,0.01816,-0.69812,-0.0053,0.6229,2.1361,0.01849,1507
146805,2,0.01812,-0.69290,0.0027,0.5825,2.1246,0.01485,1515
146815,2,0.01886,-0.68765,0.0687,0.5595,2.9085,0.02155,1507
146825,2,0.02008,-0.68329,0.0458,0.5102,2.6403,0.05829,1484
146835,2,0.02064,-0.67719,-0.0106,0.5503,2.1637,0.05382,1491
146845,2,0.02075,-0.67020,-0.0489,0.6097,1.9060,0.05071,1510
146855,2,0.02012,-0.66235,-0.1346,0.6795,1.0572,0.05607,1512
146865,2,0.01864,-0.65363,-0.1655,0.7568,0.7790,0.02739,1521
146875,2,0.01728,-0.64664,-0.1436,0.7337,0.8456,0.02098,1499
146885,2,0.01617,-0.63965,-0.1255,0.7197,0.9199,0.02365,1475
146895,2,0.01540,-0.63354,-0.0910,0.6760,1.1354,0.02219,1508
146905,2,0.01505,-0.62656,-0.0606,0.6851,1.4889,0.02775,1522
146915,2,0.01465,-0.62045,-0.0888,0.6552,1.0531,0.03902,1521
146925,2,0.01365,-0.61435,-0.1261,0.6373,0.4858,0.02679,1493
146935,2,0.01230,-0.60825,-0.1415,0.6265,0.1549,0.01542,1480
146945,2,0.01113,-0.60214,-0.1261,0.6200,0.2110,0.01587,1491
146955,2,0.01017,-0.59601,-0.1218,0.6174,0.1690,0.02316,1502
146965,2,0.00895,-0.58990,-0.1649,0.6146,-0.4477,0.03008,1507
146975,2,0.00685,-0.58380,-0.2054,0.6129,-1.1173,0.00466,1506
146985,2,0.00478,-0.57770,-0.1463,0.6119,-0.6317,-0.02546,1483
146995,2,0.00420,-0.57419,-0.0340,0.5075,0.3320,-0.00778,1521
147005,2,0.00461,-0.57071,0.0160,0.4437,0.7845,0.01716,1477
147015,2,0.00496,-0.56723,-0.0095,0.4054,0.4261,0.02699,1480
147025,2,0.00462,-0.56372,-0.0308,0.3836,0.0938,0.00310,1494
147035,2,0.00479,-0.56198,0.0240,0.2997,0.5200,0.00121,1509
147045,2,0.00529,-0.56024,0.0309,0.2494,0.5167,0.01497,1515
147055,2,0.00595,-0.55936,0.0506,0.1851,0.6370,0.01360,1499
147065,2,0.00685,-0.55936,0.0575,0.1110,0.6059,0.02313,1510
147075,2,0.00768,-0.55850,0.0431,0.1008,0.4959,0.02743,1502
147085,2,0.00836,-0.55850,0.0501,0.0605,0.5350,0.01772,1484
147095,2,0.00891,-0.55850,0.0085,0.0363,0.0438,0.03190,1513
147105,2,0.00928,-0.55850,0.0224,0.0218,0.2012,0.01657,1517
147115,2,0.00990,-0.55850,0.0245,0.0131,0.2639,0.02865,1519
147125,2,0.01028,-0.55850,-0.0064,0.0078,-0.0693,0.03243,1481
147135,2,0.01034,-0.55936,-0.0010,-0.0295,-0.1042,0.01406,1480
147145,2,0.01041,-0.56024,0.0165,-0.0531,0.0401,0.00564,1507
147155,2,0.01090,-0.56110,0.0485,-0.0660,0.4206,0.01085,1504
147165,2,0.01101,-0.56110,-0.0069,-0.0396,-0.1364,0.02002,1506
147175,2,0.01064,-0.56110,0.0011,-0.0238,-0.0379,-0.00837,1509
147185,2,0.01055,-0.56110,0.0203,-0.0143,0.2009,-0.00380,1478
147195,2,0.01054,-0.56198,0.0091,-0.0440,-0.0117,0.00536,1480
147205,2,0.01041,-0.56110,0.0075,0.0090,0.1021,0.00007,1475
147215,2,0.01053,-0.56110,0.0107,0.0054,0.1411,0.01119,1481
147225,2,0.01053,-0.56110,-0.0037,0.0032,-0.0307,0.01246,1494
147235,2,0.01064,-0.56110,0.0091,0.0019,0.1245,0.01167,1497
147245,2,0.01109,-0.56110,0.0208,0.0012,0.3019,0.02288,1512
147255,2,0.01140,-0.56110,0.0155,0.0007,0.2702,0.01925,1522
147265,2,0.01104,-0.55936,-0.0319,0.0700,-0.1215,0.00919,1474
147275,2,0.01073,-0.55936,-0.0037,0.0420,0.0973,-0.00310,1505
147285,2,0.01119,-0.56110,0.0336,-0.0444,0.3368,0.01772,1491
147295,2,0.01130,-0.56110,-0.0090,-0.0266,-0.0962,0.02134,1496
147305,2,0.01123,-0.56110,0.0064,-0.0160,0.1033,0.00410,1510
147315,2,0.01107,-0.56110,-0.0069,-0.0096,-0.0484,0.00687,1532
147325,2,0.01110,-0.56110,0.0070,-0.0058,0.1250,0.00913,1494
147335,2,0.01145,-0.56110,0.0298,-0.0035,0.4300,0.01372,1496
147345,2,0.01138,-0.56110,-0.0212,-0.0021,-0.1637,0.01854,1505
147355,2,0.01076,-0.56024,-0.0250,0.0329,-0.1722,-0.00789,1505
147365,2,0.01069,-0.56110,0.0048,-0.0144,0.0361,0.00522,1512
147375,2,0.01098,-0.56110,-0.0090,-0.0087,-0.0795,0.02990,1518
147385,2,0.01144,-0.56110,0.0240,-0.0052,0.3573,0.02254,1476
147395,2,0.01145,-0.56110,-0.0095,-0.0031,-0.0239,0.01659,1480
147405,2,0.01112,-0.55936,0.0000,0.0677,0.2488,-0.00569,1501
147415,2,0.01121,-0.56024,0.0075,0.0052,0.1728,0.01202,1505
147425,2,0.01114,-0.55936,0.0006,0.0385,0.1783,0.00759,1512
147435,2,0.01096,-0.56024,-0.0154,-0.0123,-0.1633,0.00983,1509
147445,2,0.01078,-0.56024,-0.0037,-0.0074,-0.0327,0.00359,1475
147455,2,0.01100,-0.56024,-0.0037,-0.0044,-0.0034,0.02353,1480
147465,2,0.01120,-0.56110,0.0000,-0.0368,-0.0297,0.02128,1479
147475,2,0.01127,-0.56024,-0.0021,0.0121,0.0868,0.01578,1492
147485,2,0.01106,-0.56110,-0.0175,-0.0269,-0.2198,0.00937,1504
147495,2,0.01072,-0.56110,-0.0111,-0.0162,-0.1502,-0.00049,1497
147505,2,0.01072,-0.56110,-0.0074,-0.0097,-0.0901,0.01417,1512
147515,2,0.01097,-0.56110,-0.0021,-0.0058,0.0073,0.02473,1509
147525,2,0.01091,-0.56110,-0.0010,-0.0035,0.0200,0.00846,1474
147535,2,0.01086,-0.56110,-0.0016,-0.0021,0.0122,0.00895,1480
147545,2,0.01055,-0.56110,-0.0191,-0.0013,-0.2190,0.00478,1491
147555,2,0.01046,-0.56110,-0.0021,-0.0008,-0.0305,0.00663,1497
147565,2,0.01069,-0.56110,0.0054,-0.0005,0.0801,0.01989,1514
147575,2,0.01086,-0.56110,-0.0042,-0.0003,-0.0139,0.02115,1512
147585,2,0.01055,-0.56110,-0.0048,-0.0002,-0.0498,-0.00218,1502
147595,2,0.01035,-0.56110,-0.0026,-0.0001,-0.0452,0.00154,1504
147605,2,0.01059,-0.56110,0.0256,-0.0001,0.3047,0.00972,1478
147615,2,0.01081,-0.56110,0.0000,-0.0000,0.0310,0.02160,1484
147625,2,0.01071,-0.55936,-0.0032,0.0696,0.1763,0.00736,1497
147635,2,0.00799,-0.56110,0.0793,-0.0278,0.5918,-0.16751,1522
147645,2,0.00818,-0.56198,0.3677,-0.0521,3.8779,-0.16605,1481
147655,2,0.01022,-0.56287,0.6487,-0.0667,7.2876,-0.21238,1491
147665,2,0.01502,-0.55936,0.7546,0.1004,9.4498,-0.12211,1506
147675,2,0.01876,-0.54803,0.5391,0.5131,8.4712,-0.06389,1506
147685,2,0.01995,-0.52795,0.2501,1.1111,6.9089,-0.04561,1517
147695,2,0.01911,-0.50092,0.0016,1.7482,5.7313,-0.02359,1522
147705,2,0.01732,-0.46338,-0.1953,2.5504,5.5230,0.02549,1484
147715,2,0.01406,-0.41711,-0.4549,3.3808,4.5353,0.07852,1494
147725,2,0.00991,-0.37347,-0.7258,3.7741,2.1390,0.16532,1496
147735,2,0.00129,-0.32812,-1.0094,4.0784,-1.0888,0.07474,1500
147745,2,-0.00893,-0.27661,-1.0669,4.5076,-1.5104,0.01361,1507
147755,2,-0.01768,-0.22949,-0.8540,4.5893,0.3886,-0.02812,1506
147765,2,-0.02425,-0.18848,-0.8226,4.3942,-0.3552,0.05872,1484
147775,2,-0.03212,-0.14572,-0.8689,4.3467,-1.7235,0.00872,1515
147785,2,-0.04106,-0.10297,-0.7981,4.3182,-1.7935,-0.08915,1483
147795,2,-0.04524,-0.06631,-0.4193,4.0570,1.5296,-0.04481,1491
147805,2,-0.04620,-0.03665,-0.4118,3.6207,0.3920,0.11177,1503
147815,2,-0.05159,-0.00348,-0.6875,3.4993,-3.5990,0.02261,1502
147825,2,-0.05913,0.02966,-0.5539,3.4253,-2.9446,-0.15902,1519
147835,2,-0.05957,0.05411,0.0288,3.0330,2.7295,-0.09580,1517
147845,2,-0.05507,0.07419,0.1144,2.6230,3.0929,0.11249,1512
147855,2,-0.05494,0.09775,-0.1835,2.5162,-0.5846,0.04357,1510
147865,2,-0.05714,0.11868,-0.1569,2.3471,-0.9156,-0.08858,1496
147875,2,-0.05573,0.13440,0.0820,2.0369,1.1741,-0.02661,1494
147885,2,-0.05264,0.14835,0.0948,1.7800,0.9585,0.05452,1512
147895,2,-0.05177,0.16321,-0.0064,1.6625,-0.4143,-0.00482,1505
147905,2,-0.05111,0.17630,0.0453,1.5212,-0.1108,-0.04075,1519
147915,2,-0.04895,0.18677,0.1389,1.3314,0.6919,-0.01032,1517
147925,2,-0.04657,0.19635,0.1102,1.1821,0.2095,0.01731,1483
147935,2,-0.04544,0.20596,0.0155,1.0938,-0.9950,0.00321,1510
147945,2,-0.04505,0.21466,0.0133,1.0042,-1.2080,-0.03238,1493
147955,2,-0.04361,0.22165,0.1054,0.8821,-0.3188,-0.02439,1501
147965,2,-0.04074,0.22516,0.1655,0.6696,0.0925,0.02003,1511
147975,2,-0.03824,0.22952,0.1118,0.5763,-0.5244,0.03111,1512
147985,2,-0.03658,0.23038,0.0671,0.3800,-1.4075,0.01259,1506
147995,2,-0.03443,0.23038,0.1347,0.2280,-0.8238,0.00602,1526
148005,2,-0.03146,0.22775,0.1629,0.0318,-0.7397,0.03531,1480
148015,2,-0.02933,0.22516,0.0756,-0.0847,-1.8570,0.03956,1495
148025,2,-0.02856,0.22165,0.0256,-0.1912,-2.6538,-0.00272,1523
148035,2,-0.02763,0.21643,0.0841,-0.3235,-2.2536,-0.02345,1512
148045,2,-0.02586,0.20770,0.1352,-0.5432,-2.0990,-0.00490,1521
148055,2,-0.02417,0.19897,0.1496,-0.6750,-2.1387,-0.01455,1519
148065,2,-0.02243,0.18851,0.1927,-0.8237,-1.8893,-0.03140,1501
148075,2,-0.02011,0.17715,0.2831,-0.9483,-0.9718,-0.04578,1506
148085,2,-0.01644,0.16232,0.3858,-1.1623,-0.0270,-0.02583,1491
148095,2,-0.01182,0.14923,0.4044,-1.2210,0.4648,0.01710,1504
148105,2,-0.00832,0.13788,0.2613,-1.1867,-0.7705,0.03558,1512
148115,2,-0.00634,0.12567,0.1895,-1.2003,-1.4625,-0.00162,1511
148125,2,-0.00431,0.11432,0.2688,-1.1743,-0.2948,-0.03745,1508
148135,2,-0.00088,0.09949,0.3480,-1.2978,0.6008,-0.00330,1506
148145,2,0.00292,0.08466,0.3033,-1.3720,0.2334,0.04110,1512
148155,2,0.00534,0.07156,0.1746,-1.3469,-0.9709,0.03892,1511
148165,2,0.00587,0.05936,0.0655,-1.2964,-2.0649,-0.00026,1522
148175,2,0.00620,0.04538,0.1214,-1.3369,-1.5218,-0.03786,1525
148185,2,0.00829,0.03055,0.2730,-1.3954,0.2531,-0.02382,1483
148195,2,0.01173,0.01572,0.2991,-1.4305,0.7745,0.03432,1491
148205,2,0.01459,0.00177,0.1740,-1.4162,-0.3736,0.07054,1504
148215,2,0.01501,-0.00784,-0.0101,-1.2342,-1.9846,0.04105,1503
148225,2,0.01388,-0.01483,-0.1144,-1.0201,-2.7346,0.01474,1484
148235,2,0.01244,-0.02356,-0.0915,-0.9612,-2.4702,-0.01393,1515
148245,2,0.01190,-0.03314,-0.0032,-0.9600,-1.5174,-0.01348,1488
148255,2,0.01201,-0.04364,0.0240,-0.9959,-1.3096,0.00555,1494
148265,2,0.01227,-0.05411,0.0261,-1.0163,-1.3338,0.01222,1499
148275,2,0.01254,-0.06369,0.0208,-0.9931,-1.3235,0.01556,1504
148285,2,0.01268,-0.07330,-0.0079,-0.9804,-1.6254,0.02354,1514
148295,2,0.01252,-0.08289,-0.0090,-0.9715,-1.6478,0.00891,1512
148305,2,0.01232,-0.09161,0.0245,-0.9320,-1.1889,-0.00976,1484
148315,2,0.01232,-0.10385,0.0447,-1.0487,-1.2945,-0.01006,1491
148325,2,0.01350,-0.11606,0.1730,-1.1175,0.0962,-0.01400,1525
148335,2,0.01607,-0.13004,0.1799,-1.2296,0.1023,0.05480,1507
148345,2,0.01731,-0.14136,0.0123,-1.1906,-1.6275,0.07316,1516
148355,2,0.01707,-0.15009,-0.0346,-1.0635,-1.8641,0.02236,1515
148365,2,0.01619,-0.15881,-0.1085,-0.9872,-2.6161,0.02646,1509
148375,2,0.01457,-0.16669,-0.1250,-0.9073,-2.7663,-0.00411,1510
148385,2,0.01360,-0.17627,-0.0308,-0.9277,-1.8471,-0.01944,1514
148395,2,0.01302,-0.18585,-0.0058,-0.9399,-1.6670,-0.01318,1516
148405,2,0.01330,-0.19635,0.0783,-0.9839,-0.8059,-0.01181,1493
148415,2,0.01444,-0.20593,0.0948,-0.9736,-0.4917,0.02406,1513
148425,2,0.01462,-0.21466,0.0022,-0.9333,-1.4505,0.02284,1491
148435,2,0.01417,-0.22427,-0.0064,-0.9445,-1.6428,-0.00553,1511
148445,2,0.01435,-0.23300,0.0735,-0.9158,-0.6401,-0.01312,1512
148455,2,0.01556,-0.24347,0.1352,-0.9682,0.0323,0.00835,1510
148465,2,0.01669,-0.25394,0.1059,-0.9996,-0.2981,0.02037,1476
148475,2,0.01775,-0.26352,0.1001,-0.9831,-0.2334,0.02060,1480
148485,2,0.01878,-0.27313,0.0772,-0.9744,-0.3895,0.03176,1484
148495,2,0.01908,-0.28186,0.0043,-0.9337,-1.1083,0.03199,1489
148505,2,0.01876,-0.29059,-0.0010,-0.9094,-1.1526,0.00290,1509
148515,2,0.01916,-0.30020,0.0692,-0.9301,-0.3741,0.00501,1511
148525,2,0.02012,-0.30978,0.0830,-0.9414,-0.1671,0.02651,1475
148535,2,0.02074,-0.31940,0.0213,-0.9494,-0.8590,0.04079,1479
148545,2,0.02065,-0.32724,-0.0191,-0.8833,-1.1710,0.02572,1476
148555,2,0.02009,-0.33423,-0.0468,-0.8095,-1.3590,0.01577,1491
148565,2,0.01959,-0.34207,-0.0319,-0.7994,-1.2240,0.01042,1504
148575,2,0.01929,-0.34821,-0.0117,-0.7250,-0.8293,0.01031,1511
148585,2,0.01930,-0.35516,-0.0016,-0.7133,-0.6933,0.02023,1475
148595,2,0.01888,-0.36130,-0.0255,-0.6734,-0.9147,0.01076,1511
148605,2,0.01835,-0.36737,0.0112,-0.6469,-0.4828,-0.01384,1474
148615,2,0.01827,-0.37262,0.0133,-0.5981,-0.3434,0.00764,1492
148625,2,0.01798,-0.37784,0.0038,-0.5676,-0.4101,0.00155,1510
148635,2,0.01759,-0.38309,0.0187,-0.5505,-0.2395,-0.01093,1513
148645,2,0.01731,-0.38657,0.0266,-0.4695,0.0374,-0.01045,1503
148655,2,0.01739,-0.39182,0.0655,-0.4916,0.4252,-0.01100,1504
148665,2,0.01778,-0.39618,0.0777,-0.4695,0.6574,-0.00158,1504
148675,2,0.01851,-0.39966,0.0841,-0.4209,0.9289,0.01269,1509
148685,2,0.01914,-0.40228,0.0687,-0.3575,0.9809,0.01660,1513
148695,2,0.01962,-0.40491,0.0346,-0.3195,0.7331,0.02628,1519
148705,2,0.01964,-0.40579,0.0080,-0.2271,0.6762,0.01644,1483
148715,2,0.01951,-0.40665,-0.0095,-0.1704,0.6124,0.01782,1482
148725,2,0.01969,-0.40665,0.0213,-0.1023,1.1719,0.01797,1511
148735,2,0.01966,-0.40579,-0.0292,-0.0272,0.7904,0.03306,1507
148745,2,0.01917,-0.40402,-0.0356,0.0545,0.8926,0.01246,1520
148755,2,0.01869,-0.40228,-0.0436,0.1023,0.8853,0.01647,1518
148765,2,0.01845,-0.40228,-0.0388,0.0614,0.8055,0.02569,1474
148775,2,0.01833,-0.39966,-0.0212,0.1418,1.2201,0.02321,1529
148785,2,0.01843,-0.39792,-0.0282,0.1547,1.1882,0.03751,1507
148795,2,0.01790,-0.39529,-0.0739,0.1978,0.7276,0.02806,1507
148805,2,0.01678,-0.39355,-0.0904,0.1882,0.4034,0.00632,1510
148815,2,0.01625,-0.39182,-0.0457,0.1825,0.8546,0.01236,1509
148825,2,0.01638,-0.38919,-0.0037,0.2145,1.4454,0.02482,1520
148835,2,0.01651,-0.38745,-0.0431,0.1983,0.9623,0.04450,1528
148845,2,0.01553,-0.38483,-0.0979,0.2239,0.3052,0.01531,1480
148855,2,0.01430,-0.38220,-0.0963,0.2393,0.2477,0.00084,1481
148865,2,0.01382,-0.37961,-0.0377,0.2474,0.9035,0.00884,1503
148875,2,0.01392,-0.37698,-0.0340,0.2534,0.9779,0.03598,1499
148885,2,0.01311,-0.37262,-0.1213,0.3266,0.0946,0.03302,1512
148895,2,0.01148,-0.36826,-0.1394,0.3705,-0.1492,-0.00010,1508
148905,2,0.01035,-0.36475,-0.0926,0.3627,0.2648,0.00002,1475
148915,2,0.01002,-0.36215,-0.0633,0.3214,0.4633,0.02533,1479
148925,2,0.00952,-0.35779,-0.0830,0.3674,0.3188,0.02597,1478
148935,2,0.00856,-0.35342,-0.1027,0.3950,0.0781,0.01167,1482
148945,2,0.00743,-0.34995,-0.0952,0.3762,0.0072,-0.00144,1503
148955,2,0.00690,-0.34644,-0.0292,0.3661,0.6970,-0.00471,1499
148965,2,0.00678,-0.34384,-0.0250,0.3234,0.6233,0.01326,1521
148975,2,0.00652,-0.34207,-0.0324,0.2648,0.3555,0.00961,1522
148985,2,0.00638,-0.34033,-0.0053,0.2285,0.5600,0.00211,1475
148995,2,0.00682,-0.33859,0.0224,0.2067,0.8681,0.01779,1489
149005,2,0.00707,-0.33771,-0.0106,0.1594,0.3849,0.02481,1497
149015,2,0.00711,-0.33685,-0.0053,0.1298,0.3716,0.01167,1509
149025,2,0.00757,-0.33597,0.0261,0.1133,0.7366,0.01724,1484
149035,2,0.00792,-0.33511,-0.0064,0.1022,0.3681,0.02887,1489
149045,2,0.00807,-0.33511,-0.0042,0.0613,0.2964,0.01748,1506
149055,2,0.00794,-0.33423,-0.0303,0.0722,0.0134,0.01668,1504
149065,2,0.00800,-0.33511,-0.0053,0.0079,0.1329,0.01383,1482
149075,2,0.00855,-0.33511,0.0176,0.0047,0.4435,0.02719,1489
149085,2,0.00886,-0.33511,-0.0191,0.0028,0.0443,0.03371,1516
149095,2,0.00840,-0.33511,-0.0372,0.0017,-0.2136,0.00408,1525
149105,2,0.00821,-0.33511,-0.0016,0.0010,0.1781,-0.00036,1486
149115,2,0.00838,-0.33685,-0.0048,-0.0690,-0.0351,0.01923,1512
149125,2,0.00832,-0.33685,-0.0095,-0.0414,-0.0221,0.00982,1502
149135,2,0.00793,-0.33685,-0.0367,-0.0248,-0.3291,0.00712,1504
149145,2,0.00775,-0.33771,-0.0053,-0.0491,-0.0518,0.00122,1480
149155,2,0.00799,-0.33859,0.0080,-0.0648,0.0818,0.01613,1508
149165,2,0.00807,-0.33771,-0.0133,-0.0035,0.0113,0.01851,1517
149175,2,0.00811,-0.33685,-0.0021,0.0321,0.2425,0.01110,1519
149185,2,0.00816,-0.33685,-0.0042,0.0192,0.1886,0.01303,1475
149195,2,0.00817,-0.33685,0.0038,0.0115,0.2605,0.00656,1532
149205,2,0.00827,-0.33685,-0.0117,0.0069,0.0797,0.01919,1494
149215,2,0.00835,-0.33685,-0.0016,0.0042,0.1973,0.01326,1489
149225,2,0.00859,-0.33685,-0.0016,0.0025,0.2168,0.02140,1507
149235,2,0.00869,-0.33597,-0.0053,0.0369,0.2784,0.01624,1505
149245,2,0.00882,-0.33511,-0.0010,0.0563,0.3952,0.01602,1510
149255,2,0.00886,-0.33511,-0.0021,0.0338,0.3249,0.01143,1513
149265,2,0.00833,-0.33511,-0.0346,0.0203,-0.1389,-0.00041,1476
149275,2,0.00839,-0.33511,0.0266,0.0122,0.5524,-0.00199,1481
149285,2,0.00874,-0.33511,-0.0138,0.0073,0.1059,0.03280,1484
149295,2,0.00841,-0.33511,-0.0239,0.0044,-0.0512,0.00417,1485
149305,2,0.00831,-0.33511,-0.0010,0.0026,0.1981,0.00359,1506
149315,2,0.00857,-0.33511,0.0006,0.0016,0.2394,0.02118,1513
149325,2,0.00840,-0.33511,-0.0255,0.0009,-0.0799,0.01303,1474
149335,2,0.00813,-0.33511,-0.0042,0.0006,0.1380,-0.00340,1480
149345,2,0.00832,-0.33511,-0.0053,0.0003,0.1438,0.02035,1477
149355,2,0.00823,-0.33511,-0.0239,0.0002,-0.0807,0.01578,1484
149365,2,0.00791,-0.33511,-0.0287,0.0001,-0.1679,0.00637,1494
149375,2,0.00799,-0.33511,0.0181,0.0001,0.3810,0.00282,1495
149385,2,0.00847,-0.33685,-0.0037,-0.0695,-0.0152,0.03445,1512
149395,2,0.00815,-0.33511,-0.0255,0.0279,-0.0318,0.00491,1510
149405,2,0.00802,-0.33511,0.0016,0.0167,0.2381,0.00039,1474
149415,2,0.00810,-0.33511,-0.0090,0.0100,0.1053,0.01681,1479
149425,2,0.00811,-0.33511,-0.0117,0.0060,0.0650,0.01462,1491
149435,2,0.00816,-0.33511,-0.0010,0.0036,0.1857,0.01076,1496
149445,2,0.00843,-0.33511,-0.0010,0.0022,0.2091,0.02267,1512
149455,2,0.00835,-0.33511,-0.0106,0.0013,0.0880,0.00962,1509
149465,2,0.00818,-0.33511,-0.0149,0.0008,0.0206,0.00722,1506
149475,2,0.00814,-0.33511,-0.0058,0.0005,0.1201,0.00893,1505
149485,2,0.00822,-0.33511,-0.0005,0.0003,0.1893,0.01256,1480
149495,2,0.00832,-0.33511,-0.0079,0.0002,0.1123,0.01703,1489
149505,2,0.00827,-0.33511,0.0006,0.0001,0.2062,0.00579,1502
149515,2,0.00835,-0.33511,-0.0016,0.0001,0.1890,0.01292,1528
149525,2,0.00836,-0.33511,-0.0042,0.0000,0.1599,0.01132,1491
149535,2,0.00839,-0.33511,-0.0053,0.0000,0.1504,0.01246,1485
149545,2,0.00852,-0.33511,-0.0026,0.0000,0.1936,0.01612,1497
149555,2,0.00847,-0.33511,-0.0255,0.0000,-0.0759,0.01873,1505
149565,2,0.00834,-0.33511,-0.0074,0.0000,0.1208,0.00577,1511
149575,2,0.00841,-0.33511,-0.0085,0.0000,0.1152,0.01602,1495
149585,2,0.00857,-0.33511,0.0006,0.0000,0.2351,0.01599,1527
149595,2,0.00855,-0.33511,-0.0053,0.0000,0.1658,0.01040,1508
149605,2,0.00838,-0.33511,-0.0079,0.0000,0.1181,0.00384,1494
149615,2,0.00828,-0.33511,-0.0064,0.0000,0.1271,0.00672,1505
149625,2,0.00830,-0.33511,-0.0074,0.0000,0.1166,0.01292,1476
149635,2,0.00834,-0.33511,-0.0021,0.0000,0.1822,0.01143,1509
149645,2,0.00848,-0.33511,-0.0016,0.0000,0.2018,0.01600,1494
149655,2,0.00837,-0.33511,-0.0244,0.0000,-0.0735,0.01520,1496
149665,2,0.00827,-0.33511,0.0038,0.0000,0.2425,0.00133,1487
149675,2,0.00854,-0.33511,-0.0048,0.0000,0.1711,0.02448,1537
149685,2,0.00864,-0.33423,-0.0058,0.0354,0.2669,0.01679,1502
149695,2,0.00859,-0.33423,-0.0101,0.0212,0.1739,0.01098,1503
149705,2,0.00874,-0.33423,0.0043,0.0127,0.3321,0.01417,1494
149715,2,0.00862,-0.33334,-0.0239,0.0430,0.0771,0.01417,1495
149725,2,0.00858,-0.33334,-0.0021,0.0258,0.2793,0.00792,1500
149735,2,0.00865,-0.33334,0.0032,0.0155,0.3199,0.01063,1513
149745,2,0.00873,-0.33334,-0.0042,0.0093,0.2247,0.01475,1494
149755,2,0.00866,-0.33334,-0.0133,0.0056,0.1033,0.01190,1503
149765,2,0.00861,-0.33334,-0.0032,0.0033,0.2089,0.00758,1475
149775,2,0.00863,-0.33334,-0.0058,0.0020,0.1762,0.01234,1480
149785,2,0.00872,-0.33334,-0.0058,0.0012,0.1834,0.01634,1491
149795,2,0.00873,-0.33334,-0.0048,0.0007,0.1957,0.01178,1495
149805,2,0.00888,-0.33334,-0.0053,0.0004,0.2031,0.01874,1510
149815,2,0.00898,-0.33334,-0.0026,0.0003,0.2439,0.01554,1513
149825,2,0.00898,-0.33334,-0.0101,0.0002,0.1566,0.01360,1475
149835,2,0.00890,-0.33334,-0.0026,0.0001,0.2355,0.00667,1505
149845,2,0.00902,-0.33249,0.0006,0.0342,0.3782,0.01451,1479
149855,2,0.00913,-0.33160,-0.0069,0.0559,0.3640,0.01829,1492
149865,2,0.00896,-0.33160,-0.0111,0.0336,0.2364,0.00570,1511
149875,2,0.00887,-0.33160,-0.0037,0.0201,0.2773,0.00625,1512
149885,2,0.00878,-0.33160,-0.0064,0.0121,0.2156,0.00743,1491
149895,2,0.00887,-0.33075,-0.0058,0.0414,0.3123,0.01646,1499
149905,2,0.00902,-0.33075,-0.0058,0.0249,0.2821,0.01932,1502
149915,2,0.00909,-0.32986,-0.0026,0.0503,0.3972,0.01417,1504
149925,2,0.00870,-0.32986,-0.0388,0.0302,-0.1152,0.00829,1510
149935,2,0.00835,-0.32986,-0.0021,0.0181,0.2420,-0.00796,1513
149945,2,0.00859,-0.32986,-0.0032,0.0109,0.2335,0.02198,1475
149955,2,0.00856,-0.32986,-0.0101,0.0065,0.1393,0.01235,1485
149965,2,0.00868,-0.32986,0.0059,0.0039,0.3283,0.01156,1483
149975,2,0.00864,-0.32898,-0.0064,0.0377,0.2763,0.00983,1484
149985,2,0.00843,-0.32898,-0.0085,0.0226,0.1903,0.00242,1494
149995,2,0.00838,-0.32898,0.0000,0.0136,0.2588,0.00566,1495
150005,2,0.00834,-0.32898,-0.0042,0.0082,0.1905,0.00825,1512
150015,2,0.00853,-0.32898,-0.0032,0.0049,0.2128,0.01955,1522
150025,2,0.00854,-0.32898,-0.0074,0.0029,0.1598,0.01303,1475
150035,2,0.00851,-0.32898,-0.0053,0.0018,0.1784,0.00973,1510
150045,2,0.00845,-0.32898,-0.0106,0.0011,0.1092,0.01088,1491
150055,2,0.00838,-0.32898,-0.0234,0.0006,-0.0468,0.01645,1495
150065,2,0.00825,-0.32812,-0.0064,0.0346,0.2306,0.00488,1525
150075,2,0.00840,-0.32898,-0.0026,-0.0134,0.1567,0.01715,1523
150085,2,0.00824,-0.32812,-0.0111,0.0261,0.1513,0.00582,1476
150095,2,0.00810,-0.32812,-0.0106,0.0157,0.1154,0.00653,1482
150105,2,0.00795,-0.32812,-0.0197,0.0094,-0.0213,0.01017,1487
150115,2,0.00796,-0.32812,-0.0053,0.0056,0.1355,0.01110,1482
150125,2,0.00816,-0.32812,-0.0048,0.0034,0.1549,0.02026,1506
150135,2,0.00818,-0.32724,-0.0122,0.0374,0.1653,0.01555,1509
150145,2,0.00821,-0.32724,-0.0117,0.0225,0.1334,0.01530,1515
150155,2,0.00806,-0.32724,-0.0138,0.0135,0.0695,0.00747,1499
150165,2,0.00809,-0.32724,0.0027,0.0081,0.2491,0.00848,1477
150175,2,0.00801,-0.32724,-0.0266,0.0049,-0.1061,0.01727,1505
150185,2,0.00784,-0.32724,-0.0079,0.0029,0.0870,0.00329,1494
150195,2,0.00780,-0.32724,-0.0042,0.0017,0.1226,0.00776,1497
150205,2,0.00778,-0.32724,-0.0010,0.0010,0.1560,0.00750,1518
150215,2,0.00768,-0.32724,-0.0149,0.0006,-0.0149,0.01019,1519
150225,2,0.00748,-0.32639,-0.0101,0.0346,0.1142,0.00251,1484
150235,2,0.00766,-0.32639,0.0075,0.0207,0.2970,0.01258,1480
150245,2,0.00783,-0.32639,-0.0117,0.0124,0.0699,0.02215,1504
150255,2,0.00780,-0.32639,-0.0079,0.0075,0.0966,0.01030,1499
150265,2,0.00781,-0.32550,0.0070,0.0399,0.3598,0.00505,1506
150275,2,0.00792,-0.32550,-0.0079,0.0239,0.1548,0.01716,1502
150285,2,0.00796,-0.32550,-0.0010,0.0144,0.2131,0.01063,1474
150295,2,0.00790,-0.32550,-0.0069,0.0086,0.1237,0.00824,1518
150305,2,0.00787,-0.32462,-0.0026,0.0406,0.2590,0.00804,1474
150315,2,0.00787,-0.32376,-0.0122,0.0585,0.1985,0.01395,1480
150325,2,0.00761,-0.32288,-0.0271,0.0705,0.0338,0.00780,1491
150335,2,0.00752,-0.32288,-0.0064,0.0423,0.1882,0.00620,1502
150345,2,0.00763,-0.32202,0.0038,0.0596,0.3653,0.01166,1503
150355,2,0.00764,-0.32202,-0.0106,0.0357,0.1354,0.01337,1508
150365,2,0.00741,-0.32025,-0.0117,0.0922,0.2561,0.00139,1474
150375,2,0.00696,-0.31940,-0.0335,0.0895,-0.0462,0.00149,1505
150385,2,0.00672,-0.31851,-0.0042,0.0891,0.2685,-0.00336,1484
150395,2,0.00632,-0.31677,-0.0548,0.1230,-0.2602,0.01383,1513
150405,2,0.00619,-0.31589,0.0000,0.1092,0.3250,-0.00015,1519
150415,2,0.00620,-0.31503,-0.0244,0.0997,0.0182,0.01865,1522
150425,2,0.00568,-0.31329,-0.0468,0.1294,-0.2079,0.00321,1486
150435,2,0.00506,-0.31152,-0.0324,0.1484,-0.0485,-0.00969,1489
150445,2,0.00503,-0.30978,-0.0079,0.1586,0.2621,0.00734,1501
150455,2,0.00503,-0.30804,-0.0191,0.1648,0.1526,0.01453,1506
150465,2,0.00439,-0.30630,-0.0681,0.1684,-0.4639,0.00644,1511
150475,2,0.00333,-0.30368,-0.0622,0.2060,-0.3950,-0.01862,1514
150485,2,0.00272,-0.30194,-0.0489,0.1932,-0.3335,-0.00334,1475
150495,2,0.00251,-0.30194,-0.0356,0.1159,-0.4103,0.00982,1480
150505,2,0.00240,-0.30020,-0.0330,0.1391,-0.3241,0.01349,1494
150515,2,0.00242,-0.29932,-0.0266,0.1189,-0.3016,0.01668,1523
150525,2,0.00241,-0.29758,-0.0079,0.1409,-0.0238,0.00612,1481
150535,2,0.00206,-0.29669,-0.0431,0.1199,-0.5202,0.00593,1480
150545,2,0.00141,-0.29584,-0.0388,0.1061,-0.5718,-0.01178,1494
150555,2,0.00136,-0.29584,0.0256,0.0637,0.0522,-0.01403,1489
150565,2,0.00158,-0.29495,-0.0085,0.0736,-0.2905,0.01706,1504
150575,2,0.00146,-0.29495,-0.0175,0.0442,-0.4870,0.00420,1506
150585,2,0.00125,-0.29321,-0.0005,0.0961,-0.1666,-0.00882,1475
150595,2,0.00137,-0.29321,0.0096,0.0576,-0.1426,0.00226,1505
150605,2,0.00132,-0.29321,-0.0026,0.0346,-0.3512,0.00036,1480
150615,2,0.00118,-0.29321,-0.0032,0.0208,-0.4087,-0.00419,1496
150625,2,0.00141,-0.29321,0.0250,0.0125,-0.0825,0.00030,1520
150635,2,0.00136,-0.29321,-0.0239,0.0075,-0.6676,0.01050,1520
150645,2,0.00106,-0.29321,-0.0058,0.0045,-0.4954,-0.01054,1491
150655,2,0.00099,-0.29321,-0.0058,0.0027,-0.5078,0.00011,1481
150665,2,0.00103,-0.29321,0.0011,0.0016,-0.4262,0.00276,1506
150675,2,0.00110,-0.29407,-0.0111,-0.0332,-0.6577,0.00970,1504
150685,2,0.00084,-0.29495,-0.0021,-0.0553,-0.6407,-0.01110,1510
150695,2,0.00059,-0.29495,-0.0095,-0.0332,-0.6912,-0.00691,1510
150705,2,0.00068,-0.29584,-0.0095,-0.0553,-0.7439,0.00993,1475
150715,2,0.00077,-0.29669,-0.0016,-0.0674,-0.6774,0.00582,1480
150725,2,0.00086,-0.29669,-0.0064,-0.0404,-0.6507,0.00857,1491
150735,2,0.00077,-0.29669,-0.0042,-0.0243,-0.5906,-0.00132,1498
150745,2,0.00058,-0.29669,-0.0106,-0.0146,-0.6571,-0.00367,1480
150755,2,0.00035,-0.29669,-0.0074,-0.0087,-0.6270,-0.00730,1480
150765,2,0.00023,-0.29843,0.0064,-0.0748,-0.6617,-0.00907,1490
150775,2,0.00045,-0.29843,0.0096,-0.0449,-0.5220,0.00652,1484
150785,2,0.00076,-0.29843,0.0107,-0.0269,-0.4304,0.01075,1507
150795,2,0.00083,-0.29843,0.0048,-0.0162,-0.4618,0.00197,1512
150805,2,0.00066,-0.29843,-0.0042,-0.0097,-0.5658,-0.00575,1499
150815,2,0.00039,-0.29843,-0.0175,-0.0058,-0.7355,-0.00413,1525
150825,2,0.00042,-0.29843,-0.0106,-0.0035,-0.6464,0.00715,1484
150835,2,0.00076,-0.29843,-0.0021,-0.0021,-0.5106,0.01866,1511
150845,2,0.00084,-0.29932,-0.0069,-0.0367,-0.6535,0.00822,1518
150855,2,0.00074,-0.29932,0.0048,-0.0220,-0.4877,-0.00635,1521
150865,2,0.00071,-0.29932,0.0085,-0.0132,-0.4237,-0.00502,1491
150875,2,0.00086,-0.30020,0.0091,-0.0433,-0.4865,0.00357,1482
150885,2,0.00075,-0.30020,0.0006,-0.0260,-0.5487,-0.00494,1494
150895,2,0.00065,-0.30020,-0.0005,-0.0156,-0.5427,-0.00407,1492
150905,2,0.00071,-0.30020,0.0027,-0.0094,-0.4830,0.00228,1505
150915,2,0.00071,-0.30020,-0.0032,-0.0056,-0.5401,0.00253,1510
150925,2,0.00076,-0.30020,-0.0085,-0.0034,-0.5907,0.00741,1475
150935,2,0.00075,-0.30106,-0.0005,-0.0362,-0.5904,0.00031,1504
150945,2,0.00084,-0.30106,0.0000,-0.0217,-0.5359,0.00541,1478
150955,2,0.00079,-0.30194,-0.0090,-0.0484,-0.7190,0.00307,1508
150965,2,0.00083,-0.30194,0.0070,-0.0291,-0.4782,-0.00080,1515
150975,2,0.00090,-0.30194,-0.0016,-0.0174,-0.5384,0.00506,1521
150985,2,0.00095,-0.30368,-0.0037,-0.0800,-0.7309,0.00538,1478
150995,2,0.00106,-0.30368,0.0298,-0.0480,-0.2452,-0.00821,1480
151005,2,0.00139,-0.30368,0.0091,-0.0288,-0.4008,0.01303,1494
151015,2,0.00114,-0.30368,-0.0170,-0.0173,-0.6952,-0.00251,1497
151025,2,0.00107,-0.30368,0.0038,-0.0104,-0.4440,-0.00457,1520
151035,2,0.00123,-0.30542,-0.0032,-0.0758,-0.6889,0.01074,1502
151045,2,0.00145,-0.30542,0.0203,-0.0455,-0.3143,0.00221,1476
151055,2,0.00165,-0.30542,-0.0074,-0.0273,-0.5645,0.01555,1505
151065,2,0.00152,-0.30542,-0.0127,-0.0164,-0.6091,0.00155,1515
151075,2,0.00149,-0.30716,0.0064,-0.0794,-0.5655,-0.00357,1513
151085,2,0.00161,-0.30716,0.0075,-0.0476,-0.4549,0.00394,1475
151095,2,0.00205,-0.30804,0.0293,-0.0640,-0.2049,0.00938,1522
151105,2,0.00271,-0.30978,0.0506,-0.1080,-0.0150,0.01075,1483
151115,2,0.00281,-0.30978,-0.0026,-0.0648,-0.5035,0.00890,1479
151125,2,0.00290,-0.31152,0.0383,-0.1084,-0.1424,-0.01169,1504
151135,2,0.00322,-0.31329,0.0288,-0.1359,-0.2993,0.00465,1492
151145,2,0.00390,-0.31589,0.0660,-0.1853,0.0606,0.00510,1508
151155,2,0.00509,-0.31766,0.0799,-0.1820,0.3448,0.02474,1510
151165,2,0.00577,-0.32114,0.0171,-0.2483,-0.4999,0.03125,1478
151175,2,0.00574,-0.32288,0.0250,-0.2186,-0.3334,-0.00841,1509
151185,2,0.00616,-0.32550,0.0543,-0.2361,-0.0058,-0.00006,1478
151195,2,0.00703,-0.32812,0.0607,-0.2467,0.1211,0.02014,1481
151205,2,0.00767,-0.33075,0.0293,-0.2530,-0.2000,0.02510,1491
151215,2,0.00791,-0.33334,0.0426,-0.2555,-0.0341,-0.00139,1503
151225,2,0.00799,-0.33511,0.0245,-0.2241,-0.1529,-0.00005,1505
151235,2,0.00803,-0.33685,0.0266,-0.2041,-0.0740,-0.00376,1505
151245,2,0.00835,-0.33771,0.0320,-0.1566,0.1466,0.00842,1503
151255,2,0.00856,-0.33859,0.0000,-0.1294,-0.1293,0.01909,1505
151265,2,0.00840,-0.33859,-0.0048,-0.0776,-0.0599,0.00292,1474
151275,2,0.00854,-0.33859,0.0203,-0.0466,0.3276,0.00551,1509
151285,2,0.00884,-0.33859,0.0171,-0.0279,0.3709,0.01519,1491
151295,2,0.00879,-0.33859,-0.0138,-0.0168,0.0398,0.01337,1492
151305,2,0.00828,-0.33685,-0.0324,0.0595,-0.0165,-0.00117,1523
151315,2,0.00859,-0.33685,0.0160,0.0357,0.5092,0.01588,1524
151325,2,0.00929,-0.33685,0.0192,0.0214,0.5776,0.03497,1480
151335,2,0.00934,-0.33597,-0.0319,0.0483,0.0660,0.02757,1480
151345,2,0.00883,-0.33511,-0.0255,0.0631,0.1316,-0.00365,1491
151355,2,0.00879,-0.33511,-0.0005,0.0379,0.3480,0.00694,1492
151365,2,0.00901,-0.33597,-0.0111,-0.0115,0.1114,0.02556,1502
151375,2,0.00918,-0.33597,-0.0048,-0.0069,0.2143,0.01988,1505
151385,2,0.00905,-0.33597,-0.0101,-0.0041,0.1479,0.00790,1511
151395,2,0.00880,-0.33597,-0.0255,-0.0025,-0.0509,0.00908,1510
151405,2,0.00877,-0.33597,0.0038,-0.0015,0.2864,0.00503,1474
151415,2,0.00893,-0.33685,-0.0095,-0.0363,0.0526,0.02176,1479
151425,2,0.00883,-0.33685,-0.0042,-0.0218,0.1438,0.00608,1491
151435,2,0.00912,-0.33685,0.0208,-0.0131,0.4857,0.01338,1489
151445,2,0.00897,-0.33597,-0.0314,0.0276,-0.0207,0.01693,1506
151455,2,0.00873,-0.33597,-0.0079,0.0165,0.1963,0.00077,1512
151465,2,0.00921,-0.33597,0.0357,0.0099,0.7308,0.01544,1506
151475,2,0.00960,-0.33597,-0.0053,0.0060,0.2854,0.03185,1505
151485,2,0.00929,-0.33511,-0.0154,0.0378,0.2249,0.00119,1477
151495,2,0.00901,-0.33511,-0.0021,0.0227,0.3105,-0.00362,1489
151505,2,0.00919,-0.33511,0.0016,0.0136,0.3469,0.01738,1521
151515,2,0.00946,-0.33511,0.0043,0.0082,0.3895,0.02071,1505
151525,2,0.00941,-0.33423,-0.0159,0.0403,0.2396,0.01486,1500
151535,2,0.00925,-0.33511,-0.0048,-0.0112,0.2112,0.00350,1489
151545,2,0.00915,-0.33511,-0.0058,-0.0067,0.2017,0.00735,1507
151555,2,0.00913,-0.33511,-0.0037,-0.0040,0.2315,0.00994,1506
151565,2,0.00921,-0.33511,-0.0074,-0.0024,0.2006,0.01681,1510
151575,2,0.00918,-0.33511,-0.0064,-0.0015,0.2124,0.01076,1514
151585,2,0.00916,-0.33511,0.0043,-0.0009,0.3349,0.00594,1475
151595,2,0.00919,-0.33511,-0.0101,-0.0005,0.1728,0.01577,1479
151605,2,0.00922,-0.33511,0.0016,-0.0003,0.3113,0.00972,1491
151615,2,0.00937,-0.33511,-0.0032,-0.0002,0.2718,0.01872,1492
151625,2,0.00956,-0.33423,-0.0005,0.0353,0.4196,0.01943,1508
151635,2,0.00966,-0.33423,-0.0079,0.0212,0.3046,0.01838,1513
151645,2,0.00958,-0.33423,-0.0053,0.0127,0.3049,0.00847,1507
151655,2,0.00944,-0.33423,-0.0149,0.0076,0.1659,0.00962,1503
151665,2,0.00944,-0.33423,-0.0010,0.0046,0.3174,0.00983,1475
151675,2,0.00958,-0.33423,-0.0026,0.0027,0.3082,0.01804,1505
151685,2,0.00956,-0.33423,-0.0048,0.0016,0.2791,0.01120,1510
151695,2,0.00944,-0.33423,-0.0138,0.0010,0.1601,0.00998,1513
151705,2,0.00963,-0.33423,0.0096,0.0006,0.4488,0.01440,1478
151715,2,0.00968,-0.33423,-0.0079,0.0004,0.2503,0.01625,1528
151725,2,0.00953,-0.33334,-0.0048,0.0356,0.3699,0.00458,1478
151735,2,0.00984,-0.33334,0.0224,0.0214,0.6753,0.01383,1482
151745,2,0.00962,-0.33334,-0.0399,0.0128,-0.0896,0.01854,1494
151755,2,0.00930,-0.33249,0.0038,0.0419,0.4635,-0.00852,1508
151765,2,0.00986,-0.33249,0.0293,0.0251,0.7694,0.02337,1515
151775,2,0.00991,-0.33249,-0.0186,0.0151,0.1933,0.02166,1510
151785,2,0.00955,-0.33160,-0.0058,0.0444,0.3869,-0.00533,1475
151795,2,0.00951,-0.33160,0.0016,0.0267,0.4200,0.00631,1508
151805,2,0.00965,-0.33160,0.0112,0.0160,0.5159,0.01109,1484
151815,2,0.00987,-0.33160,0.0155,0.0096,0.5701,0.01337,1489
151825,2,0.00990,-0.33075,0.0011,0.0399,0.4911,0.01098,1500
151835,2,0.00983,-0.33075,-0.0048,0.0240,0.3731,0.00871,1511
151845,2,0.00985,-0.33075,0.0160,0.0144,0.5884,0.00254,1503
151855,2,0.00984,-0.33075,-0.0101,0.0086,0.2704,0.01440,1489
151865,2,0.00946,-0.33075,-0.0244,0.0052,0.0575,0.00287,1504
151875,2,0.00952,-0.33075,0.0022,0.0031,0.3655,0.01144,1505
151885,2,0.00958,-0.33075,-0.0117,0.0019,0.2079,0.01831,1510
151895,2,0.00966,-0.32986,0.0006,0.0365,0.4526,0.01315,1509
151905,2,0.00953,-0.33075,-0.0064,-0.0135,0.2230,0.00656,1475
151915,2,0.00945,-0.33075,-0.0010,-0.0081,0.2906,0.00562,1480
151925,2,0.00966,-0.32986,0.0192,0.0305,0.6525,0.01095,1475
151935,2,0.00971,-0.32986,-0.0095,0.0183,0.2920,0.01691,1480
151945,2,0.00916,-0.32898,-0.0335,0.0464,0.0382,-0.00158,1491
151955,2,0.00920,-0.32898,0.0139,0.0278,0.5390,0.00408,1495
151965,2,0.00964,-0.32898,0.0181,0.0167,0.6017,0.02253,1507
151975,2,0.00975,-0.32898,-0.0095,0.0100,0.2746,0.02002,1508
151985,2,0.00945,-0.32898,-0.0111,0.0060,0.2154,0.00000,1515
151995,2,0.00949,-0.32898,0.0219,0.0036,0.5945,0.00065,1512
152005,2,0.00961,-0.32812,-0.0074,0.0363,0.3582,0.01921,1475
152015,2,0.00919,-0.32724,-0.0340,0.0572,0.0677,0.00551,1484
152025,2,0.00893,-0.32724,-0.0064,0.0343,0.2994,-0.00102,1482
152035,2,0.00931,-0.32724,0.0181,0.0206,0.5832,0.01938,1492
152045,2,0.00944,-0.32724,-0.0074,0.0124,0.2781,0.01945,1507
152055,2,0.00909,-0.32724,-0.0372,0.0074,-0.1151,0.00997,1525
152065,2,0.00888,-0.32724,0.0043,0.0044,0.3360,-0.00366,1491
152075,2,0.00930,-0.32724,0.0176,0.0027,0.5266,0.02140,1485
152085,2,0.00933,-0.32639,-0.0074,0.0358,0.3321,0.01463,1504
152095,2,0.00931,-0.32550,0.0043,0.0569,0.5241,0.00606,1499
152105,2,0.00909,-0.32550,-0.0101,0.0341,0.2751,0.00350,1507
152115,2,0.00890,-0.32462,-0.0053,0.0559,0.3719,0.00190,1508
152125,2,0.00898,-0.32376,0.0022,0.0677,0.4992,0.01167,1474
152135,2,0.00905,-0.32376,-0.0032,0.0406,0.3720,0.01452,1479
152145,2,0.00906,-0.32376,-0.0032,0.0244,0.3283,0.01084,1481
152155,2,0.00842,-0.32202,-0.0537,0.0842,-0.1538,0.00350,1485
152165,2,0.00804,-0.32202,-0.0159,0.0505,0.1532,-0.00324,1497
152175,2,0.00811,-0.32202,-0.0138,0.0303,0.1305,0.01879,1508
152185,2,0.00832,-0.32202,-0.0026,0.0182,0.2470,0.01977,1500
152195,2,0.00821,-0.32202,-0.0069,0.0109,0.1675,0.00635,1501
152205,2,0.00801,-0.32114,-0.0101,0.0419,0.1964,0.00298,1475
152215,2,0.00794,-0.32114,-0.0005,0.0252,0.2549,0.00480,1480
152225,2,0.00781,-0.32025,-0.0053,0.0505,0.2571,0.00402,1491
152235,2,0.00771,-0.32114,-0.0010,-0.0051,0.1435,0.00304,1495
152245,2,0.00752,-0.32025,-0.0064,0.0323,0.1668,0.00147,1510
152255,2,0.00778,-0.32025,0.0107,0.0194,0.3538,0.01509,1508
152265,2,0.00811,-0.32025,0.0101,0.0116,0.3600,0.01981,1494
152275,2,0.00796,-0.32025,-0.0064,0.0070,0.1411,0.00334,1484
152285,2,0.00750,-0.31940,-0.0244,0.0384,-0.0271,-0.00327,1505
152295,2,0.00757,-0.31940,-0.0048,0.0230,0.1660,0.01349,1508
152305,2,0.00731,-0.31940,-0.0393,0.0138,-0.2844,0.01417,1510
152315,2,0.00734,-0.32025,0.0000,-0.0259,0.0643,0.00873,1511
152325,2,0.00754,-0.31940,-0.0026,0.0186,0.1764,0.01912,1475
152335,2,0.00727,-0.31940,-0.0356,0.0112,-0.2526,0.01131,1484
152345,2,0.00698,-0.32025,-0.0026,-0.0275,-0.0068,-0.00631,1479
152355,2,0.00700,-0.32025,-0.0095,-0.0165,-0.0549,0.01280,1484
152365,2,0.00692,-0.32025,-0.0064,-0.0099,-0.0079,0.00615,1497
152375,2,0.00692,-0.31940,-0.0016,0.0282,0.1524,0.00767,1502
152385,2,0.00683,-0.31940,-0.0074,0.0169,0.0457,0.00631,1501
152395,2,0.00677,-0.31940,-0.0026,0.0102,0.0766,0.00506,1504
152405,2,0.00697,-0.31940,0.0117,0.0061,0.2509,0.01074,1475
152415,2,0.00715,-0.31940,0.0064,0.0037,0.2009,0.01303,1514
152425,2,0.00700,-0.31940,-0.0026,0.0022,0.0771,0.00068,1519
152435,2,0.00687,-0.31851,-0.0053,0.0367,0.1292,0.00326,1519
152445,2,0.00714,-0.31940,0.0155,-0.0134,0.2587,0.01303,1526
152455,2,0.00724,-0.31851,-0.0016,0.0274,0.1838,0.01291,1531
152465,2,0.00723,-0.31851,0.0038,0.0164,0.2145,0.00482,1483
152475,2,0.00718,-0.31851,0.0032,0.0099,0.1852,0.00289,1480
152485,2,0.00729,-0.31851,0.0165,0.0059,0.3396,0.00470,1506
152495,2,0.00734,-0.31851,-0.0048,0.0035,0.0924,0.01234,1504
152505,2,0.00725,-0.31851,-0.0021,0.0021,0.1096,0.00343,1504
152515,2,0.00727,-0.31851,-0.0111,0.0013,0.0049,0.01395,1508
152525,2,0.00734,-0.31851,0.0016,0.0008,0.1584,0.01018,1474
152535,2,0.00731,-0.31851,-0.0122,0.0005,-0.0052,0.01200,1480
152545,2,0.00719,-0.31851,0.0112,0.0003,0.2533,-0.00430,1486
152555,2,0.00724,-0.31851,0.0000,0.0002,0.1283,0.00948,1495
152565,2,0.00722,-0.31851,0.0038,0.0001,0.1694,0.00447,1510
152575,2,0.00747,-0.31851,0.0277,0.0001,0.4709,0.00606,1515
152585,2,0.00740,-0.31766,-0.0223,0.0342,-0.0202,0.01498,1495
152595,2,0.00707,-0.31677,-0.0197,0.0559,0.0382,0.00038,1504
152605,2,0.00716,-0.31766,-0.0016,-0.0018,0.0978,0.01235,1475
152615,2,0.00742,-0.31677,0.0070,0.0343,0.3218,0.01692,1506
152625,2,0.00750,-0.31677,-0.0090,0.0206,0.1079,0.01599,1495
152635,2,0.00746,-0.31677,-0.0037,0.0123,0.1435,0.00747,1514
152645,2,0.00712,-0.31677,-0.0143,0.0074,-0.0272,-0.00288,1520
152655,2,0.00739,-0.31677,0.0176,0.0044,0.3607,0.01202,1525
152665,2,0.00736,-0.31677,-0.0266,0.0027,-0.1573,0.01936,1491
152675,2,0.00686,-0.31677,-0.0282,0.0016,-0.2281,-0.00389,1489
152685,2,0.00667,-0.31677,-0.0069,0.0010,-0.0031,0.00043,1501
152695,2,0.00687,-0.31677,0.0000,0.0006,0.0962,0.01704,1505
152705,2,0.00673,-0.31677,-0.0175,0.0003,-0.1219,0.00825,1510
152715,2,0.00643,-0.31677,-0.0106,0.0002,-0.0724,-0.00340,1508
152725,2,0.00633,-0.31677,-0.0101,0.0001,-0.0763,0.00646,1475
152735,2,0.00623,-0.31677,-0.0058,0.0001,-0.0373,0.00409,1513
152745,2,0.00617,-0.31677,-0.0053,0.0000,-0.0371,0.00584,1478
152755,2,0.00606,-0.31677,-0.0111,0.0000,-0.1150,0.00652,1480
152765,2,0.00600,-0.31677,-0.0095,0.0000,-0.1035,0.00731,1479
152775,2,0.00607,-0.31677,-0.0005,0.0000,0.0087,0.01016,1484
152785,2,0.00592,-0.31677,-0.0191,0.0000,-0.2221,0.00766,1504
152795,2,0.00590,-0.31677,-0.0037,0.0000,-0.0452,0.00701,1508
152805,2,0.00602,-0.31677,-0.0021,0.0000,-0.0149,0.01303,1497
152815,2,0.00591,-0.31677,-0.0079,0.0000,-0.0933,0.00451,1506
152825,2,0.00584,-0.31677,0.0022,0.0000,0.0160,0.00095,1475
152835,2,0.00577,-0.31677,-0.0133,0.0000,-0.1689,0.00915,1513
152845,2,0.00566,-0.31677,-0.0074,0.0000,-0.1123,0.00380,1491
152855,2,0.00573,-0.31677,-0.0048,0.0000,-0.0749,0.01143,1492
152865,2,0.00571,-0.31677,-0.0095,0.0000,-0.1323,0.00948,1524
152875,2,0.00576,-0.31677,-0.0048,0.0000,-0.0719,0.01064,1528
152885,2,0.00570,-0.31677,-0.0032,0.0000,-0.0594,0.00427,1480
152895,2,0.00550,-0.31677,-0.0218,0.0000,-0.2946,0.00641,1480
152905,2,0.00540,-0.31677,-0.0037,0.0000,-0.0950,0.00245,1494
152915,2,0.00553,-0.31677,-0.0095,0.0000,-0.1495,0.01691,1489
152925,2,0.00513,-0.31677,-0.0335,0.0000,-0.4662,0.00189,1505
152935,2,0.00513,-0.31677,0.0000,0.0000,-0.0793,0.00477,1509
152945,2,0.00509,-0.31677,-0.0287,0.0000,-0.4153,0.01751,1477
152955,2,0.00498,-0.31677,0.0011,0.0000,-0.0818,-0.00109,1503
152965,2,0.00505,-0.31677,-0.0090,0.0000,-0.1920,0.01291,1479
152975,2,0.00503,-0.31677,-0.0005,0.0000,-0.0954,0.00438,1489
152985,2,0.00518,-0.31677,0.0133,0.0000,0.0795,0.00598,1520
152995,2,0.00516,-0.31677,-0.0079,0.0000,-0.1680,0.00844,1521
153005,2,0.00512,-0.31677,0.0006,0.0000,-0.0735,0.00285,1491
153015,2,0.00499,-0.31677,-0.0271,0.0000,-0.4072,0.01165,1484
153025,2,0.00506,-0.31677,-0.0037,0.0000,-0.1293,0.01053,1508
153035,2,0.00487,-0.31677,-0.0351,0.0000,-0.5107,0.01315,1508
153045,2,0.00462,-0.31677,-0.0186,0.0000,-0.3448,0.00143,1510
153055,2,0.00477,-0.31677,-0.0064,0.0000,-0.1882,0.01554,1515
153065,2,0.00476,-0.31677,-0.0079,0.0000,-0.2076,0.00825,1476
153075,2,0.00460,-0.31677,-0.0069,0.0000,-0.2119,-0.00026,1480
153085,2,0.00460,-0.31677,0.0011,0.0000,-0.1192,0.00423,1491
153095,2,0.00461,-0.31677,-0.0079,0.0000,-0.2232,0.00890,1495
153105,2,0.00426,-0.31677,-0.0335,0.0000,-0.5528,0.00376,1510
153115,2,0.00418,-0.31766,-0.0074,-0.0354,-0.3569,0.00394,1515
153125,2,0.00465,-0.31851,0.0144,-0.0554,-0.1145,0.02060,1506
153135,2,0.00452,-0.31851,-0.0361,-0.0333,-0.6519,0.01601,1503
153145,2,0.00424,-0.31851,-0.0069,-0.0200,-0.3053,-0.00630,1507
153155,2,0.00446,-0.31851,0.0016,-0.0120,-0.1629,0.01487,1504
153165,2,0.00457,-0.31851,-0.0042,-0.0072,-0.2065,0.01223,1521
153175,2,0.00435,-0.31851,-0.0212,-0.0043,-0.4173,0.00408,1518
153185,2,0.00424,-0.31851,0.0022,-0.0026,-0.1535,-0.00265,1475
153195,2,0.00448,-0.31851,-0.0042,-0.0016,-0.2007,0.01854,1480
153205,2,0.00446,-0.31851,-0.0048,-0.0009,-0.2071,0.00583,1487
153215,2,0.00441,-0.31851,-0.0064,-0.0006,-0.2296,0.00507,1499
153225,2,0.00447,-0.31851,-0.0005,-0.0003,-0.1551,0.00786,1517
153235,2,0.00458,-0.31851,0.0011,-0.0002,-0.1254,0.00949,1515
153245,2,0.00456,-0.31851,-0.0053,-0.0001,-0.2007,0.00632,1481
153255,2,0.00452,-0.31851,-0.0037,-0.0001,-0.1865,0.00416,1510
153265,2,0.00454,-0.31851,0.0011,-0.0000,-0.1290,0.00504,1497
153275,2,0.00440,-0.31851,-0.0079,-0.0000,-0.2473,0.00147,1502
153285,2,0.00431,-0.31851,-0.0064,-0.0000,-0.2374,0.00314,1475
153295,2,0.00435,-0.31851,-0.0005,-0.0000,-0.1658,0.00658,1480
153305,2,0.00425,-0.31851,-0.0149,-0.0000,-0.3420,0.00664,1494
153315,2,0.00464,-0.31851,0.0325,-0.0000,0.2440,0.00769,1498
153325,2,0.00487,-0.31851,-0.0037,-0.0000,-0.1514,0.01822,1511
153335,2,0.00439,-0.31851,-0.0308,-0.0000,-0.5129,-0.00416,1509
153345,2,0.00436,-0.31851,0.0000,-0.0000,-0.1586,0.00310,1478
153355,2,0.00463,-0.31940,-0.0095,-0.0354,-0.3407,0.02260,1484
153365,2,0.00476,-0.31940,-0.0021,-0.0212,-0.2031,0.01234,1479
153375,2,0.00467,-0.31851,-0.0079,0.0227,-0.1593,0.00402,1480
153385,2,0.00438,-0.31940,-0.0367,-0.0218,-0.6423,0.00836,1506
153395,2,0.00423,-0.31940,-0.0048,-0.0131,-0.2644,-0.00086,1509
153405,2,0.00444,-0.32025,-0.0053,-0.0420,-0.3293,0.01783,1474
153415,2,0.00460,-0.32025,0.0000,-0.0252,-0.2063,0.01257,1509
153425,2,0.00456,-0.32025,-0.0053,-0.0151,-0.2447,0.00505,1478
153435,2,0.00455,-0.32025,0.0038,-0.0091,-0.1248,0.00214,1489
153445,2,0.00451,-0.32025,-0.0095,-0.0054,-0.2729,0.00721,1515
153455,2,0.00446,-0.32025,0.0027,-0.0033,-0.1301,0.00077,1498
153465,2,0.00436,-0.32025,-0.0276,-0.0020,-0.4873,0.01314,1476
153475,2,0.00426,-0.32025,-0.0095,-0.0012,-0.2858,0.00409,1480
153485,2,0.00456,-0.32025,0.0016,-0.0007,-0.1261,0.01842,1491
153495,2,0.00466,-0.32025,-0.0053,-0.0004,-0.1949,0.01257,1489
153505,2,0.00444,-0.32025,-0.0250,-0.0003,-0.4438,0.00600,1495
153515,2,0.00434,-0.32025,0.0054,-0.0002,-0.1035,-0.00368,1510
153525,2,0.00456,-0.32025,-0.0101,-0.0001,-0.2598,0.02060,1503
153535,2,0.00429,-0.32025,-0.0271,-0.0001,-0.4831,0.00452,1502
153545,2,0.00418,-0.32025,-0.0053,-0.0000,-0.2418,0.00132,1481
153555,2,0.00429,-0.32114,-0.0069,-0.0354,-0.3471,0.01314,1513
153565,2,0.00455,-0.32114,0.0027,-0.0213,-0.1722,0.01611,1475
153575,2,0.00455,-0.32202,-0.0037,-0.0482,-0.3204,0.00651,1479
153585,2,0.00451,-0.32202,-0.0032,-0.0289,-0.2660,0.00408,1475
153595,2,0.00463,-0.32202,-0.0026,-0.0173,-0.2160,0.01223,1489
153605,2,0.00465,-0.32202,-0.0117,-0.0104,-0.2999,0.01143,1510
153615,2,0.00465,-0.32202,-0.0074,-0.0062,-0.2396,0.00825,1532
153625,2,0.00473,-0.32202,0.0006,-0.0037,-0.1330,0.00825,1487
153635,2,0.00476,-0.32202,-0.0058,-0.0022,-0.1998,0.00913,1484
153645,2,0.00472,-0.32202,-0.0005,-0.0013,-0.1396,0.00309,1505
153655,2,0.00500,-0.32202,0.0213,-0.0008,0.1425,0.00858,1517
153665,2,0.00496,-0.32202,-0.0191,-0.0005,-0.3281,0.01257,1503
153675,2,0.00482,-0.32202,-0.0021,-0.0003,-0.1446,-0.00111,1497
153685,2,0.00501,-0.32202,-0.0058,-0.0002,-0.1691,0.01706,1503
153695,2,0.00487,-0.32202,-0.0298,-0.0001,-0.4594,0.01292,1502
153705,2,0.00485,-0.32202,-0.0048,-0.0001,-0.1717,0.00646,1510
153715,2,0.00500,-0.32202,-0.0090,-0.0000,-0.2063,0.01681,1513
153725,2,0.00507,-0.32202,0.0022,-0.0000,-0.0702,0.00741,1475
153735,2,0.00505,-0.32288,-0.0090,-0.0342,-0.2956,0.00859,1484
153745,2,0.00479,-0.32288,-0.0170,-0.0205,-0.3771,0.00007,1486
153755,2,0.00492,-0.32288,0.0314,-0.0123,0.2184,-0.00404,1495
153765,2,0.00526,-0.32288,-0.0021,-0.0074,-0.1225,0.02304,1512
153775,2,0.00513,-0.32288,-0.0037,-0.0044,-0.1454,0.00071,1512
153785,2,0.00528,-0.32288,0.0054,-0.0027,-0.0210,0.01015,1506
153795,2,0.00552,-0.32288,-0.0042,-0.0016,-0.1049,0.01967,1489
153805,2,0.00553,-0.32288,-0.0095,-0.0010,-0.1640,0.01064,1507
153815,2,0.00543,-0.32288,-0.0064,-0.0006,-0.1354,0.00389,1510
153825,2,0.00510,-0.32288,-0.0042,-0.0003,-0.1436,-0.00955,1474
153835,2,0.00492,-0.32288,0.0229,-0.0002,0.1527,-0.01548,1508
153845,2,0.00534,-0.32462,0.0830,-0.0697,0.6979,-0.01524,1483
153855,2,0.00572,-0.32462,0.1102,-0.0418,1.1252,-0.03033,1495
153865,2,0.00604,-0.32462,0.1698,-0.0251,1.8913,-0.06293,1517
153875,2,0.00730,-0.32376,0.2517,0.0191,3.0859,-0.05544,1523
153885,2,0.00905,-0.32202,0.2879,0.0811,3.8496,-0.04751,1496
153895,2,0.01081,-0.31766,0.2916,0.2232,4.4618,-0.04694,1491
153905,2,0.01227,-0.31152,0.2847,0.3793,4.9622,-0.05699,1507
153915,2,0.01358,-0.30194,0.2852,0.6109,5.7448,-0.06362,1506
153925,2,0.01519,-0.28970,0.2751,0.8560,6.4764,-0.04174,1513
153935,2,0.01585,-0.27225,0.1921,1.2119,6.5799,-0.04739,1511
153945,2,0.01587,-0.25220,0.1150,1.5291,6.5877,-0.04071,1483
153955,2,0.01724,-0.22690,-0.0133,1.9294,6.3744,0.09225,1522
153965,2,0.01520,-0.19458,-0.3554,2.4504,3.6893,0.09100,1488
153975,2,0.00990,-0.15881,-0.5310,2.9009,2.4206,0.01062,1491
153985,2,0.00566,-0.12042,-0.5858,3.2762,2.4545,0.08664,1507
153995,2,0.00039,-0.07941,-0.7673,3.6063,0.8039,0.12052,1508
154005,2,-0.00731,-0.03928,-0.8599,3.7690,-0.5177,0.03733,1508
154015,2,-0.01535,-0.00436,-0.8184,3.6579,-1.0752,-0.00828,1505
154025,2,-0.02251,0.03229,-0.7385,3.6608,-0.7889,-0.01108,1504
154035,2,-0.02863,0.06894,-0.5794,3.6625,0.5139,-0.04505,1508
154045,2,-0.03144,0.09863,-0.3682,3.3853,1.9799,0.01235,1522
154055,2,-0.03403,0.12305,-0.4858,3.0077,-0.6167,0.07917,1520
154065,2,-0.03967,0.14749,-0.4922,2.7824,-1.8174,-0.07537,1487
154075,2,-0.04199,0.16843,-0.1809,2.5069,0.8418,-0.06757,1491
154085,2,-0.04073,0.18762,-0.0447,2.2719,1.9404,0.04448,1496
154095,2,-0.04070,0.20944,-0.2080,2.2360,-0.0015,0.06515,1497
154105,2,-0.04268,0.22864,-0.2804,2.1094,-1.3433,-0.00165,1506
154115,2,-0.04450,0.24609,-0.2394,1.9639,-1.4131,-0.01584,1506
154125,2,-0.04499,0.25919,-0.1234,1.7020,-0.8064,-0.00756,1484
154135,2,-0.04458,0.26965,-0.0234,1.4399,-0.3012,-0.01274,1519
154145,2,-0.04369,0.27753,0.0165,1.1789,-0.4439,-0.00711,1483
154155,2,-0.04269,0.28275,0.0485,0.9161,-0.6793,-0.01735,1491
154165,2,-0.04085,0.28711,0.1283,0.7242,-0.0856,-0.01292,1497
154175,2,-0.03828,0.28885,0.1591,0.5041,-0.0663,0.01084,1520
154185,2,-0.03618,0.29062,0.1043,0.3733,-0.8422,0.01682,1483
154195,2,-0.03479,0.29147,0.0655,0.2581,-1.4641,0.00170,1489
154205,2,-0.03328,0.29062,0.0948,0.1207,-1.3492,-0.00485,1506
154215,2,-0.03127,0.28799,0.1309,-0.0326,-1.1516,0.00364,1507
154225,2,-0.02905,0.28537,0.1245,-0.1245,-1.2585,0.01979,1512
154235,2,-0.02732,0.28101,0.0985,-0.2493,-1.7349,0.00961,1507
154245,2,-0.02590,0.27576,0.1081,-0.3595,-1.7915,-0.00884,1484
154255,2,-0.02424,0.26965,0.1405,-0.4599,-1.5340,-0.01126,1524
154265,2,-0.02250,0.26266,0.1373,-0.5555,-1.6700,-0.00417,1484
154275,2,-0.02094,0.25482,0.1347,-0.6470,-1.8091,-0.01061,1494
154285,2,-0.01949,0.24698,0.1267,-0.7019,-1.9205,-0.01032,1523
154295,2,-0.01795,0.23737,0.1788,-0.8057,-1.4634,-0.03020,1524
154305,2,-0.01572,0.22690,0.2395,-0.9021,-0.8214,-0.02412,1506
154315,2,-0.01290,0.21381,0.2837,-1.0649,-0.4955,-0.01342,1481
154325,2,-0.00936,0.19897,0.3385,-1.2322,0.0084,-0.00198,1507
154335,2,-0.00591,0.18588,0.2842,-1.2630,-0.3829,0.02476,1502
154345,2,-0.00346,0.17453,0.1698,-1.2119,-1.3446,0.03392,1512
154355,2,-0.00251,0.16406,0.0852,-1.1458,-2.0678,0.00269,1513
154365,2,-0.00172,0.15359,0.1453,-1.1062,-1.2062,-0.03497,1484
154375,2,0.00056,0.14139,0.2799,-1.1520,0.4306,-0.02529,1491
154385,2,0.00413,0.12830,0.3252,-1.2149,1.1137,0.01988,1514
154395,2,0.00738,0.11783,0.2225,-1.1476,0.4133,0.05883,1529
154405,2,0.00843,0.10910,0.0314,-1.0377,-1.4092,0.04497,1484
154415,2,0.00793,0.10211,-0.0090,-0.9022,-1.5712,-0.01221,1491
154425,2,0.00761,0.09427,-0.0026,-0.8550,-1.4161,-0.00712,1509
154435,2,0.00731,0.08377,0.0016,-0.9329,-1.6280,-0.00870,1508
154445,2,0.00775,0.07245,0.1139,-1.0126,-0.5239,-0.02742,1510
154455,2,0.00945,0.05936,0.1836,-1.1313,0.1053,0.00278,1511
154465,2,0.01123,0.04538,0.1277,-1.2378,-0.6783,0.03646,1483
154475,2,0.01195,0.03491,0.0628,-1.1614,-1.1689,0.01672,1491
154485,2,0.01198,0.02444,0.0054,-1.1155,-1.7260,0.01051,1488
154495,2,0.01154,0.01572,-0.0032,-1.0184,-1.6206,-0.00859,1491
154505,2,0.01161,0.00525,0.0676,-1.0298,-0.8461,-0.01894,1513
154515,2,0.01258,-0.00522,0.1352,-1.0366,-0.0062,-0.00655,1513
154525,2,0.01421,-0.01483,0.1150,-1.0065,-0.0138,0.03825,1514
154535,2,0.01492,-0.02267,0.0171,-0.9176,-0.8484,0.04201,1512
154545,2,0.01391,-0.02792,-0.0968,-0.7605,-1.8497,0.01154,1475
154555,2,0.01267,-0.03314,-0.0835,-0.6651,-1.5697,-0.00741,1511
154565,2,0.01255,-0.04013,-0.0170,-0.6786,-0.8623,0.01509,1493
154575,2,0.01245,-0.04623,-0.0548,-0.6513,-1.2468,0.03464,1495
154585,2,0.01161,-0.05060,-0.0856,-0.5653,-1.4617,0.01269,1488
154595,2,0.01087,-0.05585,-0.0569,-0.5492,-1.1688,0.00248,1512
154605,2,0.01054,-0.06195,-0.0431,-0.5736,-1.1202,0.01521,1506
154615,2,0.01023,-0.06805,-0.0489,-0.5883,-1.2692,0.01954,1501
154625,2,0.00965,-0.07330,-0.0596,-0.5630,-1.3916,0.01015,1514
154635,2,0.00909,-0.07941,-0.0425,-0.5819,-1.3133,0.00233,1510
154645,2,0.00899,-0.08725,0.0155,-0.6629,-0.8869,-0.00373,1488
154655,2,0.00915,-0.09512,0.0213,-0.7127,-0.9524,0.00682,1480
154665,2,0.00964,-0.10471,0.0729,-0.8109,-0.5920,-0.00270,1477
154675,2,0.01092,-0.11517,0.1405,-0.9052,0.0420,0.00499,1485
154685,2,0.01272,-0.12567,0.1570,-0.9631,0.2347,0.02383,1507
154695,2,0.01412,-0.13614,0.0852,-0.9965,-0.5666,0.04155,1511
154705,2,0.01447,-0.14572,0.0080,-0.9812,-1.4000,0.02800,1500
154715,2,0.01444,-0.15359,-0.0074,-0.9037,-1.3854,0.01680,1505
154725,2,0.01434,-0.16144,-0.0468,-0.8559,-1.7362,0.03247,1517
154735,2,0.01373,-0.16840,-0.0558,-0.7919,-1.7402,0.01143,1511
154745,2,0.01332,-0.17453,-0.0117,-0.7205,-1.0880,-0.00124,1488
154755,2,0.01280,-0.18149,-0.0484,-0.7106,-1.5505,0.01096,1491
154765,2,0.01195,-0.18848,-0.0495,-0.7059,-1.6477,-0.00584,1485
154775,2,0.01151,-0.19458,0.0011,-0.6677,-1.0154,-0.01136,1491
154785,2,0.01143,-0.20245,-0.0032,-0.7156,-1.2166,0.00927,1513
154795,2,0.01130,-0.20944,0.0213,-0.7089,-0.9420,-0.00612,1510
154805,2,0.01154,-0.21729,0.0575,-0.7390,-0.5956,-0.00488,1515
154815,2,0.01209,-0.22513,0.0809,-0.7571,-0.3342,-0.00107,1504
154825,2,0.01320,-0.23386,0.1230,-0.8034,0.1204,0.00713,1474
154835,2,0.01476,-0.24258,0.1027,-0.8312,-0.0492,0.04159,1509
154845,2,0.01561,-0.24957,0.0511,-0.7782,-0.4311,0.03237,1486
154855,2,0.01552,-0.25568,-0.0346,-0.7111,-1.2589,0.02870,1495
154865,2,0.01479,-0.26093,-0.0622,-0.6366,-1.4593,0.00938,1507
154875,2,0.01412,-0.26703,-0.0495,-0.6261,-1.3616,0.00517,1524
154885,2,0.01366,-0.27225,-0.0090,-0.5844,-0.8370,-0.00511,1503
154895,2,0.01354,-0.28012,0.0117,-0.6656,-0.8438,0.00176,1480
154905,2,0.01371,-0.28885,0.0607,-0.7485,-0.5016,-0.00797,1507
154915,2,0.01498,-0.29843,0.1394,-0.8324,0.2901,0.00893,1502
154925,2,0.01658,-0.30716,0.1091,-0.8486,0.0382,0.04175,1502
154935,2,0.01732,-0.31677,0.0383,-0.8937,-0.8460,0.03548,1510
154945,2,0.01748,-0.32462,0.0266,-0.8499,-0.8621,0.01178,1517
154955,2,0.01763,-0.33249,0.0059,-0.8249,-1.0340,0.02210,1516
154965,2,0.01764,-0.33859,0.0117,-0.7391,-0.7436,0.01246,1484
154975,2,0.01809,-0.34558,0.0511,-0.7230,-0.2125,0.01521,1504
154985,2,0.01809,-0.34995,-0.0234,-0.6084,-0.7715,0.02951,1491
154995,2,0.01744,-0.35516,-0.0532,-0.5738,-1.0966,0.01154,1511
155005,2,0.01652,-0.35953,-0.0479,-0.5188,-0.9859,-0.00565,1518
155015,2,0.01576,-0.36301,-0.0122,-0.4504,-0.4696,-0.01571,1519
155025,2,0.01546,-0.36737,-0.0095,-0.4448,-0.4625,0.00478,1484
155035,2,0.01483,-0.36911,-0.0431,-0.3365,-0.6221,0.00486,1484
155045,2,0.01394,-0.37088,-0.0250,-0.2727,-0.3314,-0.01786,1503
155055,2,0.01309,-0.37347,-0.0234,-0.2674,-0.3878,-0.01765,1498
155065,2,0.01241,-0.37347,-0.0143,-0.1604,-0.0610,-0.01452,1504
155075,2,0.01191,-0.37347,-0.0016,-0.0963,0.2111,-0.01223,1512
155085,2,0.01135,-0.37347,-0.0069,-0.0578,0.1980,-0.01335,1475
155095,2,0.01096,-0.37262,-0.0016,-0.0005,0.3776,-0.00778,1509
155105,2,0.01085,-0.37088,-0.0032,0.0693,0.5413,0.00722,1486
155115,2,0.01086,-0.36911,-0.0090,0.1124,0.5946,0.01577,1492
155125,2,0.01054,-0.36652,-0.0399,0.1712,0.3706,0.01463,1497
155135,2,0.00992,-0.36301,-0.0383,0.2431,0.5282,-0.00226,1519
155145,2,0.00974,-0.36038,-0.0122,0.2508,0.8376,0.00679,1482
155155,2,0.00980,-0.35867,-0.0005,0.2189,0.8951,0.01292,1481
155165,2,0.00976,-0.35602,-0.0165,0.2375,0.7631,0.01647,1500
155175,2,0.00965,-0.35342,-0.0026,0.2463,0.9401,0.00517,1492
155185,2,0.00971,-0.35080,-0.0021,0.2527,0.9743,0.01360,1506
155195,2,0.00994,-0.34906,0.0203,0.2212,1.1738,0.01155,1509
155205,2,0.01024,-0.34732,0.0016,0.2023,0.9403,0.02439,1517
155215,2,0.01065,-0.34558,0.0304,0.1910,1.2856,0.01588,1512
155225,2,0.01101,-0.34384,0.0022,0.1842,0.9803,0.02801,1488
