t_ms,state,th,psi,dth,dpsi,u,th_acc,exec_us
2296,0,0.03640,0.00000,0.0051,0.0000,0.0000,0.03095,1136
2305,2,0.03627,0.00000,-0.0034,0.0000,0.0000,0.03135,1855
2315,2,0.03617,0.00262,-0.0066,0.1047,3.7415,0.03480,1520
2325,2,0.03615,0.00611,0.0004,0.2026,4.0869,0.03497,1507
2335,2,0.03525,0.01570,-0.0561,0.5052,4.1885,0.01798,1512
2345,2,0.03418,0.02792,-0.0353,0.7920,5.1111,-0.00146,1494
2355,2,0.03498,0.04189,0.0568,1.0337,6.9052,0.04638,1501
2365,2,0.03611,0.06370,0.0227,1.4927,7.9007,0.08130,1497
2375,2,0.03543,0.09425,-0.0715,2.1175,8.4996,0.03744,1503
2385,2,0.03450,0.13002,-0.0518,2.7015,10.2632,0.01383,1512
2395,2,0.03395,0.17453,0.0030,3.4013,12.7882,0.00479,1527
2405,2,0.03455,0.23038,0.0429,4.2747,15.7436,0.04334,1494
2415,2,0.03538,0.30979,-0.0012,5.7414,19.4024,0.07717,1499
2425,2,0.03625,0.40578,-0.0529,7.2845,23.2175,0.10661,1498
2435,2,0.03452,0.53407,-0.1939,9.5023,27.6329,0.04466,1505
2445,2,0.03270,0.69551,-0.1188,12.1589,30.0000,0.00114,1517
2455,2,0.03162,0.88575,-0.0406,14.9049,30.0000,-0.00195,1530
2465,2,0.02902,1.10043,-0.0635,17.5300,30.0000,-0.06947,1490
2475,2,0.02826,1.33343,0.0924,19.8381,30.0000,-0.05560,1499
2485,2,0.03152,1.57952,0.2515,21.7466,30.0000,0.06846,1502
2495,2,0.03430,1.83696,0.1451,23.3455,30.0000,0.10093,1502
2505,2,0.03717,2.10312,0.0568,24.6537,30.0000,0.15209,1514
2515,2,0.03740,2.37540,-0.0587,25.6833,30.0000,0.07852,1525
2525,2,0.03677,2.65988,-0.1141,26.7894,30.0000,0.06231,1491
2535,2,0.03457,2.93302,-0.0518,26.9992,30.0000,-0.04990,1499
2545,2,0.03518,3.20966,0.0568,27.2649,30.0000,0.03737,1500
2555,2,0.03491,3.48368,-0.0193,27.3199,30.0000,0.03120,1503
2565,2,0.03602,3.76991,0.0419,27.8412,30.0000,0.07065,1512
2575,2,0.03590,4.06051,-0.0443,28.3286,30.0000,0.05230,1532
2585,2,0.03557,4.34063,-0.0050,28.2020,30.0000,0.02122,1491
2595,2,0.03583,4.62337,0.0019,28.2310,30.0000,0.04804,1499
2605,2,0.03590,4.90961,-0.0060,28.3879,30.0000,0.04240,1503
2615,2,0.03521,5.19235,0.0014,28.3425,30.0000,-0.00012,1509
2625,2,0.03554,5.48120,0.0317,28.5595,30.0000,0.03602,1515
2635,2,0.03524,5.77442,0.0009,28.8645,30.0000,0.01983,1533
2645,2,0.03597,6.06763,0.0025,29.0472,30.0000,0.07126,1490
2655,2,0.03561,6.35474,-0.0140,28.9127,30.0000,0.02492,1534
2665,2,0.03486,6.64446,-0.0140,28.9364,30.0000,0.00444,1498
2675,2,0.03550,6.94466,0.0147,29.3699,30.0000,0.06008,1504
2685,2,0.03556,7.23614,0.0323,29.2809,30.0000,0.02234,1505
2695,2,0.03582,7.52673,0.0195,29.1924,30.0000,0.03907,1515
2705,2,0.03685,7.81210,0.0030,28.9299,30.0000,0.08697,1528
2715,2,0.03620,8.09920,-0.0587,28.8420,30.0000,0.03311,1537
2725,2,0.03574,8.38979,-0.0470,28.9291,30.0000,0.03599,1490
2735,2,0.03525,8.67777,0.0004,28.8766,30.0000,0.01035,1499
2745,0,0.03648,8.97448,0.0222,29.1942,30.0000,0.08709,2038
2765,0,0.03743,9.52689,0.0488,39.6128,0.0000,0.06071,1120
2775,0,0.03728,9.80002,-0.0236,34.6930,0.0000,0.04148,1082
2785,0,0.03738,10.06793,-0.0098,31.5323,0.0000,0.04699,1071
2795,0,0.03667,10.33759,-0.0364,29.7055,0.0000,0.01984,1073
2805,0,0.03657,10.59938,-0.0012,28.2951,0.0000,0.03195,1081
2815,0,0.03613,10.85507,0.0067,27.2047,0.0000,0.01071,1087
2825,0,0.03722,11.10291,0.0552,26.2362,0.0000,0.06429,1095
2835,0,0.03722,11.34464,0.0019,25.4109,0.0000,0.03620,1097
2845,0,0.03756,11.58463,0.0057,24.8461,0.0000,0.05176,1071
2855,0,0.03729,11.82460,-0.0023,24.5067,0.0000,0.02472,1067
2865,0,0.03775,12.05760,0.0195,24.0241,0.0000,0.05112,1071
2875,0,0.03707,12.28624,-0.0156,23.5600,0.0000,0.01102,1076
2885,0,0.03774,12.51051,0.0200,23.1069,0.0000,0.06133,1083
2895,0,0.03728,12.73479,-0.0188,22.8351,0.0000,0.02358,1089
2905,0,0.03697,12.95209,-0.0124,22.3931,0.0000,0.02760,1100
2915,0,0.03698,13.16850,0.0126,22.0925,0.0000,0.03097,1067
2925,0,0.03614,13.38144,-0.0252,21.7729,0.0000,0.00681,1071
2935,0,0.03745,13.59087,0.0477,21.4408,0.0000,0.07933,1068
2945,0,0.03658,13.79857,-0.0587,21.1726,0.0000,0.02251,1075
2955,0,0.03653,13.99405,-0.0039,20.5228,0.0000,0.03593,1078
2974,0,0.03521,14.35358,-0.0699,26.6948,0.0000,0.00423,1145
2984,0,0.03550,14.53946,0.0562,23.4522,0.0000,0.02184,1089
2994,0,0.03649,14.72360,0.0387,21.4370,0.0000,0.06627,1095
3004,0,0.03518,14.90511,-0.0821,20.1223,0.0000,0.01118,1078
3014,0,0.03607,15.08400,0.0685,19.2292,0.0000,0.04591,1086
3024,0,0.03636,15.25766,-0.0071,18.4839,0.0000,0.05454,1076
3034,0,0.03458,15.42609,-0.0848,17.8274,0.0000,-0.01219,1082
3044,0,0.03551,15.58754,0.0695,17.1546,0.0000,0.04767,1063
3054,0,0.03619,15.74635,-0.0119,16.6453,0.0000,0.07593,1089
3064,0,0.03468,15.89819,-0.0864,16.0608,0.0000,0.00241,1064
3074,0,0.03554,16.04829,0.0520,15.6405,0.0000,0.05274,1077
3084,0,0.03612,16.19926,-0.0183,15.4231,0.0000,0.07401,1080
3094,0,0.03479,16.34587,-0.0741,15.1181,0.0000,0.00539,1081
3104,0,0.03476,16.48463,0.0286,14.6214,0.0000,0.01901,1079
3114,0,0.03486,16.62076,0.0051,14.2178,0.0000,0.03707,1091
3124,0,0.03455,16.75778,-0.0348,14.0116,0.0000,0.03665,1063
3134,0,0.03416,16.89130,-0.0177,13.7476,0.0000,0.02375,1076
3144,0,0.03366,17.01521,-0.0151,13.2052,0.0000,0.01589,1066
3154,0,0.03379,17.13303,0.0238,12.6356,0.0000,0.02861,1076
3164,0,0.03446,17.25432,0.0152,12.4331,0.0000,0.06013,1078
3183,0,0.03395,17.46289,-0.0332,15.8027,0.0000,0.02495,1114
3193,0,0.03287,17.57285,-0.0135,13.8798,0.0000,-0.01438,1068
3203,0,0.03330,17.67583,0.0552,12.4472,0.0000,0.02735,1072
3213,0,0.03438,17.77530,0.0222,11.4472,0.0000,0.07732,1070
3223,0,0.03511,17.86955,-0.0044,10.6385,0.0000,0.07368,1086
3233,0,0.03389,17.96468,-0.0715,10.1880,0.0000,0.00867,1088
3243,0,0.03278,18.05717,-0.0156,9.8128,0.0000,-0.01461,1093
3253,0,0.03269,18.14706,0.0557,9.4832,0.0000,0.00031,1081
3263,0,0.03336,18.22821,0.0599,8.9358,0.0000,0.03694,1072
3273,0,0.03502,18.30240,0.0536,8.3290,0.0000,0.09092,1070
3283,0,0.03540,18.37045,-0.0316,7.7196,0.0000,0.07046,1082
3293,0,0.03473,18.44202,-0.0816,7.4943,0.0000,0.04170,1082
3303,0,0.03320,18.50572,-0.0992,7.0448,0.0000,0.00623,1091
3313,0,0.03196,18.57642,-0.0156,7.0546,0.0000,-0.02214,1080
3323,0,0.03138,18.64099,0.0419,6.8158,0.0000,-0.01855,1072
3333,0,0.03253,18.70294,0.1142,6.5675,0.0000,0.03327,1076
3343,0,0.03496,18.75792,0.1153,6.1396,0.0000,0.09876,1082
3353,0,0.03610,18.80766,-0.0305,5.6735,0.0000,0.10794,1085
3363,0,0.03554,18.85567,-0.1008,5.3243,0.0000,0.05823,1078
3373,0,0.03270,18.89667,-0.1625,4.8346,0.0000,-0.02817,1083
3391,0,0.03242,18.96562,0.0690,5.6589,0.0000,-0.01621,1116
3401,0,0.03441,18.99092,0.1270,4.4073,0.0000,0.07070,1063
3411,0,0.03665,19.01361,0.0301,3.5520,0.0000,0.13336,1072
3421,0,0.03667,19.03456,-0.0992,2.9692,0.0000,0.08755,1071
3431,0,0.03442,19.05376,-0.1795,2.5493,0.0000,0.01134,1079
3441,0,0.03208,19.07208,-0.0715,2.2626,0.0000,-0.04883,1079
3451,0,0.03138,19.09128,0.0435,2.1254,0.0000,-0.02566,1085
3461,0,0.03177,19.10786,0.0695,1.9387,0.0000,0.01675,1063
3471,0,0.03422,19.12357,0.1094,1.7913,0.0000,0.10195,1071
3481,0,0.03484,19.14015,-0.0550,1.7382,0.0000,0.09313,1071
3491,0,0.03395,19.16284,-0.0805,1.9505,0.0000,0.02975,1081
3501,0,0.03246,19.18028,-0.0412,1.8679,0.0000,-0.02153,1082
3511,0,0.03186,19.19164,0.0025,1.5749,0.0000,0.00061,1094
3521,0,0.03227,19.19949,0.0605,1.2593,0.0000,0.02289,1063
3531,0,0.03358,19.20560,0.0552,0.9997,0.0000,0.07143,1071
3541,0,0.03413,19.20996,-0.0209,0.7744,0.0000,0.07203,1070
3551,0,0.03376,19.21259,-0.0561,0.5696,0.0000,0.04310,1084
3561,0,0.03238,19.21259,-0.0741,0.3418,0.0000,0.00074,1092
3571,0,0.03175,19.20822,0.0019,0.0305,0.0000,-0.00085,1101
3581,0,0.03211,19.20123,0.0387,-0.2612,0.0000,0.03061,1063
3600,0,0.03254,19.18640,-0.0199,-0.7500,0.0000,0.06431,1129
3610,0,0.03188,19.18291,-0.0481,-0.5898,0.0000,0.02277,1081
3620,0,0.03083,19.18028,-0.0294,-0.4588,0.0000,-0.00707,1085
3630,0,0.03044,19.18028,0.0466,-0.2753,0.0000,-0.01256,1069
3640,0,0.03068,19.17941,0.0924,-0.2000,0.0000,-0.00318,1078
3650,0,0.03218,19.17592,0.1536,-0.2598,0.0000,0.03021,1083
3660,0,0.03414,19.17070,0.1211,-0.3646,0.0000,0.07186,1078
3670,0,0.03626,19.16284,0.0525,-0.5331,0.0000,0.11564,1080
3680,0,0.03707,19.15498,-0.0055,-0.6342,0.0000,0.08064,1070
3690,0,0.03621,19.14713,-0.0678,-0.6948,0.0000,0.02694,1067
3700,0,0.03465,19.13840,-0.0534,-0.7660,0.0000,-0.01656,1076
3710,0,0.03402,19.12793,-0.0012,-0.8783,0.0000,0.00318,1084
3720,0,0.03461,19.11659,0.0557,-0.9805,0.0000,0.03598,1092
3730,0,0.03469,19.10699,0.0264,-0.9722,0.0000,0.02541,1085
3740,0,0.03465,19.10001,0.0552,-0.8629,0.0000,0.00517,1085
3750,0,0.03522,19.09651,0.0945,-0.6575,0.0000,0.01631,1067
3760,0,0.03604,19.09651,0.1185,-0.3945,0.0000,0.01784,1070
3770,0,0.03655,19.10001,0.0791,-0.0969,0.0000,0.02261,1067
3780,0,0.03711,19.10524,0.0759,0.1512,0.0000,0.02731,1081
3790,0,0.03700,19.11136,0.0248,0.3355,0.0000,0.01920,1080
3808,0,0.03588,19.12183,-0.0805,0.6200,0.0000,0.01990,1115
3818,0,0.03408,19.12445,-0.1093,0.4770,0.0000,-0.00144,1063
3828,0,0.03277,19.12270,-0.0566,0.2160,0.0000,-0.00426,1073
3838,0,0.03176,19.12009,-0.0459,0.0252,0.0000,0.00415,1069
3848,0,0.03405,19.11833,0.2329,-0.0551,0.0000,0.03227,1076
3858,0,0.03313,19.11484,0.1472,-0.1728,0.0000,-0.08645,1079
3868,0,0.03440,19.10960,0.1281,-0.3130,0.0000,0.03382,1087
3878,0,0.03386,19.11047,-0.0135,-0.1530,0.0000,0.01384,1063
3888,0,0.03107,19.11310,-0.1460,0.0132,0.0000,-0.03554,1073
3898,0,0.02871,19.11572,-0.1268,0.1129,0.0000,-0.02585,1063
3908,0,0.02695,19.11659,-0.1449,0.1025,0.0000,0.01112,1075
3918,0,0.02492,19.11746,-0.2141,0.0963,0.0000,0.03077,1079
3928,0,0.02233,19.11746,-0.2434,0.0578,0.0000,0.01428,1086
3938,0,0.01935,19.11572,-0.2412,-0.0349,0.0000,-0.00915,1063
3948,0,0.01687,19.11484,-0.2370,-0.0563,0.0000,0.01174,1073
3958,0,0.01463,19.11397,-0.2460,-0.0686,0.0000,0.02526,1063
3968,0,0.01319,19.11397,-0.2407,-0.0412,0.0000,0.06195,1073
3978,0,0.01147,19.11484,-0.2444,0.0101,0.0000,0.04759,1086
3988,0,0.01024,19.11572,-0.1619,0.0415,0.0000,0.02945,1093
3998,0,0.00936,19.11572,-0.1497,0.0249,0.0000,0.04041,1063
4017,0,0.00861,19.11484,-0.0869,-0.0205,0.0000,0.01449,1148
4027,0,0.00846,19.11397,-0.0135,-0.0471,0.0000,0.00792,1096
4037,0,0.00813,19.11397,-0.0028,-0.0282,0.0000,-0.00735,1104
4047,0,0.00836,19.11397,0.0456,-0.0169,0.0000,-0.00270,1075
4057,0,0.00803,19.11572,0.0168,0.0600,0.0000,-0.01715,1079
4067,0,0.00760,19.11484,-0.0268,0.0006,0.0000,-0.00017,1075
4077,0,0.00660,19.11397,-0.0672,-0.0344,0.0000,-0.00978,1083
4087,0,0.00595,19.11310,-0.0864,-0.0554,0.0000,0.01642,1091
4097,0,0.00535,19.11310,-0.0651,-0.0333,0.0000,0.00800,1101
4107,0,0.00513,19.11310,-0.0263,-0.0200,0.0000,0.00720,1104
4117,0,0.00532,19.11310,0.0062,-0.0120,0.0000,0.01171,1079
4127,0,0.00547,19.11397,0.0270,0.0276,0.0000,-0.00059,1075
4137,0,0.00555,19.11397,-0.0039,0.0166,0.0000,0.01180,1080
4147,0,0.00501,19.11397,0.0009,0.0099,0.0000,-0.02241,1085
4157,0,0.00482,19.11397,0.0083,0.0060,0.0000,-0.00912,1102
4167,0,0.00528,19.11397,-0.0044,0.0036,0.0000,0.03075,1104
4177,0,0.00512,19.11484,-0.0619,0.0369,0.0000,0.02795,1095
4187,0,0.00465,19.11484,-0.0811,0.0222,0.0000,0.02163,1077
4197,0,0.00465,19.11310,-0.0614,-0.0563,0.0000,0.03527,1085
4207,0,0.00448,19.11310,-0.0555,-0.0338,0.0000,0.02383,1091
4226,0,0.00481,19.11310,-0.0209,-0.0203,0.0000,0.03188,1120
4236,0,0.00533,19.11397,-0.0124,0.0226,0.0000,0.03749,1087
4246,0,0.00576,19.11310,-0.0034,-0.0212,0.0000,0.02899,1075
4256,0,0.00675,19.11310,0.0371,-0.0127,0.0000,0.03742,1074
4266,0,0.00769,19.11310,0.0552,-0.0076,0.0000,0.02711,1077
4276,0,0.00856,19.11310,0.0371,-0.0046,0.0000,0.03388,1077
4286,0,0.00925,19.11484,0.0429,0.0668,0.0000,0.02217,1088
4296,0,0.00971,19.11484,0.0317,0.0401,0.0000,0.01668,1063
4306,0,0.01009,19.11310,0.0355,-0.0455,0.0000,0.01165,1075
4316,0,0.01043,19.11397,0.0216,0.0075,0.0000,0.01642,1063
4326,0,0.01036,19.11310,0.0062,-0.0303,0.0000,0.00359,1076
4336,0,0.01041,19.11397,0.0105,0.0166,0.0000,0.00782,1076
4346,0,0.01042,19.11484,-0.0055,0.0448,0.0000,0.01349,1083
4356,0,0.01020,19.11484,-0.0374,0.0269,0.0000,0.01814,1079
4366,0,0.00944,19.11484,-0.1061,0.0161,0.0000,0.02426,1093
4376,0,0.00831,19.11484,-0.1412,0.0097,0.0000,0.02254,1066
4386,0,0.00696,19.11484,-0.1252,0.0058,0.0000,0.00230,1075
4396,0,0.00579,19.11397,-0.1146,-0.0313,0.0000,0.00461,1068
4406,0,0.00520,19.11310,-0.1061,-0.0536,0.0000,0.02856,1077
4416,0,0.00469,19.11484,-0.1109,0.0374,0.0000,0.03453,1081
4434,0,0.00420,19.11397,-0.1066,-0.0123,0.0000,0.03315,1136
4444,0,0.00367,19.11397,-0.0747,-0.0074,0.0000,0.01465,1087
4454,0,0.00322,19.11397,-0.0864,-0.0044,0.0000,0.02353,1094
4464,0,0.00240,19.11484,-0.1348,0.0321,0.0000,0.02896,1100
4474,0,0.00162,19.11484,-0.1492,0.0193,0.0000,0.03729,1089
4484,0,0.00076,19.11484,-0.2210,0.0116,0.0000,0.06807,1072
4494,0,0.00121,19.11484,-0.2460,0.0069,0.0000,0.14685,1082
4504,0,-0.00140,19.11484,-0.2561,0.0042,0.0000,-0.00360,1087
4514,0,-0.00066,19.11223,0.0046,-0.1019,0.0000,0.03359,1074
4524,0,0.00130,19.11047,0.0307,-0.1313,0.0000,0.08416,1076
4534,0,0.00194,19.11136,-0.0060,-0.0434,0.0000,0.03700,1089
4544,0,0.00268,19.11310,0.0004,0.0435,0.0000,0.03952,1091
4554,0,0.00342,19.11484,0.0067,0.0957,0.0000,0.03713,1085
4564,0,0.00442,19.11484,0.0594,0.0574,0.0000,0.02449,1085
4574,0,0.00572,19.11310,0.0929,-0.0351,0.0000,0.02445,1074
4584,0,0.00701,19.11310,0.1025,-0.0211,0.0000,0.02033,1072
4594,0,0.00852,19.11397,0.1015,0.0221,0.0000,0.03321,1074
4604,0,0.01026,19.11397,0.1004,0.0133,0.0000,0.04678,1081
4614,0,0.01212,19.11484,0.0860,0.0428,0.0000,0.06242,1085
4624,0,0.01358,19.11484,0.0557,0.0257,0.0000,0.05859,1093
4643,0,0.01474,19.11310,0.0584,-0.0542,0.0000,0.04355,1138
4653,0,0.01540,19.11310,0.0605,-0.0325,0.0000,0.01797,1089
4663,0,0.01667,19.11310,0.1105,-0.0195,0.0000,0.02502,1096
4673,0,0.01820,19.11310,0.1350,-0.0117,0.0000,0.02725,1063
4683,0,0.01999,19.11310,0.1573,-0.0070,0.0000,0.03091,1071
4693,0,0.02201,19.11310,0.1669,-0.0042,0.0000,0.03961,1068
4703,0,0.02403,19.11310,0.1552,-0.0025,0.0000,0.04741,1079
4713,0,0.02585,19.11484,0.1265,0.0681,0.0000,0.05344,1086
4723,0,0.02721,19.11484,0.0977,0.0408,0.0000,0.04674,1098
4733,0,0.02822,19.11484,0.0573,0.0245,0.0000,0.04975,1063
4743,0,0.02936,19.11397,0.0690,-0.0201,0.0000,0.05184,1071
4753,0,0.03029,19.11397,0.0615,-0.0121,0.0000,0.04619,1067
4763,0,0.03131,19.11397,0.0764,-0.0072,0.0000,0.04428,1077
4773,0,0.03252,19.11397,0.1089,-0.0043,0.0000,0.03825,1084
4783,0,0.03353,19.11310,0.1217,-0.0374,0.0000,0.02348,1094
4793,0,0.03457,19.11397,0.1456,0.0124,0.0000,0.01372,1082
4803,0,0.03581,19.11397,0.1722,0.0074,0.0000,0.01160,1061
4813,0,0.03726,19.11397,0.1648,0.0044,0.0000,0.02742,1064
4823,0,0.03865,19.11397,0.1286,0.0027,0.0000,0.04366,1072
4833,0,0.04019,19.11484,0.1057,0.0364,0.0000,0.06417,1077
4852,0,0.04147,19.11310,0.1169,-0.0477,0.0000,0.04740,1140
4862,0,0.04290,19.11310,0.1291,-0.0286,0.0000,0.04953,1086
4872,0,0.04442,19.11310,0.1525,-0.0172,0.0000,0.04437,1096
4882,0,0.04608,19.11397,0.1744,0.0245,0.0000,0.04196,1065
4892,0,0.04774,19.11397,0.1637,0.0147,0.0000,0.04862,1069
4902,0,0.04973,19.11397,0.1813,0.0088,0.0000,0.05860,1068
4912,0,0.05184,19.11397,0.1893,0.0053,0.0000,0.06308,1081
4922,0,0.05438,19.11310,0.1962,-0.0316,0.0000,0.08333,1086
4932,0,0.05715,19.11397,0.2153,0.0158,0.0000,0.08794,1100
4942,0,0.06024,19.11310,0.2824,-0.0253,0.0000,0.07312,1065
4952,0,0.06338,19.11397,0.2946,0.0196,0.0000,0.07320,1069
4962,0,0.06622,19.11397,0.3079,0.0118,0.0000,0.05437,1074
4972,0,0.06884,19.11484,0.2845,0.0418,0.0000,0.05781,1081
4982,0,0.07080,19.11484,0.2148,0.0251,0.0000,0.06115,1090
4992,0,0.07267,19.11484,0.1600,0.0151,0.0000,0.08623,1102
5002,0,0.07383,19.11484,0.0903,0.0090,0.0000,0.08646,1067
5012,0,0.07499,19.11310,0.1084,-0.0642,0.0000,0.07891,1069
5022,0,0.07653,19.11223,0.1621,-0.0733,0.0000,0.07240,1067
5032,0,0.07856,19.11223,0.2302,-0.0440,0.0000,0.06525,1077
5042,0,0.08110,19.11223,0.2526,-0.0264,0.0000,0.08145,1083
5061,0,0.08351,19.11397,0.2190,0.0538,0.0000,0.09467,1113
5071,0,0.08589,19.10960,0.1956,-0.1423,0.0000,0.10718,1063
5081,0,0.08857,19.10786,0.2707,-0.1550,0.0000,0.08700,1071
5091,0,0.08759,19.09564,0.1392,-0.5819,0.0000,-0.03064,1075
5101,0,0.08561,19.08691,-0.0358,-0.6982,0.0000,0.00448,1090
5111,0,0.08628,19.07384,0.1515,-0.9420,0.0000,0.04371,1093
5121,0,0.08745,19.06161,0.1744,-1.0541,0.0000,0.05902,1100
5131,0,0.08899,19.05376,0.0754,-0.9468,0.0000,0.12806,1063
5141,0,0.08866,19.04852,0.0051,-0.7774,0.0000,0.06983,1072
5151,0,0.08908,19.04677,0.0546,-0.5366,0.0000,0.08259,1079
5161,0,0.08977,19.04503,0.0429,-0.3916,0.0000,0.10276,1086
5171,0,0.09010,19.04329,0.0301,-0.3045,0.0000,0.09177,1095
5181,0,0.09112,19.03717,0.1153,-0.4275,0.0000,0.08451,1083
5191,0,0.09337,19.02931,0.2308,-0.5708,0.0000,0.09031,1066
5201,0,0.09681,19.02060,0.2978,-0.6910,0.0000,0.12012,1076
5211,0,0.09996,19.01187,0.2616,-0.7637,0.0000,0.12650,1077
5221,0,0.10229,19.00314,0.1818,-0.8074,0.0000,0.12783,1088
5231,0,0.10364,18.99702,0.1323,-0.7292,0.0000,0.10488,1069
5241,0,0.10550,18.98918,0.1914,-0.7512,0.0000,0.10294,1078
5251,0,0.10768,18.97957,0.2451,-0.8353,0.0000,0.09392,1067
5269,0,0.11141,18.95863,0.3478,-1.3386,0.0000,0.12441,1125
5279,0,0.11425,18.94641,0.3175,-1.2920,0.0000,0.09735,1076
5289,0,0.11729,18.93071,0.3122,-1.4033,0.0000,0.11342,1081
5299,0,0.12094,18.91675,0.2611,-1.4004,0.0000,0.17277,1082
5309,0,0.12305,18.90366,0.1664,-1.3639,0.0000,0.14515,1069
5319,0,0.12532,18.89143,0.1951,-1.3073,0.0000,0.14146,1063
5329,0,0.12844,18.88010,0.2781,-1.2378,0.0000,0.14512,1071
5339,0,0.13143,18.86876,0.3010,-1.1962,0.0000,0.13077,1075
5349,0,0.13412,18.85741,0.3515,-1.1718,0.0000,0.09254,1080
5359,0,0.13757,18.84781,0.3627,-1.0870,0.0000,0.12874,1080
5369,0,0.13991,18.83995,0.2595,-0.9665,0.0000,0.12718,1091
5379,0,0.14095,18.83385,0.1504,-0.8241,0.0000,0.11779,1063
5389,0,0.14128,18.82948,0.0270,-0.6690,0.0000,0.14440,1072
5399,0,0.14097,18.82512,-0.0539,-0.5760,0.0000,0.15225,1084
5409,0,0.14003,18.81989,-0.0922,-0.5549,0.0000,0.13925,1090
5419,0,0.13960,18.81290,-0.0145,-0.6125,0.0000,0.12548,1076
5429,0,0.14032,18.80330,0.0610,-0.7514,0.0000,0.14553,1086
5439,0,0.14037,18.79544,0.0520,-0.7652,0.0000,0.11729,1067
5449,0,0.14000,18.79022,-0.0039,-0.6678,0.0000,0.12313,1071
5459,0,0.13925,18.78586,-0.0465,-0.5753,0.0000,0.12531,1071
5478,0,0.13825,18.77538,-0.1566,-0.7645,0.0000,0.16628,1127
5488,0,0.13656,18.77101,-0.1779,-0.6332,0.0000,0.14121,1068
5498,0,0.13571,18.76491,-0.0209,-0.6241,0.0000,0.10357,1076
5508,0,0.13586,18.75618,0.0908,-0.7236,0.0000,0.09795,1091
5518,0,0.13586,18.74832,0.1440,-0.7485,0.0000,0.06414,1096
5528,0,0.13603,18.73872,0.1935,-0.8330,0.0000,0.04747,1059
5538,0,0.13570,18.72826,0.1680,-0.9185,0.0000,0.03504,1075
5548,0,0.13372,18.72040,0.0647,-0.8654,0.0000,0.00272,1066
5558,0,0.13104,18.71953,-0.0428,-0.5540,0.0000,0.01845,1080
5568,0,0.12600,18.72650,-0.2476,-0.0535,0.0000,-0.00256,1079
5578,0,0.12074,18.74133,-0.3636,0.5612,0.0000,0.03978,1091
5588,0,0.11484,18.76578,-0.5366,1.3145,0.0000,0.08831,1068
5598,0,0.10639,18.79807,-0.7510,2.0802,0.0000,0.05894,1084
5608,0,0.09740,18.83472,-0.8042,2.7142,0.0000,0.05045,1063
5618,0,0.08891,18.87312,-0.7063,3.1648,0.0000,0.01728,1078
5628,0,0.08424,18.90715,-0.4977,3.2599,0.0000,0.09969,1084
5638,0,0.07990,18.93681,-0.4232,3.1425,0.0000,0.07454,1095
5648,0,0.07717,18.96213,-0.2572,2.8981,0.0000,0.06907,1071
5658,0,0.07597,18.98569,-0.2487,2.6812,0.0000,0.14066,1076
5668,0,0.07411,19.01012,-0.2737,2.5859,0.0000,0.11776,1078
5687,0,0.07226,19.05725,-0.3061,3.4369,0.0000,0.13279,1115
5697,0,0.06919,19.08255,-0.3673,3.0741,0.0000,0.09919,1083
5707,0,0.06615,19.10524,-0.3024,2.7521,0.0000,0.06534,1070
5717,0,0.06427,19.12357,-0.2402,2.3843,0.0000,0.09068,1067
5727,0,0.06352,19.13840,-0.1790,2.0238,0.0000,0.11527,1073
5737,0,0.06272,19.15149,-0.1731,1.7380,0.0000,0.10940,1078
5747,0,0.06265,19.16197,-0.0635,1.4621,0.0000,0.09069,1087
5757,0,0.06423,19.16808,0.0557,1.1214,0.0000,0.11544,1082
5767,0,0.06701,19.17070,0.1366,0.7778,0.0000,0.13767,1070
5777,0,0.07036,19.16895,0.2047,0.3965,0.0000,0.13551,1067
5787,0,0.07420,19.16458,0.2701,0.0633,0.0000,0.13151,1075
5797,0,0.07760,19.15761,0.2882,-0.2409,0.0000,0.10318,1081
5807,0,0.08100,19.14888,0.3138,-0.4937,0.0000,0.09427,1087
5817,0,0.08444,19.13928,0.2967,-0.6801,0.0000,0.10810,1080
5827,0,0.08806,19.12967,0.2499,-0.7926,0.0000,0.14414,1084
5837,0,0.09070,19.12183,0.1637,-0.7893,0.0000,0.14085,1082
5847,0,0.09172,19.11397,0.0557,-0.7879,0.0000,0.11502,1070
5857,0,0.09147,19.10699,0.0004,-0.7517,0.0000,0.07836,1074
5867,0,0.09088,19.10088,-0.0082,-0.6958,0.0000,0.06574,1078
5877,0,0.09045,19.09477,0.0019,-0.6616,0.0000,0.06802,1084
5895,0,0.08964,19.08691,-0.0151,-0.7113,0.0000,0.05681,1122
5905,0,0.08899,19.08342,0.0083,-0.5665,0.0000,0.05205,1071
5915,0,0.08911,19.07906,0.0568,-0.5145,0.0000,0.06651,1076
5925,0,0.08989,19.07645,0.0812,-0.4131,0.0000,0.08850,1078
5935,0,0.09023,19.07471,0.0163,-0.3174,0.0000,0.09895,1085
5945,0,0.09025,19.07295,-0.0172,-0.2606,0.0000,0.09974,1079
5955,0,0.08984,19.07208,-0.0582,-0.1912,0.0000,0.09883,1087
5965,0,0.08932,19.07208,-0.0710,-0.1147,0.0000,0.09882,1064
5975,0,0.08853,19.07295,-0.0821,-0.0340,0.0000,0.09015,1071
5985,0,0.08766,19.07295,-0.0880,-0.0204,0.0000,0.08810,1073
5995,0,0.08696,19.07295,-0.1055,-0.0123,0.0000,0.10475,1081
6005,0,0.08583,19.07295,-0.1204,-0.0074,0.0000,0.08946,1079
6015,0,0.08429,19.07556,-0.1417,0.1000,0.0000,0.07827,1086
6025,0,0.08332,19.07556,-0.0821,0.0600,0.0000,0.07582,1063
6035,0,0.08547,19.07732,0.1318,0.1062,0.0000,0.12711,1071
6045,0,0.08551,19.07906,-0.0401,0.1333,0.0000,0.10753,1063
6055,0,0.08503,19.07732,-0.0592,0.0104,0.0000,0.09034,1074
6065,0,0.08471,19.07556,-0.0284,-0.0640,0.0000,0.08296,1076
6075,0,0.08462,19.07208,-0.0018,-0.1775,0.0000,0.08122,1089
6085,0,0.08413,19.06859,0.0089,-0.2463,0.0000,0.05528,1096
6104,0,0.08433,19.05986,0.1153,-0.4969,0.0000,0.03631,1114
6114,0,0.08527,19.05638,0.1504,-0.4373,0.0000,0.05722,1097
6124,0,0.08658,19.05463,0.1334,-0.3326,0.0000,0.08563,1111
6134,0,0.08749,19.05289,0.0983,-0.2691,0.0000,0.08345,1069
6144,0,0.08810,19.05376,0.0599,-0.1267,0.0000,0.08896,1079
6154,0,0.08864,19.05463,0.0344,-0.0412,0.0000,0.09818,1084
6164,0,0.08917,19.05550,0.0222,0.0101,0.0000,0.10489,1095
6174,0,0.08953,19.05638,0.0004,0.0414,0.0000,0.10734,1097
6184,0,0.08919,19.05725,-0.0082,0.0597,0.0000,0.07623,1085
6194,0,0.08908,19.05638,0.0562,0.0010,0.0000,0.05519,1088
6204,0,0.08948,19.05463,0.0940,-0.0696,0.0000,0.06247,1092
6214,0,0.09053,19.05289,0.1360,-0.1113,0.0000,0.07528,1080
6224,0,0.09153,19.05202,0.1818,-0.1016,0.0000,0.05065,1089
6234,0,0.09335,19.05026,0.2217,-0.1311,0.0000,0.07325,1069
6244,0,0.09566,19.04939,0.2350,-0.1135,0.0000,0.09361,1074
6254,0,0.09778,19.04852,0.2313,-0.1029,0.0000,0.08829,1080
6264,0,0.10016,19.04765,0.2488,-0.0965,0.0000,0.09453,1093
6274,0,0.10281,19.04677,0.2669,-0.0933,0.0000,0.10211,1076
6284,0,0.10581,19.04503,0.2882,-0.1256,0.0000,0.11169,1086
6294,0,0.10870,19.04416,0.2632,-0.1101,0.0000,0.12157,1065
6313,0,0.11098,19.04153,0.2169,-0.1711,0.0000,0.11656,1126
6323,0,0.11340,19.03979,0.2127,-0.1722,0.0000,0.12807,1073
6333,0,0.11627,19.03979,0.1488,-0.1033,0.0000,0.18531,1083
6343,0,0.11747,19.03979,0.0184,-0.0620,0.0000,0.16802,1059
6353,0,0.11769,19.04066,-0.0582,-0.0024,0.0000,0.15783,1075
6363,0,0.11706,19.04240,-0.0965,0.0681,0.0000,0.13413,1064
6373,0,0.11662,19.04240,-0.0741,0.0409,0.0000,0.13162,1076
6383,0,0.11604,19.04240,-0.0635,0.0245,0.0000,0.11887,1082
6393,0,0.11564,19.04153,-0.0305,-0.0201,0.0000,0.11079,1086
6403,0,0.11557,19.04153,-0.0135,-0.0120,0.0000,0.11900,1063
6413,0,0.11567,19.03893,0.0089,-0.1116,0.0000,0.11593,1075
6423,0,0.11560,19.03717,-0.0050,-0.1371,0.0000,0.11486,1063
6433,0,0.11586,19.03456,0.0403,-0.1867,0.0000,0.10850,1076
6443,0,0.11614,19.03194,0.0610,-0.2170,0.0000,0.09975,1075
6453,0,0.11703,19.02757,0.1041,-0.3047,0.0000,0.10941,1084
6463,0,0.11849,19.02234,0.1547,-0.3922,0.0000,0.11415,1084
6473,0,0.12020,19.01711,0.1568,-0.4447,0.0000,0.12745,1083
6483,0,0.12212,19.01187,0.1568,-0.4762,0.0000,0.13934,1059
6493,0,0.12365,19.00664,0.1057,-0.4950,0.0000,0.14748,1071
6503,0,0.12474,19.00227,0.0568,-0.4716,0.0000,0.15098,1061
6521,0,0.12435,18.99702,-0.0497,-0.4929,0.0000,0.12952,1122
6531,0,0.12374,18.99529,-0.0704,-0.3653,0.0000,0.12853,1070
6541,0,0.12264,18.99355,-0.1055,-0.2888,0.0000,0.12062,1080
6551,0,0.12126,18.99355,-0.1268,-0.1733,0.0000,0.11570,1081
6561,0,0.11976,18.99355,-0.1087,-0.1040,0.0000,0.09911,1087
6571,0,0.11849,18.99355,-0.0869,-0.0624,0.0000,0.09806,1080
6581,0,0.11749,18.99355,-0.0459,-0.0374,0.0000,0.09062,1089
6591,0,0.11709,18.99266,-0.0055,-0.0579,0.0000,0.10008,1070
6601,0,0.11676,18.99266,0.0014,-0.0347,0.0000,0.09942,1080
6611,0,0.11674,18.99266,0.0200,-0.0208,0.0000,0.10551,1090
6621,0,0.11682,18.99355,0.0238,0.0229,0.0000,0.10930,1075
6631,0,0.11725,18.99355,0.0509,0.0137,0.0000,0.11302,1075
6641,0,0.11754,18.99355,0.0222,0.0082,0.0000,0.12105,1083
6651,0,0.11798,18.99442,0.0280,0.0397,0.0000,0.12605,1086
6661,0,0.11842,18.99529,0.0206,0.0586,0.0000,0.12978,1099
6671,0,0.11853,18.99529,-0.0023,0.0352,0.0000,0.12526,1105
6681,0,0.11864,18.99615,-0.0050,0.0559,0.0000,0.12668,1107
6691,0,0.11888,18.99615,0.0051,0.0335,0.0000,0.12857,1070
6701,0,0.11922,18.99615,-0.0002,0.0201,0.0000,0.13631,1076
6711,0,0.11945,18.99615,-0.0066,0.0121,0.0000,0.13386,1078
6730,0,0.11918,18.99529,-0.0257,-0.0275,0.0000,0.11890,1119
6740,0,0.11891,18.99529,-0.0284,-0.0165,0.0000,0.11931,1063
6750,0,0.11892,18.99442,0.0004,-0.0447,0.0000,0.11947,1074
6760,0,0.11877,18.99442,-0.0066,-0.0268,0.0000,0.11451,1077
6770,0,0.11867,18.99355,-0.0023,-0.0509,0.0000,0.11475,1091
6780,0,0.11862,18.99355,0.0025,-0.0305,0.0000,0.11483,1080
6790,0,0.11840,18.99355,-0.0071,-0.0183,0.0000,0.11109,1089
6800,0,0.11834,18.99355,0.0067,-0.0110,0.0000,0.11209,1067
6810,0,0.11833,18.99355,0.0078,-0.0066,0.0000,0.11386,1081
6820,0,0.11840,18.99355,0.0115,-0.0040,0.0000,0.11613,1079
6830,0,0.11840,18.99355,-0.0018,-0.0024,0.0000,0.11897,1074
6840,0,0.11853,18.99442,0.0004,0.0334,0.0000,0.12491,1075
6850,0,0.11861,18.99442,-0.0034,0.0200,0.0000,0.12454,1087
6860,0,0.11868,18.99442,0.0009,0.0120,0.0000,0.12156,1068
6870,0,0.11871,18.99442,-0.0012,0.0072,0.0000,0.12074,1078
6880,0,0.11871,18.99442,-0.0071,0.0043,0.0000,0.12238,1106
6890,0,0.11873,18.99442,-0.0007,0.0026,0.0000,0.12017,1094
6900,0,0.11874,18.99442,-0.0034,0.0016,0.0000,0.12103,1073
6910,0,0.11872,18.99442,-0.0018,0.0009,0.0000,0.11847,1082
6920,0,0.11873,18.99442,0.0014,0.0006,0.0000,0.11861,1079
6939,0,0.11871,18.99355,-0.0028,-0.0345,0.0000,0.11930,1121
6949,0,0.11864,18.99355,-0.0028,-0.0207,0.0000,0.11640,1099
6959,0,0.11862,18.99355,0.0073,-0.0124,0.0000,0.11378,1087
6969,0,0.11874,18.99355,0.0035,-0.0074,0.0000,0.12300,1071
6979,0,0.11880,18.99355,-0.0119,-0.0045,0.0000,0.12761,1080
6989,0,0.11888,18.99355,0.0014,-0.0027,0.0000,0.12233,1083
6999,0,0.11889,18.99355,-0.0066,-0.0016,0.0000,0.12297,1092
7009,0,0.11891,18.99355,-0.0076,-0.0010,0.0000,0.12367,1097
7019,0,0.11902,18.99355,-0.0055,-0.0006,0.0000,0.12706,1104
7029,0,0.11917,18.99355,-0.0279,-0.0003,0.0000,0.14073,1071
7039,0,0.11885,18.99355,-0.0741,-0.0002,0.0000,0.14008,1080
7049,0,0.11812,18.99355,-0.1199,-0.0001,0.0000,0.14147,1080
7059,0,0.11706,18.99355,-0.1433,-0.0001,0.0000,0.13545,1089
7069,0,0.11554,18.99355,-0.1556,-0.0000,0.0000,0.11738,1095
7079,0,0.11399,18.99355,-0.1226,-0.0000,0.0000,0.09774,1080
7089,0,0.11255,18.99355,-0.1119,-0.0000,0.0000,0.09686,1071
7099,0,0.11098,18.99179,-0.0529,-0.0702,0.0000,0.05871,1082
7109,0,0.11065,18.99179,0.0254,-0.0421,0.0000,0.08121,1075
7119,0,0.11100,18.99005,0.0520,-0.0949,0.0000,0.10257,1083
7129,0,0.11114,18.99005,0.0317,-0.0569,0.0000,0.10241,1083
7147,0,0.11131,18.99092,0.0238,0.0006,0.0000,0.10776,1125
7157,0,0.11119,18.99179,0.0057,0.0352,0.0000,0.10238,1080
7167,0,0.11139,18.99179,0.0195,0.0211,0.0000,0.11170,1084
7177,0,0.11173,18.99266,0.0355,0.0475,0.0000,0.11093,1080
7187,0,0.11203,18.99266,0.0142,0.0285,0.0000,0.12031,1086
7197,0,0.11281,18.99266,0.0450,0.0171,0.0000,0.12926,1089
7207,0,0.11341,18.99266,0.0344,0.0102,0.0000,0.12584,1099
7217,0,0.11373,18.99266,0.0099,0.0061,0.0000,0.12513,1092
7227,0,0.11401,18.99266,0.0067,0.0037,0.0000,0.12473,1101
7237,0,0.11423,18.99266,-0.0108,0.0022,0.0000,0.13024,1080
7247,0,0.11436,18.99266,-0.0044,0.0013,0.0000,0.12344,1084
7257,0,0.11422,18.99266,-0.0172,0.0008,0.0000,0.11559,1089
7267,0,0.11420,18.99266,-0.0060,0.0005,0.0000,0.11612,1099
7277,0,0.11413,18.99266,-0.0108,0.0003,0.0000,0.11595,1080
7287,0,0.11398,18.99179,-0.0071,-0.0346,0.0000,0.11001,1091
7297,0,0.11382,18.99179,-0.0050,-0.0208,0.0000,0.10871,1095
7307,0,0.11375,18.99179,-0.0012,-0.0125,0.0000,0.11070,1101
7317,0,0.11354,18.99179,-0.0161,-0.0075,0.0000,0.11097,1103
7327,0,0.11333,18.99179,0.0009,-0.0045,0.0000,0.10274,1084
7337,0,0.11333,18.99179,0.0168,-0.0027,0.0000,0.10458,1075
7356,0,0.11352,18.99179,0.0158,-0.0016,0.0000,0.11551,1113
7366,0,0.11371,18.99179,0.0137,-0.0010,0.0000,0.11638,1072
7376,0,0.11368,18.99266,-0.0050,0.0342,0.0000,0.11440,1069
7386,0,0.11383,18.99266,-0.0002,0.0205,0.0000,0.12166,1072
7396,0,0.11384,18.99266,-0.0039,0.0123,0.0000,0.11613,1074
7406,0,0.11404,18.99266,0.0078,0.0074,0.0000,0.11991,1078
7416,0,0.11426,18.99266,0.0062,0.0044,0.0000,0.12210,1085
7426,0,0.11421,18.99266,-0.0087,0.0027,0.0000,0.11612,1065
7436,0,0.11430,18.99266,0.0025,0.0016,0.0000,0.11785,1069
7446,0,0.11431,18.99266,0.0057,0.0010,0.0000,0.11185,1065
7456,0,0.11434,18.99179,0.0019,-0.0342,0.0000,0.11473,1069
7466,0,0.11422,18.99179,-0.0087,-0.0205,0.0000,0.11294,1080
7476,0,0.11423,18.99179,0.0041,-0.0123,0.0000,0.11235,1087
7486,0,0.11415,18.99179,-0.0060,-0.0074,0.0000,0.11318,1094
7496,0,0.11393,18.99179,-0.0124,-0.0044,0.0000,0.10937,1069
7506,0,0.11394,18.99179,-0.0018,-0.0027,0.0000,0.11520,1072
7516,0,0.11396,18.99179,0.0014,-0.0016,0.0000,0.11414,1070
7526,0,0.11408,18.99179,0.0046,-0.0010,0.0000,0.11769,1078
7536,0,0.11415,18.99266,-0.0044,0.0342,0.0000,0.12007,1085
7546,0,0.11417,18.99266,0.0014,0.0205,0.0000,0.11438,1091
7565,0,0.11430,18.99266,-0.0055,0.0123,0.0000,0.12358,1112
7575,0,0.11446,18.99266,0.0105,0.0074,0.0000,0.11705,1069
7585,0,0.11465,18.99266,0.0030,0.0044,0.0000,0.12304,1076
7595,0,0.11465,18.99266,0.0041,0.0027,0.0000,0.11228,1079
7605,0,0.11459,18.99179,0.0025,-0.0332,0.0000,0.11033,1086
7615,0,0.11461,18.99179,-0.0018,-0.0199,0.0000,0.11653,1094
7625,0,0.11469,18.99179,0.0035,-0.0119,0.0000,0.11691,1100
7635,0,0.11460,18.99179,-0.0060,-0.0072,0.0000,0.11340,1069
7645,0,0.11460,18.99179,0.0030,-0.0043,0.0000,0.11308,1075
7655,0,0.11460,18.99179,-0.0044,-0.0026,0.0000,0.11646,1074
7665,0,0.11472,18.99179,0.0137,-0.0015,0.0000,0.11408,1084
7675,0,0.11475,18.99179,0.0083,-0.0009,0.0000,0.11223,1098
7685,0,0.11486,18.99179,0.0014,-0.0006,0.0000,0.11957,1097
7695,0,0.11490,18.99179,0.0019,-0.0003,0.0000,0.11589,1069
7705,0,0.11492,18.99179,0.0030,-0.0002,0.0000,0.11459,1075
7715,0,0.11498,18.99266,-0.0076,0.0347,0.0000,0.12161,1072
7725,0,0.11497,18.99179,-0.0002,-0.0140,0.0000,0.11459,1081
7735,0,0.11496,18.99266,-0.0034,0.0264,0.0000,0.11621,1085
7745,0,0.11489,18.99266,-0.0082,0.0158,0.0000,0.11533,1096
7755,0,0.11486,18.99266,-0.0007,0.0095,0.0000,0.11370,1069
7774,0,0.11470,18.99179,-0.0028,-0.0291,0.0000,0.10818,1142
7784,0,0.11470,18.99179,0.0009,-0.0175,0.0000,0.11439,1100
7794,0,0.11463,18.99179,-0.0028,-0.0105,0.0000,0.11251,1103
7804,0,0.11463,18.99266,-0.0002,0.0285,0.0000,0.11450,1080
7814,0,0.11457,18.99179,-0.0023,-0.0177,0.0000,0.11281,1078
7824,0,0.11456,18.99179,-0.0023,-0.0106,0.0000,0.11547,1083
7834,0,0.11473,18.99179,0.0073,-0.0064,0.0000,0.11946,1088
7844,0,0.11475,18.99179,0.0009,-0.0038,0.0000,0.11531,1095
7854,0,0.11481,18.99179,0.0030,-0.0023,0.0000,0.11609,1101
7864,0,0.11488,18.99266,0.0025,0.0334,0.0000,0.11753,1085
7874,0,0.11486,18.99266,0.0009,0.0200,0.0000,0.11319,1078
7884,0,0.11471,18.99179,-0.0108,-0.0228,0.0000,0.11285,1085
7894,0,0.11479,18.99179,0.0083,-0.0137,0.0000,0.11423,1088
7904,0,0.11474,18.99266,-0.0087,0.0266,0.0000,0.11672,1094
7914,0,0.11484,18.99179,0.0025,-0.0188,0.0000,0.11879,1100
7924,0,0.11480,18.99179,-0.0055,-0.0113,0.0000,0.11532,1108
7934,0,0.11460,18.99179,-0.0098,-0.0068,0.0000,0.10975,1078
7944,0,0.11467,18.99179,-0.0012,-0.0041,0.0000,0.11871,1089
7954,0,0.11467,18.99179,-0.0018,-0.0024,0.0000,0.11538,1088
7964,0,0.11459,18.99179,0.0004,-0.0015,0.0000,0.11058,1095
7982,0,0.11454,18.99179,0.0014,-0.0009,0.0000,0.11113,1147
7992,0,0.11452,18.99179,-0.0108,-0.0005,0.0000,0.11924,1089
8002,0,0.11451,18.99179,-0.0028,-0.0003,0.0000,0.11543,1099
8012,0,0.11440,18.99179,-0.0114,-0.0002,0.0000,0.11452,1063
8022,0,0.11448,18.99266,-0.0012,0.0347,0.0000,0.11902,1073
8032,0,0.11448,18.99179,-0.0066,-0.0140,0.0000,0.11766,1067
8042,0,0.11445,18.99266,-0.0199,0.0264,0.0000,0.12285,1075
8052,0,0.11403,18.99355,-0.0465,0.0512,0.0000,0.11615,1081
8062,0,0.11320,18.99529,-0.0710,0.1003,0.0000,0.10726,1091
8072,0,0.11251,18.99791,-0.0598,0.1652,0.0000,0.10817,1064
8082,0,0.11226,18.99965,-0.0470,0.1687,0.0000,0.12311,1073
8092,0,0.11239,19.00227,-0.0885,0.2062,0.0000,0.16297,1063
8102,0,0.11053,19.00664,-0.2029,0.2983,0.0000,0.11917,1073
8112,0,0.10784,19.01100,-0.2375,0.3535,0.0000,0.09217,1077
8122,0,0.10521,19.01711,-0.2364,0.4563,0.0000,0.09193,1088
8132,0,0.10254,19.02234,-0.2348,0.4831,0.0000,0.08618,1065
8142,0,0.10082,19.02670,-0.1146,0.4644,0.0000,0.07251,1069
8152,0,0.10083,19.02670,0.0621,0.2787,0.0000,0.07020,1065
8162,0,0.10298,19.02409,0.1951,0.0628,0.0000,0.11269,1076
8172,0,0.10500,19.01973,0.2302,-0.1369,0.0000,0.09091,1078
8191,0,0.10889,19.00575,0.3606,-0.6412,0.0000,0.12330,1114
8201,0,0.11301,18.99878,0.3281,-0.6637,0.0000,0.15498,1081
8211,0,0.11628,18.99355,0.2249,-0.6075,0.0000,0.16702,1069
8221,0,0.11840,18.98918,0.0743,-0.5391,0.0000,0.18729,1065
8231,0,0.11850,18.98918,-0.0853,-0.3235,0.0000,0.16642,1082
8241,0,0.11680,18.98918,-0.1907,-0.1941,0.0000,0.12693,1087
8251,0,0.11444,18.99005,-0.2003,-0.0817,0.0000,0.09683,1079
8261,0,0.11223,18.99092,-0.1454,-0.0142,0.0000,0.07449,1090
8271,0,0.11104,18.99005,-0.0374,-0.0433,0.0000,0.07026,1074
8281,0,0.11079,18.99005,0.0121,-0.0260,0.0000,0.09190,1078
8291,0,0.11088,18.98830,0.0328,-0.0858,0.0000,0.09928,1087
8301,0,0.11080,18.98830,-0.0039,-0.0515,0.0000,0.10885,1088
8311,0,0.11079,18.98918,0.0004,0.0045,0.0000,0.11008,1079
8321,0,0.11073,18.98918,0.0073,0.0027,0.0000,0.10379,1082
8331,0,0.11093,18.99005,0.0179,0.0364,0.0000,0.11183,1090
8341,0,0.11096,18.99092,0.0025,0.0566,0.0000,0.11151,1096
8351,0,0.11137,18.99092,0.0301,0.0340,0.0000,0.11680,1105
8361,0,0.11161,18.99092,0.0099,0.0204,0.0000,0.11869,1069
8371,0,0.11233,18.99092,0.0445,0.0122,0.0000,0.12609,1074
8381,0,0.11267,18.99092,0.0067,0.0073,0.0000,0.12635,1069
8400,0,0.11300,18.99092,-0.0002,0.0044,0.0000,0.12921,1137
8410,0,0.11320,18.99179,-0.0002,0.0374,0.0000,0.12362,1085
8420,0,0.11325,18.99092,-0.0220,-0.0123,0.0000,0.12673,1090
8430,0,0.11279,18.99092,-0.0465,-0.0074,0.0000,0.11291,1064
8440,0,0.11248,18.99092,-0.0263,-0.0044,0.0000,0.10992,1070
8450,0,0.11197,18.99179,-0.0279,0.0321,0.0000,0.10070,1064
8460,0,0.11166,18.99179,-0.0002,0.0193,0.0000,0.09639,1070
8470,0,0.11139,18.99266,0.0004,0.0464,0.0000,0.09734,1079
8480,0,0.11181,18.99355,0.0504,0.0632,0.0000,0.10796,1089
8490,0,0.11273,18.99266,0.0541,0.0025,0.0000,0.13154,1079
8500,0,0.11386,18.99266,0.0530,0.0015,0.0000,0.14398,1086
8510,0,0.11483,18.99092,0.0286,-0.0687,0.0000,0.14865,1064
8520,0,0.11497,18.99092,-0.0401,-0.0412,0.0000,0.14248,1073
8530,0,0.11435,18.99179,-0.0843,0.0101,0.0000,0.12541,1074
8540,0,0.11361,18.99179,-0.0646,0.0060,0.0000,0.10894,1087
8550,0,0.11312,18.99179,-0.0252,0.0036,0.0000,0.10118,1064
8560,0,0.11290,18.99092,-0.0092,-0.0326,0.0000,0.10635,1076
8570,0,0.11297,18.99092,0.0041,-0.0196,0.0000,0.11428,1081
8580,0,0.11290,18.99005,0.0014,-0.0465,0.0000,0.10899,1087
8590,0,0.11247,18.99092,-0.0305,0.0069,0.0000,0.10599,1093
8608,0,0.11228,18.99092,-0.0050,0.0041,0.0000,0.10540,1148
8618,0,0.11248,18.99092,0.0195,0.0025,0.0000,0.11263,1089
8628,0,0.11273,18.99092,0.0142,0.0015,0.0000,0.11838,1097
8638,0,0.11303,18.99092,0.0062,0.0009,0.0000,0.12498,1068
8648,0,0.11323,18.99179,0.0062,0.0353,0.0000,0.11975,1072
8658,0,0.11343,18.99179,0.0009,0.0212,0.0000,0.12333,1068
8668,0,0.11343,18.99266,-0.0076,0.0475,0.0000,0.11705,1081
8678,0,0.11350,18.99266,0.0014,0.0285,0.0000,0.11612,1089
8688,0,0.11378,18.99179,-0.0055,-0.0177,0.0000,0.13059,1085
8698,0,0.11367,18.99266,-0.0433,0.0242,0.0000,0.12978,1082
8708,0,0.11346,18.99179,-0.0193,-0.0203,0.0000,0.11263,1072
8718,0,0.11330,18.99266,-0.0145,0.0226,0.0000,0.11267,1070
8728,0,0.11321,18.99179,-0.0215,-0.0212,0.0000,0.11966,1081
8738,0,0.11302,18.99179,-0.0273,-0.0127,0.0000,0.11717,1083
8748,0,0.11278,18.99179,-0.0140,-0.0076,0.0000,0.10752,1072
8758,0,0.11240,18.99179,-0.0209,-0.0046,0.0000,0.10377,1068
8768,0,0.11227,18.99179,0.0035,-0.0027,0.0000,0.10431,1073
8778,0,0.11229,18.99092,0.0078,-0.0364,0.0000,0.10953,1075
8788,0,0.11220,18.99092,-0.0034,-0.0219,0.0000,0.10894,1084
8798,0,0.11224,18.99092,0.0025,-0.0131,0.0000,0.11301,1089
8817,0,0.11227,18.99179,-0.0071,0.0269,0.0000,0.11732,1142
8827,0,0.11242,18.99179,0.0137,0.0162,0.0000,0.11317,1080
8837,0,0.11270,18.99179,0.0126,0.0097,0.0000,0.12063,1088
8847,0,0.11275,18.99179,-0.0018,0.0058,0.0000,0.11604,1065
8857,0,0.11284,18.99179,0.0073,0.0035,0.0000,0.11364,1073
8867,0,0.11305,18.99179,0.0014,0.0021,0.0000,0.12314,1077
8877,0,0.11329,18.99179,-0.0002,0.0013,0.0000,0.12517,1087
8887,0,0.11323,18.99266,0.0004,0.0355,0.0000,0.11013,1067
8897,0,0.11359,18.99179,-0.0002,-0.0135,0.0000,0.13135,1073
8907,0,0.11357,18.99266,-0.0805,0.0267,0.0000,0.15304,1074
8917,0,0.11283,18.99355,-0.1125,0.0514,0.0000,0.13209,1086
8927,0,0.11166,18.99442,-0.1236,0.0656,0.0000,0.11510,1086
8937,0,0.11046,18.99529,-0.0917,0.0742,0.0000,0.09619,1093
8947,0,0.10977,18.99355,-0.0513,-0.0251,0.0000,0.10073,1065
8957,0,0.11064,18.99355,-0.0401,-0.0150,0.0000,0.17434,1073
8967,0,0.10970,18.99355,-0.2354,-0.0090,0.0000,0.18063,1065
8977,0,0.10788,18.99615,-0.2891,0.0990,0.0000,0.16133,1073
8987,0,0.10551,18.99878,-0.3684,0.1644,0.0000,0.17122,1072
8997,0,0.10213,19.00139,-0.4876,0.2030,0.0000,0.17664,1081
9007,0,0.09747,19.00314,-0.5722,0.1920,0.0000,0.15079,1069
9026,0,0.09149,19.00751,-0.6451,0.2897,0.0000,0.11515,1129
9036,0,0.08523,19.00751,-0.6265,0.1738,0.0000,0.08531,1072
9046,0,0.07937,19.00664,-0.5754,0.0695,0.0000,0.07420,1080
9056,0,0.07385,19.00401,-0.5350,-0.0633,0.0000,0.06512,1085
9066,0,0.06821,19.00139,-0.5307,-0.1429,0.0000,0.05145,1097
9076,0,0.06257,18.99791,-0.4817,-0.2249,0.0000,0.02155,1067
9086,0,0.05889,18.99442,-0.4397,-0.2747,0.0000,0.09493,1074
9096,0,0.05325,18.99179,-0.5350,-0.2698,0.0000,0.03848,1067
9106,0,0.04774,18.99092,-0.5637,-0.1967,0.0000,0.05401,1072
9116,0,0.04149,18.99005,-0.6084,-0.1528,0.0000,0.03339,1074
9126,0,0.03464,18.99179,-0.6371,-0.0221,0.0000,0.01087,1090
9136,0,0.02803,18.99179,-0.6110,-0.0133,0.0000,0.00284,1082
9146,0,0.02195,18.99179,-0.5610,-0.0080,0.0000,-0.00142,1088
9156,0,0.01618,18.99266,-0.5302,0.0300,0.0000,-0.00723,1067
9166,0,0.01046,18.99179,-0.5302,-0.0168,0.0000,-0.01072,1073
9176,0,0.00537,18.99179,-0.4722,-0.0101,0.0000,-0.01268,1101
9186,0,0.00035,18.99179,-0.4658,-0.0060,0.0000,-0.01782,1108
9196,0,-0.00426,18.99179,-0.4275,-0.0036,0.0000,-0.02130,1067
9206,0,-0.00866,18.99179,-0.3987,-0.0022,0.0000,-0.02926,1073
9216,0,-0.01282,18.99092,-0.3610,-0.0361,0.0000,-0.04039,1076
9235,0,-0.01618,18.99005,-0.2907,-0.0564,0.0000,-0.03848,1116
9245,0,-0.01950,18.99005,-0.2902,-0.0339,0.0000,-0.04059,1063
9255,0,-0.02275,18.99005,-0.3216,-0.0203,0.0000,-0.02449,1073
9265,0,-0.02582,18.99005,-0.3168,-0.0122,0.0000,-0.02076,1075
9275,0,-0.02912,18.99179,-0.3450,0.0623,0.0000,-0.02176,1084
9285,0,-0.03284,18.99266,-0.3657,0.0721,0.0000,-0.03603,1089
9295,0,-0.03648,18.99266,-0.3418,0.0433,0.0000,-0.04742,1104
9305,0,-0.03946,18.99266,-0.2423,0.0260,0.0000,-0.06748,1063
9315,0,-0.04215,18.99092,-0.2396,-0.0540,0.0000,-0.05668,1071
9325,0,-0.04474,18.99005,-0.2274,-0.0672,0.0000,-0.06060,1063
9335,0,-0.04735,18.98918,-0.2157,-0.0751,0.0000,-0.07005,1071
9345,0,-0.04968,18.98830,-0.1779,-0.0805,0.0000,-0.07701,1077
9355,0,-0.05165,18.98743,-0.1391,-0.0831,0.0000,-0.08096,1086
9365,0,-0.05311,18.98656,-0.0805,-0.0846,0.0000,-0.08573,1079
9375,0,-0.05413,18.98569,-0.0358,-0.0856,0.0000,-0.08715,1085
9385,0,-0.05462,18.98482,0.0041,-0.0861,0.0000,-0.08139,1063
9395,0,-0.05484,18.98306,0.0254,-0.1219,0.0000,-0.07815,1071
9405,0,-0.05476,18.98306,0.0216,-0.0731,0.0000,-0.06177,1075
9415,0,-0.05453,18.98306,0.0168,-0.0439,0.0000,-0.05132,1082
9425,0,-0.05446,18.98393,0.0004,0.0085,0.0000,-0.05131,1067
9443,0,-0.05477,18.98569,-0.0252,0.0753,0.0000,-0.05747,1126
9453,0,-0.05469,18.98656,-0.0044,0.0800,0.0000,-0.04840,1073
9463,0,-0.05434,18.98656,0.0248,0.0480,0.0000,-0.04924,1081
9473,0,-0.05401,18.98743,0.0025,0.0636,0.0000,-0.03907,1081
9483,0,-0.05377,18.98743,-0.0060,0.0381,0.0000,-0.03866,1088
9493,0,-0.05365,18.98743,-0.0066,0.0229,0.0000,-0.04420,1093
9503,0,-0.05366,18.98743,-0.0130,0.0137,0.0000,-0.04810,1071
9513,0,-0.05360,18.98743,-0.0028,0.0082,0.0000,-0.04880,1067
9523,0,-0.05371,18.98656,0.0004,-0.0298,0.0000,-0.05941,1071
9533,0,-0.05379,18.98656,-0.0007,-0.0179,0.0000,-0.05778,1071
9543,0,-0.05388,18.98569,-0.0060,-0.0455,0.0000,-0.05505,1082
9553,0,-0.05371,18.98569,0.0115,-0.0273,0.0000,-0.05099,1082
9563,0,-0.05380,18.98569,-0.0055,-0.0164,0.0000,-0.05566,1088
9573,0,-0.05398,18.98569,-0.0087,-0.0098,0.0000,-0.05883,1067
9583,0,-0.05397,18.98569,-0.0018,-0.0059,0.0000,-0.05242,1071
9593,0,-0.05400,18.98656,-0.0039,0.0312,0.0000,-0.05332,1067
9603,0,-0.05394,18.98656,-0.0087,0.0187,0.0000,-0.04650,1079
9613,0,-0.05383,18.98656,-0.0012,0.0112,0.0000,-0.04777,1080
9623,0,-0.05363,18.98656,0.0089,0.0067,0.0000,-0.04829,1090
9633,0,-0.05340,18.98656,0.0083,0.0040,0.0000,-0.04609,1067
9652,0,-0.05334,18.98656,-0.0076,0.0024,0.0000,-0.04636,1121
9662,0,-0.05334,18.98656,0.0009,0.0015,0.0000,-0.05383,1065
9672,0,-0.05341,18.98656,-0.0103,0.0009,0.0000,-0.05194,1077
9682,0,-0.05340,18.98656,-0.0039,0.0005,0.0000,-0.05089,1080
9692,0,-0.05354,18.98656,-0.0028,0.0003,0.0000,-0.05892,1092
9702,0,-0.05354,18.98656,-0.0007,0.0002,0.0000,-0.05339,1062
9712,0,-0.05347,18.98656,0.0041,0.0001,0.0000,-0.05166,1070
9722,0,-0.05348,18.98656,-0.0023,0.0001,0.0000,-0.05309,1065
9732,0,-0.05353,18.98656,-0.0060,0.0000,0.0000,-0.05319,1081
9742,0,-0.05330,18.98656,0.0137,0.0000,0.0000,-0.04857,1085
9752,0,-0.05332,18.98656,-0.0060,0.0000,0.0000,-0.05124,1096
9762,0,-0.05321,18.98656,0.0051,0.0000,0.0000,-0.04999,1062
9772,0,-0.05327,18.98656,0.0025,0.0000,0.0000,-0.05788,1113
9782,0,-0.05282,18.98569,0.0477,-0.0348,0.0000,-0.05382,1066
9792,0,-0.05227,18.98569,0.0578,-0.0209,0.0000,-0.05404,1078
9802,0,-0.05178,18.98569,0.0738,-0.0125,0.0000,-0.06411,1085
9812,0,-0.05051,18.98393,0.1600,-0.0777,0.0000,-0.06664,1095
9822,0,-0.04845,18.98306,0.2473,-0.0814,0.0000,-0.06917,1062
9832,0,-0.04555,18.98045,0.2893,-0.1532,0.0000,-0.04530,1070
9842,0,-0.04338,18.97784,0.2377,-0.1963,0.0000,-0.05381,1069
9861,0,-0.04122,18.97260,0.1483,-0.3277,0.0000,-0.00726,1123
9871,0,-0.04027,18.97173,0.0669,-0.2314,0.0000,-0.02646,1071
9881,0,-0.04026,18.97086,0.0552,-0.1737,0.0000,-0.06718,1082
9891,0,-0.03956,18.96999,0.1015,-0.1390,0.0000,-0.05528,1084
9901,0,-0.03853,18.96999,0.1121,-0.0834,0.0000,-0.04292,1086
9911,0,-0.03742,18.96999,0.1015,-0.0500,0.0000,-0.03253,1067
9921,0,-0.03642,18.97086,0.0397,0.0048,0.0000,-0.00643,1070
9931,0,-0.03590,18.97260,-0.0380,0.0724,0.0000,0.00909,1073
9941,0,-0.03621,18.97522,-0.1194,0.1484,0.0000,0.00808,1082
9951,0,-0.03720,18.97871,-0.1375,0.2288,0.0000,-0.01809,1080
9961,0,-0.03832,18.97957,-0.0502,0.1715,0.0000,-0.06941,1070
9971,0,-0.03837,18.97784,0.1084,0.0339,0.0000,-0.09474,1067
9981,0,-0.03682,18.97522,0.2483,-0.0846,0.0000,-0.08341,1075
9991,0,-0.03385,18.96999,0.3771,-0.2601,0.0000,-0.07405,1086
10001,0,-0.02980,18.96300,0.4782,-0.4356,0.0000,-0.06635,1088
10011,0,-0.02463,18.95689,0.5633,-0.5055,0.0000,-0.04772,1076
10021,0,-0.01875,18.94991,0.5665,-0.5828,0.0000,-0.00830,1085
10031,0,-0.01363,18.94380,0.4510,-0.5938,0.0000,0.01698,1067
10041,0,-0.00903,18.93944,0.3648,-0.5309,0.0000,0.03846,1077
10051,0,-0.00586,18.93594,0.2435,-0.4583,0.0000,0.03096,1084
10069,0,-0.00455,18.93507,0.1568,-0.3098,0.0000,-0.01770,1117
10079,0,-0.00324,18.93507,0.1914,-0.1859,0.0000,-0.03311,1064
10089,0,-0.00129,18.93420,0.2515,-0.1463,0.0000,-0.02941,1072
10099,0,0.00138,18.93332,0.2914,-0.1232,0.0000,-0.01102,1074
10109,0,0.00441,18.93246,0.2850,-0.1081,0.0000,0.01314,1084
10119,0,0.00743,18.93246,0.2137,-0.0649,0.0000,0.05195,1091
10129,0,0.00929,18.93332,0.0722,-0.0047,0.0000,0.06582,1102
10139,0,0.01008,18.93594,-0.0066,0.1021,0.0000,0.05323,1065
10149,0,0.00957,18.93768,-0.0438,0.1309,0.0000,0.00583,1072
10159,0,0.00902,18.93768,0.0254,0.0785,0.0000,-0.03129,1072
10169,0,0.00970,18.93594,0.2095,-0.0225,0.0000,-0.06072,1085
10179,0,0.01230,18.93246,0.4165,-0.1526,0.0000,-0.06609,1092
10189,0,0.01680,18.92548,0.5894,-0.3711,0.0000,-0.05285,1098
10199,0,0.02301,18.91762,0.7315,-0.5370,0.0000,-0.03210,1064
10209,0,0.03057,18.90889,0.8422,-0.6713,0.0000,-0.01274,1072
10219,0,0.03946,18.89842,0.9161,-0.8215,0.0000,0.02585,1067
10229,0,0.04903,18.88707,0.9214,-0.9470,0.0000,0.06704,1077
10239,0,0.05887,18.87573,0.8368,-1.0217,0.0000,0.13226,1086
10249,0,0.06742,18.86787,0.6309,-0.9273,0.0000,0.17947,1091
10259,0,0.07366,18.86264,0.4117,-0.7658,0.0000,0.17976,1064
10278,0,0.07548,18.86177,0.0594,-0.4942,0.0000,0.13677,1114
10288,0,0.07652,18.86440,-0.0678,-0.1916,0.0000,0.16234,1075
10298,0,0.07557,18.86876,-0.2450,0.0596,0.0000,0.15057,1074
10308,0,0.07251,18.87399,-0.3381,0.2451,0.0000,0.08876,1076
10318,0,0.06836,18.87749,-0.3019,0.2868,0.0000,0.01194,1087
10328,0,0.06575,18.87836,-0.1417,0.2069,0.0000,0.00614,1074
10338,0,0.06476,18.88010,-0.0390,0.1937,0.0000,0.03461,1079
10348,0,0.06436,18.88010,-0.0044,0.1162,0.0000,0.04636,1083
10358,0,0.06450,18.88010,0.0376,0.0697,0.0000,0.05281,1090
10368,0,0.06443,18.87923,0.0578,0.0071,0.0000,0.03226,1095
10378,0,0.06461,18.87923,0.1403,0.0042,0.0000,0.00314,1083
10388,0,0.06610,18.87660,0.2856,-0.1024,0.0000,-0.00195,1070
10398,0,0.06860,18.87312,0.3723,-0.2006,0.0000,0.00758,1074
10408,0,0.07255,18.86876,0.5037,-0.2949,0.0000,0.01771,1072
10418,0,0.07803,18.86613,0.5873,-0.2819,0.0000,0.05884,1082
10428,0,0.08385,18.86440,0.5255,-0.2387,0.0000,0.11170,1086
10438,0,0.08918,18.86440,0.3819,-0.1432,0.0000,0.16512,1089
10448,0,0.09279,18.86787,0.1930,0.0532,0.0000,0.17676,1070
10458,0,0.09414,18.87224,0.0466,0.2065,0.0000,0.13830,1073
10468,0,0.09438,18.87749,0.0605,0.3339,0.0000,0.07606,1078
10487,0,0.09674,18.87923,0.3686,0.2699,0.0000,0.03048,1128
10497,0,0.10151,18.87660,0.5575,0.0570,0.0000,0.06124,1073
10507,0,0.10719,18.87137,0.5878,-0.1752,0.0000,0.09731,1083
10517,0,0.11394,18.86787,0.5846,-0.2449,0.0000,0.15889,1082
10527,0,0.12055,18.86526,0.4473,-0.2513,0.0000,0.22756,1098
10537,0,0.12534,18.86613,0.1813,-0.1160,0.0000,0.27437,1097
10547,0,0.12730,18.86963,-0.1029,0.0702,0.0000,0.27670,1075
10557,0,0.12678,18.87486,-0.2976,0.2515,0.0000,0.24942,1070
10567,0,0.12414,18.88097,-0.4892,0.3950,0.0000,0.23686,1076
10577,0,0.11972,18.88622,-0.6632,0.4470,0.0000,0.23025,1078
10587,0,0.11369,18.88969,-0.8489,0.4073,0.0000,0.23675,1089
10597,0,0.10528,18.89406,-1.0192,0.4190,0.0000,0.19432,1064
10607,0,0.09525,18.89755,-1.0596,0.3912,0.0000,0.12332,1072
10617,0,0.08663,18.89842,-0.8367,0.2695,0.0000,0.07439,1068
10627,0,0.07853,18.89667,-0.7350,0.0915,0.0000,0.04084,1077
10637,0,0.07201,18.89230,-0.5935,-0.1197,0.0000,0.04249,1085
10647,0,0.06643,18.88622,-0.5248,-0.3153,0.0000,0.05028,1090
10657,0,0.06108,18.87923,-0.4796,-0.4687,0.0000,0.03328,1068
10667,0,0.05630,18.87224,-0.4370,-0.5608,0.0000,0.03597,1076
10677,0,0.05160,18.86526,-0.4174,-0.6154,0.0000,0.02492,1074
10696,0,0.04721,18.85478,-0.4243,-0.7886,0.0000,0.04006,1113
10706,0,0.04243,18.85042,-0.4754,-0.6477,0.0000,0.04122,1073
10716,0,0.03705,18.84781,-0.5222,-0.4930,0.0000,0.02880,1078
10726,0,0.03145,18.84431,-0.5099,-0.4356,0.0000,0.00663,1073
10736,0,0.02586,18.84082,-0.5009,-0.4011,0.0000,-0.00343,1082
10746,0,0.02017,18.83821,-0.4993,-0.3450,0.0000,-0.01466,1094
10756,0,0.01481,18.83559,-0.4684,-0.3120,0.0000,-0.01883,1089
10766,0,0.00950,18.83298,-0.4418,-0.2916,0.0000,-0.03497,1073
10776,0,0.00423,18.83122,-0.3833,-0.2451,0.0000,-0.06769,1079
10786,0,0.00019,18.82861,-0.2455,-0.2514,0.0000,-0.07929,1083
10796,0,-0.00326,18.82686,-0.2210,-0.2211,0.0000,-0.06508,1089
10806,0,-0.00581,18.82512,-0.1396,-0.2022,0.0000,-0.06357,1091
10816,0,-0.00755,18.82512,-0.0752,-0.1213,0.0000,-0.05709,1088
10826,0,-0.00894,18.82512,-0.0561,-0.0728,0.0000,-0.05006,1073
10836,0,-0.00972,18.82512,0.0057,-0.0437,0.0000,-0.05172,1083
10846,0,-0.01003,18.82686,0.0520,0.0434,0.0000,-0.05129,1093
10856,0,-0.00995,18.82774,0.0860,0.0614,0.0000,-0.04906,1082
10866,0,-0.00920,18.82861,0.1371,0.0716,0.0000,-0.04059,1093
10876,0,-0.00784,18.82948,0.1972,0.0778,0.0000,-0.03819,1089
10886,0,-0.00593,18.82948,0.2206,0.0467,0.0000,-0.02099,1083
10904,0,-0.00351,18.83122,0.2217,0.0976,0.0000,0.00683,1114
10914,0,-0.00155,18.83298,0.1866,0.1287,0.0000,0.00312,1063
10924,0,0.00052,18.83385,0.2020,0.1120,0.0000,0.00325,1071
10934,0,0.00255,18.83559,0.2111,0.1368,0.0000,-0.00191,1073
10944,0,0.00469,18.83647,0.2558,0.1175,0.0000,-0.01591,1083
10954,0,0.00722,18.83647,0.3308,0.0705,0.0000,-0.03185,1074
10964,0,0.01062,18.83559,0.4016,0.0069,0.0000,-0.01994,1084
10974,0,0.01457,18.83472,0.4564,-0.0307,0.0000,-0.01604,1065
10984,0,0.01928,18.83385,0.4968,-0.0532,0.0000,0.00612,1076
10994,0,0.02394,18.83385,0.4968,-0.0319,0.0000,0.00880,1075
11004,0,0.02857,18.83472,0.4798,0.0156,0.0000,0.02010,1084
11014,0,0.03323,18.83559,0.4872,0.0442,0.0000,0.02228,1080
11024,0,0.03782,18.83733,0.4787,0.0961,0.0000,0.02830,1069
11034,0,0.04280,18.83995,0.5096,0.1626,0.0000,0.03714,1066
11044,0,0.04759,18.84169,0.4846,0.1672,0.0000,0.04453,1077
11054,0,0.05241,18.84518,0.4878,0.2401,0.0000,0.04969,1065
11064,0,0.05720,18.84868,0.4942,0.2838,0.0000,0.04974,1077
11074,0,0.06193,18.85042,0.5170,0.2399,0.0000,0.03989,1060
11084,0,0.06719,18.85391,0.5851,0.2837,0.0000,0.03749,1069
11094,0,0.07282,18.85567,0.5873,0.2404,0.0000,0.06080,1067
11113,0,0.07918,18.85828,0.5867,0.2486,0.0000,0.10386,1127
11123,0,0.08562,18.86003,0.5862,0.2194,0.0000,0.11413,1076
11133,0,0.09200,18.86177,0.5809,0.2012,0.0000,0.12054,1084
11143,0,0.09794,18.86440,0.5585,0.2257,0.0000,0.11567,1067
11153,0,0.10347,18.86700,0.5362,0.2398,0.0000,0.11229,1071
11163,0,0.10918,18.86876,0.5181,0.2141,0.0000,0.13557,1075
11173,0,0.11528,18.87050,0.5543,0.1980,0.0000,0.14292,1080
11183,0,0.12106,18.87224,0.4931,0.1884,0.0000,0.16332,1078
11193,0,0.12640,18.87312,0.4340,0.1484,0.0000,0.17673,1083
11203,0,0.13112,18.87486,0.4010,0.1586,0.0000,0.16645,1063
11213,0,0.13563,18.87486,0.3915,0.0952,0.0000,0.16561,1069
11223,0,0.14003,18.87486,0.3590,0.0571,0.0000,0.18013,1077
11233,0,0.14402,18.87312,0.3281,-0.0353,0.0000,0.17943,1083
11243,0,0.14743,18.87312,0.2813,-0.0212,0.0000,0.17774,1076
11253,0,0.15042,18.87137,0.2286,-0.0829,0.0000,0.18531,1085
11263,0,0.15241,18.87137,0.1642,-0.0497,0.0000,0.16975,1067
11273,0,0.15424,18.87224,0.1626,0.0049,0.0000,0.16476,1071
11283,0,0.15596,18.87137,0.1685,-0.0318,0.0000,0.15757,1079
11293,0,0.15796,18.87050,0.1749,-0.0539,0.0000,0.17024,1085
11303,0,0.16012,18.86963,0.1451,-0.0671,0.0000,0.19557,1081
11322,0,0.16080,18.87050,-0.0082,-0.0055,0.0000,0.19924,1117
11332,0,0.16049,18.87137,-0.0773,0.0315,0.0000,0.18375,1084
11342,0,0.15961,18.87137,-0.1157,0.0189,0.0000,0.17296,1077
11352,0,0.15867,18.87137,-0.1002,0.0113,0.0000,0.16222,1080
11362,0,0.15779,18.87050,-0.0811,-0.0280,0.0000,0.15434,1083
11372,0,0.15723,18.87050,-0.0459,-0.0168,0.0000,0.15190,1071
11382,0,0.15687,18.87050,-0.0337,-0.0101,0.0000,0.15570,1082
11392,0,0.15631,18.86963,-0.0678,-0.0408,0.0000,0.16220,1079
11402,0,0.15560,18.87137,-0.0832,0.0451,0.0000,0.16197,1087
11412,0,0.15492,18.87137,-0.0949,0.0270,0.0000,0.16825,1083
11422,0,0.15397,18.87137,-0.1135,0.0162,0.0000,0.16320,1093
11432,0,0.15289,18.87137,-0.1417,0.0097,0.0000,0.16950,1070
11442,0,0.15128,18.87137,-0.1715,0.0058,0.0000,0.15697,1080
11452,0,0.14965,18.87224,-0.1726,0.0383,0.0000,0.15409,1079
11462,0,0.14823,18.87137,-0.1561,-0.0118,0.0000,0.15544,1087
11472,0,0.14682,18.87137,-0.1577,-0.0071,0.0000,0.15534,1080
11482,0,0.14517,18.87050,-0.1742,-0.0390,0.0000,0.14947,1085
11492,0,0.14308,18.86963,-0.1907,-0.0582,0.0000,0.13387,1070
11502,0,0.14139,18.86963,-0.1646,-0.0349,0.0000,0.13929,1077
11512,0,0.13941,18.86963,-0.2013,-0.0210,0.0000,0.14111,1083
11530,0,0.13730,18.87050,-0.2407,0.0222,0.0000,0.15196,1120
11540,0,0.13508,18.87050,-0.2412,0.0133,0.0000,0.14499,1065
11550,0,0.13267,18.87137,-0.2434,0.0428,0.0000,0.13357,1069
11560,0,0.13040,18.87137,-0.2338,0.0257,0.0000,0.13375,1082
11570,0,0.12807,18.87137,-0.2428,0.0154,0.0000,0.13316,1089
11580,0,0.12578,18.87050,-0.2391,-0.0255,0.0000,0.13078,1082
11590,0,0.12326,18.87050,-0.2508,-0.0153,0.0000,0.12264,1069
11600,0,0.12073,18.87050,-0.2428,-0.0092,0.0000,0.11558,1065
11610,0,0.11818,18.87050,-0.2423,-0.0055,0.0000,0.11185,1071
11620,0,0.11591,18.86963,-0.2391,-0.0381,0.0000,0.12234,1077
11630,0,0.11386,18.86963,-0.2428,-0.0229,0.0000,0.13277,1085
11640,0,0.11155,18.86963,-0.2434,-0.0137,0.0000,0.11772,1065
11650,0,0.10926,18.86963,-0.2364,-0.0082,0.0000,0.11289,1069
11660,0,0.10692,18.87050,-0.2513,0.0299,0.0000,0.11539,1065
11670,0,0.10451,18.87050,-0.2513,0.0179,0.0000,0.10951,1070
11680,0,0.10208,18.87050,-0.2476,0.0107,0.0000,0.10446,1080
11690,0,0.09962,18.87050,-0.2386,0.0064,0.0000,0.09619,1092
11700,0,0.09684,18.87050,-0.2529,0.0039,0.0000,0.08410,1095
11710,0,0.09407,18.86876,-0.2263,-0.0673,0.0000,0.06889,1101
11720,0,0.09181,18.86787,-0.1774,-0.0758,0.0000,0.06754,1066
11739,0,0.09005,18.86526,-0.1598,-0.1498,0.0000,0.08201,1130
11749,0,0.08826,18.86440,-0.1689,-0.1247,0.0000,0.08311,1071
11759,0,0.08629,18.86440,-0.1699,-0.0748,0.0000,0.07277,1084
11769,0,0.08456,18.86440,-0.1433,-0.0449,0.0000,0.06953,1087
11779,0,0.08289,18.86440,-0.1231,-0.0269,0.0000,0.06099,1095
11789,0,0.08173,18.86440,-0.0827,-0.0162,0.0000,0.06525,1078
11799,0,0.08096,18.86440,-0.0587,-0.0097,0.0000,0.07191,1083
11809,0,0.08009,18.86440,-0.0614,-0.0058,0.0000,0.06711,1083
11819,0,0.07971,18.86440,-0.0087,-0.0035,0.0000,0.06474,1090
11829,0,0.07944,18.86440,0.0057,-0.0021,0.0000,0.06314,1085
11839,0,0.07945,18.86440,0.0147,-0.0013,0.0000,0.07280,1097
11849,0,0.07945,18.86613,0.0025,0.0688,0.0000,0.07841,1071
11859,0,0.07952,18.86613,0.0078,0.0413,0.0000,0.07905,1080
11869,0,0.07968,18.86613,0.0014,0.0248,0.0000,0.08700,1078
11879,0,0.07978,18.86700,-0.0018,0.0497,0.0000,0.08547,1081
11889,0,0.08011,18.86876,0.0275,0.1000,0.0000,0.08304,1089
11899,0,0.08010,18.86876,0.0046,0.0600,0.0000,0.07737,1099
11909,0,0.08061,18.86787,0.0339,0.0006,0.0000,0.08901,1072
11919,0,0.08089,18.86876,-0.0002,0.0358,0.0000,0.09498,1080
11929,0,0.08109,18.86876,0.0014,0.0215,0.0000,0.09055,1076
11948,0,0.08102,18.86876,-0.0028,0.0129,0.0000,0.07872,1123
11958,0,0.08114,18.86876,-0.0023,0.0077,0.0000,0.08820,1072
11968,0,0.08110,18.86876,-0.0076,0.0046,0.0000,0.08313,1082
11978,0,0.08115,18.86876,0.0094,0.0028,0.0000,0.07868,1092
11988,0,0.08116,18.86787,0.0030,-0.0337,0.0000,0.08022,1099
11998,0,0.08110,18.86787,0.0009,-0.0202,0.0000,0.07775,1094
12008,0,0.08122,18.86787,0.0046,-0.0121,0.0000,0.08513,1101
12018,0,0.08111,18.86876,-0.0082,0.0281,0.0000,0.07967,1072
12028,0,0.08112,18.86787,-0.0018,-0.0185,0.0000,0.08217,1080
12038,0,0.08108,18.86876,-0.0114,0.0243,0.0000,0.08484,1084
12048,0,0.08105,18.86787,-0.0098,-0.0208,0.0000,0.08461,1100
12058,0,0.08119,18.86876,0.0099,0.0229,0.0000,0.08327,1084
12068,0,0.08116,18.86876,-0.0092,0.0137,0.0000,0.08432,1100
12078,0,0.08119,18.86876,-0.0060,0.0082,0.0000,0.08568,1072
12088,0,0.08119,18.86787,0.0004,-0.0305,0.0000,0.08086,1082
12098,0,0.08124,18.86876,0.0041,0.0171,0.0000,0.08162,1092
12108,0,0.08125,18.86876,-0.0060,0.0103,0.0000,0.08475,1100
12118,0,0.08122,18.86876,0.0019,0.0062,0.0000,0.07901,1079
12128,0,0.08129,18.86876,-0.0071,0.0037,0.0000,0.08795,1093
12138,0,0.08138,18.86876,0.0062,0.0022,0.0000,0.08289,1092
12156,0,0.08132,18.86787,-0.0066,-0.0341,0.0000,0.08193,1114
12166,0,0.08135,18.86876,0.0014,0.0150,0.0000,0.08203,1092
12176,0,0.08145,18.86876,-0.0034,0.0090,0.0000,0.08793,1071
12186,0,0.08139,18.86876,-0.0012,0.0054,0.0000,0.07892,1063
12196,0,0.08144,18.86876,0.0019,0.0032,0.0000,0.08318,1071
12206,0,0.08153,18.86787,0.0057,-0.0335,0.0000,0.08320,1074
12216,0,0.08140,18.86876,-0.0082,0.0153,0.0000,0.07917,1086
12226,0,0.08142,18.86876,-0.0034,0.0092,0.0000,0.08411,1063
12236,0,0.08146,18.86787,0.0035,-0.0299,0.0000,0.08136,1071
12246,0,0.08149,18.86787,-0.0055,-0.0179,0.0000,0.08568,1063
12256,0,0.08157,18.86787,-0.0039,-0.0108,0.0000,0.08793,1071
12266,0,0.08147,18.86787,-0.0055,-0.0065,0.0000,0.07897,1076
12276,0,0.08142,18.86876,0.0004,0.0315,0.0000,0.07867,1084
12286,0,0.08148,18.86876,0.0019,0.0189,0.0000,0.08351,1090
12296,0,0.08169,18.86876,0.0115,0.0113,0.0000,0.08652,1071
12306,0,0.08168,18.86787,-0.0028,-0.0286,0.0000,0.08257,1063
12316,0,0.08170,18.86876,0.0035,0.0182,0.0000,0.08094,1075
12326,0,0.08162,18.86787,-0.0066,-0.0245,0.0000,0.08072,1075
12336,0,0.08157,18.86876,-0.0044,0.0207,0.0000,0.08148,1081
12346,0,0.08150,18.86787,-0.0108,-0.0230,0.0000,0.08342,1086
12365,0,0.08160,18.86876,-0.0050,0.0216,0.0000,0.08918,1145
12375,0,0.08142,18.86876,-0.0177,0.0130,0.0000,0.08137,1092
12385,0,0.08140,18.86876,-0.0002,0.0078,0.0000,0.08033,1099
12395,0,0.08145,18.86876,0.0019,0.0047,0.0000,0.08309,1067
12405,0,0.08146,18.86787,-0.0028,-0.0326,0.0000,0.08331,1072
12415,0,0.08139,18.86876,-0.0066,0.0158,0.0000,0.08095,1070
12425,0,0.08138,18.86876,-0.0066,0.0095,0.0000,0.08432,1081
12435,0,0.08142,18.86876,0.0083,0.0057,0.0000,0.07946,1091
12445,0,0.08140,18.86876,-0.0002,0.0034,0.0000,0.08056,1098
12455,0,0.08141,18.86876,-0.0044,0.0021,0.0000,0.08401,1067
12465,0,0.08148,18.86876,0.0009,0.0012,0.0000,0.08429,1072
12475,0,0.08150,18.86787,-0.0060,-0.0347,0.0000,0.08574,1069
12485,0,0.08151,18.86787,0.0030,-0.0208,0.0000,0.08039,1079
12495,0,0.08151,18.86787,-0.0071,-0.0125,0.0000,0.08495,1084
12505,0,0.08151,18.86876,-0.0103,0.0279,0.0000,0.08653,1096
12515,0,0.08143,18.86876,0.0030,0.0167,0.0000,0.07609,1100
12525,0,0.08149,18.86876,0.0030,0.0100,0.0000,0.08315,1072
12535,0,0.08135,18.86876,-0.0119,0.0060,0.0000,0.08038,1067
12545,0,0.08142,18.86876,-0.0034,0.0036,0.0000,0.08656,1076
12555,0,0.08146,18.86876,-0.0002,0.0022,0.0000,0.08358,1083
12573,0,0.08150,18.86876,0.0014,0.0013,0.0000,0.08240,1128
12583,0,0.08149,18.86876,-0.0060,0.0008,0.0000,0.08442,1076
12593,0,0.08152,18.86876,-0.0028,0.0005,0.0000,0.08439,1077
12603,0,0.08152,18.86876,0.0019,0.0003,0.0000,0.08056,1086
12613,0,0.08145,18.86787,-0.0039,-0.0352,0.0000,0.07953,1091
12623,0,0.08155,18.86876,0.0014,0.0143,0.0000,0.08586,1098
12633,0,0.08162,18.86787,0.0025,-0.0268,0.0000,0.08395,1069
12643,0,0.08176,18.86876,0.0030,0.0193,0.0000,0.08739,1076
12653,0,0.08181,18.86876,-0.0007,0.0116,0.0000,0.08455,1073
12663,0,0.08174,18.86876,0.0014,0.0069,0.0000,0.07758,1082
12673,0,0.08175,18.86876,-0.0028,0.0042,0.0000,0.08373,1091
12683,0,0.08188,18.86876,0.0051,0.0025,0.0000,0.08603,1095
12693,0,0.08186,18.86787,-0.0055,-0.0339,0.0000,0.08337,1083
12703,0,0.08181,18.86787,-0.0007,-0.0203,0.0000,0.07967,1111
12713,0,0.08172,18.86787,-0.0114,-0.0122,0.0000,0.08291,1072
12723,0,0.08171,18.86787,-0.0055,-0.0073,0.0000,0.08415,1082
12733,0,0.08160,18.86787,0.0025,-0.0044,0.0000,0.07461,1089
12743,0,0.08169,18.86876,0.0004,0.0328,0.0000,0.08620,1092
12753,0,0.08173,18.86787,-0.0055,-0.0157,0.0000,0.08620,1080
12763,0,0.08181,18.86876,-0.0023,0.0260,0.0000,0.08726,1090
12782,0,0.08172,18.86876,-0.0066,0.0156,0.0000,0.08043,1135
12792,0,0.08179,18.86787,0.0004,-0.0261,0.0000,0.08500,1081
12802,0,0.08182,18.86876,0.0035,0.0198,0.0000,0.08138,1089
12812,0,0.08177,18.86876,-0.0023,0.0119,0.0000,0.08081,1094
12822,0,0.08173,18.86787,-0.0034,-0.0283,0.0000,0.08116,1077
12832,0,0.08169,18.86876,-0.0050,0.0184,0.0000,0.08204,1099
12842,0,0.08173,18.86876,0.0041,0.0111,0.0000,0.08217,1112
12852,0,0.08180,18.86787,0.0046,-0.0288,0.0000,0.08251,1081
12862,0,0.08175,18.86876,-0.0039,0.0181,0.0000,0.08163,1080
12872,0,0.08173,18.86876,-0.0028,0.0109,0.0000,0.08220,1078
12882,0,0.08174,18.86876,0.0030,0.0065,0.0000,0.08058,1080
12892,0,0.08177,18.86876,-0.0098,0.0039,0.0000,0.08786,1084
12902,0,0.08187,18.86876,0.0078,0.0024,0.0000,0.08340,1096
12912,0,0.08189,18.86876,-0.0060,0.0014,0.0000,0.08580,1095
12922,0,0.08197,18.86876,-0.0007,0.0008,0.0000,0.08603,1101
12932,0,0.08201,18.86787,0.0025,-0.0349,0.0000,0.08285,1077
12942,0,0.08197,18.86876,-0.0082,0.0145,0.0000,0.08396,1080
12952,0,0.08205,18.86876,0.0041,0.0087,0.0000,0.08434,1077
12962,0,0.08214,18.86787,0.0030,-0.0302,0.0000,0.08502,1080
12972,0,0.08209,18.86876,-0.0066,0.0173,0.0000,0.08289,1077
12991,0,0.08208,18.86876,0.0046,0.0104,0.0000,0.07917,1128
13001,0,0.08198,18.86787,-0.0087,-0.0292,0.0000,0.08161,1075
13011,0,0.08200,18.86787,-0.0018,-0.0175,0.0000,0.08380,1084
13021,0,0.08208,18.86876,0.0004,0.0249,0.0000,0.08571,1087
13031,0,0.08207,18.86787,0.0004,-0.0205,0.0000,0.08149,1096
13041,0,0.08212,18.86787,0.0067,-0.0123,0.0000,0.08102,1064
13051,0,0.08205,18.86787,-0.0044,-0.0074,0.0000,0.08120,1072
13061,0,0.08211,18.86876,0.0019,0.0310,0.0000,0.08402,1070
13071,0,0.08219,18.86876,0.0057,0.0186,0.0000,0.08316,1087
13081,0,0.08217,18.86876,-0.0007,0.0112,0.0000,0.08159,1087
13091,0,0.08213,18.86876,-0.0023,0.0067,0.0000,0.08141,1094
13101,0,0.08205,18.86876,-0.0071,0.0040,0.0000,0.08140,1077
13111,0,0.08207,18.86787,0.0046,-0.0330,0.0000,0.08087,1087
13121,0,0.08220,18.86787,0.0046,-0.0198,0.0000,0.08666,1069
13131,0,0.08218,18.86787,-0.0050,-0.0119,0.0000,0.08365,1079
13141,0,0.08219,18.86876,-0.0012,0.0283,0.0000,0.08306,1083
13151,0,0.08225,18.86876,-0.0018,0.0170,0.0000,0.08597,1092
13161,0,0.08222,18.86787,-0.0066,-0.0252,0.0000,0.08397,1064
13171,0,0.08231,18.86876,0.0009,0.0203,0.0000,0.08677,1072
13181,0,0.08240,18.86876,0.0014,0.0122,0.0000,0.08603,1070
13199,0,0.08244,18.86876,-0.0012,0.0073,0.0000,0.08492,1125
13209,0,0.08247,18.86876,-0.0012,0.0044,0.0000,0.08480,1070
13219,0,0.08247,18.86787,-0.0007,-0.0328,0.0000,0.08291,1080
13229,0,0.08238,18.86787,0.0014,-0.0197,0.0000,0.07706,1089
13239,0,0.08225,18.86787,-0.0055,-0.0118,0.0000,0.07842,1075
13249,0,0.08217,18.86876,-0.0055,0.0283,0.0000,0.08109,1080
13259,0,0.08219,18.86876,-0.0012,0.0170,0.0000,0.08357,1083
13269,0,0.08197,18.86876,-0.0156,0.0102,0.0000,0.07867,1074
13279,0,0.08197,18.86876,0.0009,0.0061,0.0000,0.08167,1082
13289,0,0.08206,18.86876,0.0046,0.0037,0.0000,0.08435,1088
13299,0,0.08215,18.86787,0.0030,-0.0332,0.0000,0.08531,1075
13309,0,0.08217,18.86876,-0.0002,0.0155,0.0000,0.08334,1076
13319,0,0.08201,18.86876,-0.0130,0.0093,0.0000,0.08045,1082
13329,0,0.08204,18.86700,0.0067,-0.0646,0.0000,0.08006,1079
13339,0,0.08200,18.86700,0.0004,-0.0388,0.0000,0.07985,1084
13349,0,0.08203,18.86787,-0.0034,0.0115,0.0000,0.08522,1083
13359,0,0.08205,18.86787,-0.0050,0.0069,0.0000,0.08530,1090
13369,0,0.08207,18.86787,-0.0055,0.0042,0.0000,0.08594,1069
13379,0,0.08209,18.86787,-0.0092,0.0025,0.0000,0.08762,1076
13389,0,0.08203,18.86787,-0.0012,0.0015,0.0000,0.07971,1076
13408,0,0.08213,18.86787,0.0025,0.0009,0.0000,0.08576,1131
13418,0,0.08223,18.86876,0.0073,0.0359,0.0000,0.08388,1066
13428,0,0.08223,18.86787,-0.0055,-0.0138,0.0000,0.08497,1076
13438,0,0.08223,18.86876,0.0014,0.0271,0.0000,0.08157,1083
13448,0,0.08221,18.86876,-0.0028,0.0163,0.0000,0.08225,1089
13458,0,0.08215,18.86876,-0.0098,0.0098,0.0000,0.08404,1064
13468,0,0.08201,18.86787,-0.0119,-0.0295,0.0000,0.08109,1070
13478,0,0.08209,18.86787,-0.0012,-0.0177,0.0000,0.08673,1064
13488,0,0.08218,18.86876,0.0035,0.0248,0.0000,0.08511,1071
13498,0,0.08226,18.86787,0.0019,-0.0205,0.0000,0.08502,1077
13508,0,0.08224,18.86787,0.0025,-0.0123,0.0000,0.08008,1088
13518,0,0.08223,18.86876,0.0019,0.0280,0.0000,0.08092,1091
13528,0,0.08231,18.86787,0.0067,-0.0186,0.0000,0.08295,1102
13538,0,0.08241,18.86876,-0.0082,0.0242,0.0000,0.09133,1064
13548,0,0.08241,18.86876,-0.0050,0.0145,0.0000,0.08512,1074
13558,0,0.08241,18.86787,-0.0018,-0.0267,0.0000,0.08318,1079
13568,0,0.08224,18.86787,-0.0098,-0.0160,0.0000,0.07881,1086
13578,0,0.08237,18.86787,0.0057,-0.0096,0.0000,0.08565,1068
13588,0,0.08227,18.86876,-0.0018,0.0296,0.0000,0.07818,1076
13598,0,0.08211,18.86876,-0.0161,0.0178,0.0000,0.08226,1084
13616,0,0.08210,18.86876,-0.0060,0.0107,0.0000,0.08464,1131
13626,0,0.08206,18.86787,0.0014,-0.0290,0.0000,0.07926,1082
13636,0,0.08193,18.86787,-0.0039,-0.0174,0.0000,0.07753,1087
13646,0,0.08190,18.86876,-0.0076,0.0250,0.0000,0.08406,1067
13656,0,0.08196,18.86700,0.0025,-0.0552,0.0000,0.08400,1074
13666,0,0.08197,18.86876,-0.0012,0.0371,0.0000,0.08279,1067
13676,0,0.08187,18.86876,-0.0034,0.0222,0.0000,0.07886,1077
13686,0,0.08181,18.86787,-0.0012,-0.0221,0.0000,0.07949,1086
13696,0,0.08177,18.86876,-0.0071,0.0222,0.0000,0.08321,1097
13706,0,0.08177,18.86787,-0.0082,-0.0221,0.0000,0.08598,1098
13716,0,0.08182,18.86787,0.0057,-0.0133,0.0000,0.08114,1071
13726,0,0.08185,18.86787,0.0030,-0.0080,0.0000,0.08192,1068
13736,0,0.08178,18.86787,-0.0087,-0.0048,0.0000,0.08273,1076
13746,0,0.08182,18.86876,-0.0012,0.0325,0.0000,0.08416,1082
13756,0,0.08189,18.86787,-0.0034,-0.0159,0.0000,0.08739,1071
13766,0,0.08202,18.86876,0.0131,0.0259,0.0000,0.08188,1077
13776,0,0.08192,18.86876,-0.0076,0.0155,0.0000,0.08068,1085
13786,0,0.08194,18.86876,-0.0034,0.0093,0.0000,0.08485,1074
13796,0,0.08197,18.86876,-0.0002,0.0056,0.0000,0.08321,1081
13806,0,0.08181,18.86787,-0.0092,-0.0320,0.0000,0.07860,1083
13825,0,0.08183,18.86876,-0.0066,0.0162,0.0000,0.08591,1118
13835,0,0.08182,18.86787,-0.0066,-0.0257,0.0000,0.08494,1060
13845,0,0.08187,18.86787,0.0035,-0.0154,0.0000,0.08236,1071
13855,0,0.08189,18.86787,-0.0028,-0.0093,0.0000,0.08455,1078
13865,0,0.08174,18.86876,-0.0082,0.0298,0.0000,0.07836,1087
13875,0,0.08179,18.86876,0.0105,0.0179,0.0000,0.07871,1078
13885,0,0.08169,18.86787,-0.0060,-0.0247,0.0000,0.07988,1087
13895,0,0.08158,18.86876,-0.0108,0.0206,0.0000,0.08170,1065
13905,0,0.08165,18.86876,0.0014,0.0124,0.0000,0.08423,1082
13915,0,0.08165,18.86876,0.0004,0.0074,0.0000,0.08173,1083
13925,0,0.08160,18.86787,-0.0044,-0.0309,0.0000,0.08090,1087
13935,0,0.08163,18.86787,0.0014,-0.0186,0.0000,0.08251,1079
13945,0,0.08159,18.86876,-0.0018,0.0243,0.0000,0.08075,1086
13955,0,0.08156,18.86876,0.0009,0.0146,0.0000,0.07929,1063
13965,0,0.08150,18.86787,-0.0050,-0.0267,0.0000,0.08124,1077
13975,0,0.08151,18.86787,0.0057,-0.0160,0.0000,0.07911,1082
13985,0,0.08154,18.86787,-0.0023,-0.0096,0.0000,0.08432,1086
13995,0,0.08147,18.86876,-0.0007,0.0296,0.0000,0.07800,1083
14005,0,0.08138,18.86876,-0.0071,0.0178,0.0000,0.08069,1087
14015,0,0.08153,18.86787,0.0067,-0.0247,0.0000,0.08574,1060
14033,0,0.08173,18.86700,0.0121,-0.0496,0.0000,0.08544,1115
14043,0,0.08174,18.86876,0.0004,0.0404,0.0000,0.08218,1066
14053,0,0.08167,18.86787,-0.0055,-0.0112,0.0000,0.08082,1075
14063,0,0.08162,18.86787,0.0004,-0.0067,0.0000,0.07906,1075
14073,0,0.08165,18.86787,-0.0023,-0.0040,0.0000,0.08405,1086
14083,0,0.08153,18.86876,-0.0108,0.0330,0.0000,0.08094,1081
14093,0,0.08160,18.86787,0.0009,-0.0156,0.0000,0.08480,1091
14103,0,0.08161,18.86876,-0.0018,0.0260,0.0000,0.08301,1066
14113,0,0.08155,18.86876,0.0025,0.0156,0.0000,0.07753,1075
14123,0,0.08156,18.86876,-0.0023,0.0094,0.0000,0.08311,1072
14133,0,0.08157,18.86876,-0.0028,0.0056,0.0000,0.08362,1083
14143,0,0.08177,18.86876,0.0094,0.0034,0.0000,0.08665,1086
14153,0,0.08183,18.86876,0.0051,0.0020,0.0000,0.08269,1096
14163,0,0.08173,18.86787,-0.0066,-0.0342,0.0000,0.08000,1066
14173,0,0.08185,18.86876,0.0110,0.0149,0.0000,0.08207,1075
14183,0,0.08183,18.86876,-0.0023,0.0089,0.0000,0.08203,1066
14193,0,0.08198,18.86876,0.0078,0.0054,0.0000,0.08551,1075
14203,0,0.08188,18.86876,-0.0087,0.0032,0.0000,0.08132,1081
14213,0,0.08177,18.86876,-0.0007,0.0019,0.0000,0.07686,1093
14223,0,0.08183,18.86876,0.0083,0.0012,0.0000,0.08058,1066
14242,0,0.08178,18.86787,-0.0114,-0.0347,0.0000,0.08491,1124
14252,0,0.08186,18.86787,0.0067,-0.0208,0.0000,0.08261,1072
14262,0,0.08203,18.86787,0.0083,-0.0125,0.0000,0.08598,1079
14272,0,0.08198,18.86787,-0.0044,-0.0075,0.0000,0.08197,1082
14282,0,0.08203,18.86787,0.0009,-0.0045,0.0000,0.08382,1093
14292,0,0.08207,18.86876,-0.0007,0.0327,0.0000,0.08476,1101
14302,0,0.08199,18.86787,-0.0076,-0.0158,0.0000,0.08159,1113
14312,0,0.08201,18.86876,0.0035,0.0259,0.0000,0.08156,1072
14322,0,0.08200,18.86787,-0.0007,-0.0198,0.0000,0.08160,1079
14332,0,0.08194,18.86876,-0.0114,0.0235,0.0000,0.08458,1083
14342,0,0.08187,18.86876,-0.0050,0.0141,0.0000,0.08097,1090
14352,0,0.08193,18.86787,0.0014,-0.0269,0.0000,0.08439,1072
14362,0,0.08211,18.86876,0.0099,0.0192,0.0000,0.08577,1079
14372,0,0.08225,18.86876,0.0089,0.0115,0.0000,0.08514,1088
14382,0,0.08242,18.86876,0.0115,0.0069,0.0000,0.08485,1094
14392,0,0.08238,18.86876,-0.0034,0.0042,0.0000,0.08229,1088
14402,0,0.08240,18.86876,-0.0023,0.0025,0.0000,0.08467,1095
14412,0,0.08236,18.86876,-0.0012,0.0015,0.0000,0.08063,1088
14422,0,0.08228,18.86876,-0.0002,0.0009,0.0000,0.07850,1095
14432,0,0.08213,18.86876,-0.0044,0.0005,0.0000,0.07695,1072
14451,0,0.08221,18.86876,-0.0007,0.0003,0.0000,0.08635,1131
14461,0,0.08232,18.86876,0.0004,0.0002,0.0000,0.08793,1084
14471,0,0.08254,18.86963,0.0184,0.0349,0.0000,0.08432,1086
14481,0,0.08236,18.86963,-0.0082,0.0209,0.0000,0.07753,1068
14491,0,0.08231,18.86963,0.0019,0.0126,0.0000,0.07871,1072
14501,0,0.08222,18.87050,0.0041,0.0423,0.0000,0.07572,1068
14511,0,0.08221,18.87050,-0.0028,0.0254,0.0000,0.08308,1081
14521,0,0.08234,18.87137,0.0168,0.0500,0.0000,0.08031,1080
14531,0,0.08230,18.87224,-0.0076,0.0648,0.0000,0.08402,1085
14541,0,0.08224,18.87224,-0.0012,0.0389,0.0000,0.08016,1083
14551,0,0.08221,18.87399,-0.0050,0.0935,0.0000,0.08290,1072
14561,0,0.08200,18.87660,-0.0167,0.1605,0.0000,0.07994,1068
14571,0,0.08207,18.87749,0.0004,0.1317,0.0000,0.08539,1072
14581,0,0.08284,18.87660,0.0552,0.0436,0.0000,0.09362,1075
14591,0,0.08390,18.87660,0.0466,0.0262,0.0000,0.11353,1082
14601,0,0.08486,18.87486,0.0254,-0.0539,0.0000,0.12044,1083
14611,0,0.08514,18.87312,-0.0316,-0.1019,0.0000,0.11469,1086
14621,0,0.08469,18.87224,-0.0608,-0.0965,0.0000,0.09264,1070
14631,0,0.08379,18.87137,-0.0651,-0.0927,0.0000,0.07171,1072
14641,0,0.08297,18.87050,-0.0428,-0.0904,0.0000,0.06327,1070
14659,0,0.08251,18.86876,0.0025,-0.1238,0.0000,0.05794,1115
14669,0,0.08230,18.86876,-0.0012,-0.0743,0.0000,0.07285,1083
14679,0,0.08213,18.86787,-0.0028,-0.0800,0.0000,0.07466,1089
14689,0,0.08218,18.86787,0.0014,-0.0480,0.0000,0.08417,1063
14699,0,0.08203,18.86787,-0.0044,-0.0288,0.0000,0.07669,1073
14709,0,0.08196,18.86876,0.0041,0.0181,0.0000,0.07663,1076
14719,0,0.08201,18.86876,0.0046,0.0109,0.0000,0.08183,1084
14729,0,0.08219,18.86876,0.0062,0.0065,0.0000,0.08815,1079
14739,0,0.08269,18.86963,0.0275,0.0387,0.0000,0.09405,1087
14749,0,0.08283,18.87050,-0.0044,0.0580,0.0000,0.09188,1063
14759,0,0.08309,18.87050,0.0073,0.0348,0.0000,0.09256,1073
14769,0,0.08312,18.87050,-0.0055,0.0209,0.0000,0.08728,1070
14779,0,0.08294,18.86963,-0.0183,-0.0223,0.0000,0.08332,1084
14789,0,0.08293,18.86963,-0.0002,-0.0134,0.0000,0.08231,1078
14799,0,0.08284,18.86963,-0.0034,-0.0080,0.0000,0.08016,1088
14809,0,0.08277,18.86876,-0.0007,-0.0396,0.0000,0.07957,1063
14819,0,0.08257,18.86963,0.0009,0.0110,0.0000,0.07241,1073
14829,0,0.08254,18.86876,0.0025,-0.0282,0.0000,0.07951,1064
14839,0,0.08247,18.86876,0.0014,-0.0169,0.0000,0.07816,1077
14849,0,0.08254,18.86876,0.0094,-0.0101,0.0000,0.08155,1083
14868,0,0.08250,18.86876,-0.0023,-0.0061,0.0000,0.08178,1133
14878,0,0.08250,18.86963,-0.0050,0.0311,0.0000,0.08489,1082
14888,0,0.08262,18.86963,-0.0007,0.0187,0.0000,0.08906,1096
14898,0,0.08278,18.86963,0.0158,0.0112,0.0000,0.08249,1069
14908,0,0.08294,18.86963,0.0014,0.0067,0.0000,0.09025,1072
14918,0,0.08290,18.86963,-0.0028,0.0040,0.0000,0.08246,1069
14928,0,0.08284,18.86963,-0.0071,0.0024,0.0000,0.08340,1072
14938,0,0.08270,18.86963,-0.0028,0.0015,0.0000,0.07735,1077
14948,0,0.08258,18.86963,-0.0055,0.0009,0.0000,0.07930,1093
14958,0,0.08258,18.86963,0.0041,0.0005,0.0000,0.08025,1081
14968,0,0.08259,18.86963,0.0025,0.0003,0.0000,0.08182,1092
14978,0,0.08263,18.86963,0.0062,0.0002,0.0000,0.08161,1093
14988,0,0.08261,18.86963,-0.0002,0.0001,0.0000,0.08188,1080
14998,0,0.08267,18.86963,0.0004,0.0001,0.0000,0.08537,1083
15008,0,0.08258,18.86963,-0.0167,0.0000,0.0000,0.08638,1072
15018,0,0.08249,18.86963,-0.0092,0.0000,0.0000,0.08287,1080
15028,0,0.08247,18.86963,-0.0044,0.0000,0.0000,0.08350,1095
15038,0,0.08246,18.86963,-0.0050,0.0000,0.0000,0.08450,1070
15048,0,0.08251,18.86963,0.0004,0.0000,0.0000,0.08489,1079
15058,0,0.08247,18.86876,-0.0002,-0.0348,0.0000,0.08048,1082
15076,0,0.08259,18.86963,0.0025,0.0139,0.0000,0.08742,1130
15086,0,0.08268,18.86963,0.0004,0.0084,0.0000,0.08705,1097
15096,0,0.08263,18.86963,-0.0012,0.0050,0.0000,0.08057,1088
15106,0,0.08267,18.86963,-0.0002,0.0030,0.0000,0.08466,1090
15116,0,0.08266,18.86963,0.0051,0.0018,0.0000,0.07997,1078
15126,0,0.08259,18.86963,-0.0039,0.0011,0.0000,0.08073,1080
15136,0,0.08265,18.86963,0.0030,0.0006,0.0000,0.08444,1084
15146,0,0.08266,18.86963,-0.0039,0.0004,0.0000,0.08491,1091
15156,0,0.08271,18.86963,0.0019,0.0002,0.0000,0.08437,1069
15166,0,0.08262,18.86963,-0.0076,0.0001,0.0000,0.08163,1076
15176,0,0.08270,18.86963,0.0083,0.0001,0.0000,0.08289,1079
15186,0,0.08269,18.86963,-0.0023,0.0001,0.0000,0.08342,1080
15196,0,0.08271,18.86963,-0.0050,0.0000,0.0000,0.08594,1084
15206,0,0.08269,18.86963,-0.0034,0.0000,0.0000,0.08323,1090
15216,0,0.08266,18.86963,0.0004,0.0000,0.0000,0.08132,1069
15226,0,0.08257,18.86963,-0.0071,0.0000,0.0000,0.08142,1076
15236,0,0.08261,18.86963,0.0014,0.0000,0.0000,0.08413,1076
15246,0,0.08266,18.86963,0.0035,0.0000,0.0000,0.08339,1083
15256,0,0.08269,18.86963,-0.0076,0.0000,0.0000,0.08805,1083
15266,0,0.08275,18.86963,0.0041,0.0000,0.0000,0.08357,1085
15285,0,0.08317,18.86963,-0.0161,0.0000,0.0000,0.11210,1116
15295,0,0.08270,18.87050,-0.1061,0.0348,0.0000,0.11238,1083
15305,0,0.08175,18.87050,-0.1375,0.0209,0.0000,0.10278,1089
15315,0,0.08052,18.87137,-0.1210,0.0473,0.0000,0.07982,1069
15325,0,0.08012,18.87137,-0.1055,0.0284,0.0000,0.11261,1074
15335,0,0.07880,18.87137,-0.1891,0.0170,0.0000,0.10730,1084
15345,0,0.07699,18.87137,-0.1737,0.0102,0.0000,0.07327,1092
15355,0,0.07530,18.87137,-0.1529,0.0061,0.0000,0.06767,1080
15365,0,0.07360,18.87050,-0.1146,-0.0311,0.0000,0.04587,1088
15375,0,0.07214,18.86963,-0.0768,-0.0535,0.0000,0.03724,1085
15385,0,0.07109,18.86787,-0.0433,-0.1023,0.0000,0.04035,1098
15395,0,0.07019,18.86700,-0.0098,-0.0961,0.0000,0.03024,1104
15405,0,0.06996,18.86526,0.0482,-0.1273,0.0000,0.03391,1074
15415,0,0.06996,18.86700,0.0493,-0.0068,0.0000,0.04564,1069
15425,0,0.07008,18.86700,0.0520,-0.0041,0.0000,0.05001,1082
15435,0,0.07036,18.86876,0.0557,0.0677,0.0000,0.05629,1083
15445,0,0.07102,18.87050,0.0509,0.1102,0.0000,0.07859,1093
15455,0,0.07149,18.87312,0.0270,0.1711,0.0000,0.08169,1099
15465,0,0.07218,18.87486,0.0552,0.1723,0.0000,0.07900,1074
15475,0,0.07303,18.87573,0.0599,0.1381,0.0000,0.08585,1069
15494,0,0.07403,18.87573,0.0759,0.0829,0.0000,0.08584,1144
15504,0,0.07499,18.87573,0.0568,0.0497,0.0000,0.09473,1081
15514,0,0.07594,18.87573,0.0387,0.0298,0.0000,0.10390,1087
15524,0,0.07633,18.87573,0.0041,0.0179,0.0000,0.09370,1064
15534,0,0.07649,18.87573,-0.0023,0.0107,0.0000,0.08562,1073
15544,0,0.07644,18.87486,-0.0012,-0.0283,0.0000,0.07457,1076
15554,0,0.07663,18.87399,0.0073,-0.0518,0.0000,0.08259,1091
15564,0,0.07683,18.87399,0.0333,-0.0311,0.0000,0.07042,1078
15574,0,0.07676,18.87224,0.0264,-0.0888,0.0000,0.06005,1089
15584,0,0.07696,18.87224,0.0573,-0.0533,0.0000,0.05814,1064
15594,0,0.07734,18.87224,0.0520,-0.0320,0.0000,0.07054,1072
15604,0,0.07772,18.87224,0.0509,-0.0192,0.0000,0.07108,1072
15614,0,0.07789,18.87224,0.0605,-0.0115,0.0000,0.05602,1082
15624,0,0.07885,18.87224,0.1009,-0.0069,0.0000,0.07668,1079
15634,0,0.07982,18.87224,0.1057,-0.0041,0.0000,0.07512,1089
15644,0,0.08090,18.87224,0.1020,-0.0025,0.0000,0.08396,1064
15654,0,0.08205,18.87224,0.1105,-0.0015,0.0000,0.08429,1073
15664,0,0.08362,18.87137,0.1589,-0.0357,0.0000,0.08259,1073
15674,0,0.08520,18.87137,0.1738,-0.0214,0.0000,0.07747,1085
15684,0,0.08684,18.87137,0.1823,-0.0128,0.0000,0.07760,1069
15702,0,0.08891,18.86963,0.1802,-0.0773,0.0000,0.10225,1131
15712,0,0.09075,18.86963,0.1350,-0.0464,0.0000,0.11535,1098
15722,0,0.09181,18.87137,0.0722,0.0418,0.0000,0.10890,1103
15732,0,0.09251,18.87137,0.0599,0.0251,0.0000,0.09731,1067
15742,0,0.09322,18.87137,0.0972,0.0150,0.0000,0.08017,1071
15752,0,0.09408,18.87050,0.1589,-0.0258,0.0000,0.05785,1071
15762,0,0.09570,18.86963,0.2441,-0.0503,0.0000,0.05475,1081
15772,0,0.09819,18.86787,0.3132,-0.1003,0.0000,0.06563,1084
15782,0,0.10099,18.86700,0.3143,-0.0950,0.0000,0.08415,1093
15792,0,0.10457,18.86613,0.3425,-0.0918,0.0000,0.11237,1098
15802,0,0.10820,18.86526,0.3116,-0.0899,0.0000,0.13389,1071
15812,0,0.11133,18.86613,0.2574,-0.0191,0.0000,0.13905,1067
15822,0,0.11399,18.86700,0.2254,0.0233,0.0000,0.13420,1075
15832,0,0.11652,18.86787,0.2079,0.0488,0.0000,0.13892,1079
15842,0,0.11864,18.86876,0.1839,0.0647,0.0000,0.13308,1091
15852,0,0.12083,18.86876,0.2153,0.0388,0.0000,0.12248,1096
15862,0,0.12314,18.86787,0.2286,-0.0121,0.0000,0.12416,1105
15872,0,0.12568,18.86700,0.2414,-0.0421,0.0000,0.13235,1067
15882,0,0.12847,18.86700,0.2393,-0.0252,0.0000,0.14824,1071
15892,0,0.13075,18.86700,0.1712,-0.0151,0.0000,0.15896,1075
15911,0,0.13208,18.86787,0.1121,0.0257,0.0000,0.14275,1128
15921,0,0.13337,18.86700,0.1201,-0.0194,0.0000,0.13766,1072
15931,0,0.13468,18.86700,0.1243,-0.0116,0.0000,0.13810,1081
15941,0,0.13589,18.86700,0.1116,-0.0070,0.0000,0.14060,1083
15951,0,0.13705,18.86613,0.0961,-0.0390,0.0000,0.14673,1093
15961,0,0.13774,18.86700,0.0695,0.0114,0.0000,0.13790,1097
15971,0,0.13835,18.86700,0.0993,0.0068,0.0000,0.11878,1103
15981,0,0.13940,18.86700,0.1504,0.0041,0.0000,0.11676,1065
15991,0,0.14096,18.86613,0.2068,-0.0323,0.0000,0.11593,1072
16001,0,0.14302,18.86613,0.2393,-0.0194,0.0000,0.12621,1075
16011,0,0.14552,18.86526,0.2600,-0.0464,0.0000,0.14025,1084
16021,0,0.14810,18.86613,0.2281,0.0069,0.0000,0.16328,1087
16031,0,0.15035,18.86700,0.1813,0.0390,0.0000,0.17221,1092
16041,0,0.15216,18.86876,0.1440,0.0936,0.0000,0.17079,1065
16051,0,0.15381,18.86963,0.1456,0.0909,0.0000,0.16316,1072
16061,0,0.15540,18.87050,0.1563,0.0893,0.0000,0.15679,1065
16071,0,0.15745,18.87137,0.1626,0.0884,0.0000,0.17856,1072
16081,0,0.15937,18.87224,0.1339,0.0878,0.0000,0.18882,1074
16091,0,0.16091,18.87312,0.1057,0.0881,0.0000,0.18499,1085
16101,0,0.16179,18.87312,0.0573,0.0529,0.0000,0.17706,1079
16120,0,0.16272,18.87486,0.0823,0.1013,0.0000,0.16805,1123
16130,0,0.16338,18.87399,0.0594,0.0260,0.0000,0.16681,1091
16140,0,0.16413,18.87312,0.0881,-0.0192,0.0000,0.15751,1071
16150,0,0.16519,18.87312,0.1334,-0.0115,0.0000,0.15147,1088
16160,0,0.16660,18.87224,0.1653,-0.0423,0.0000,0.15457,1092
16170,0,0.16818,18.87137,0.1781,-0.0602,0.0000,0.15791,1088
16180,0,0.17019,18.87050,0.2036,-0.0709,0.0000,0.16916,1103
16190,0,0.17212,18.86963,0.1930,-0.0773,0.0000,0.17167,1067
16200,0,0.17419,18.86963,0.1988,-0.0464,0.0000,0.17875,1071
16210,0,0.17610,18.86876,0.1797,-0.0626,0.0000,0.18164,1067
16220,0,0.17772,18.86963,0.1414,-0.0028,0.0000,0.18804,1071
16230,0,0.17937,18.86963,0.1488,-0.0017,0.0000,0.18731,1078
16240,0,0.18095,18.87050,0.1355,0.0338,0.0000,0.19198,1098
16250,0,0.18235,18.87137,0.1259,0.0551,0.0000,0.18977,1067
16260,0,0.18386,18.87137,0.1339,0.0330,0.0000,0.19235,1071
16270,0,0.18532,18.87137,0.1243,0.0198,0.0000,0.19621,1067
16280,0,0.18648,18.87137,0.0977,0.0119,0.0000,0.19544,1075
16290,0,0.18789,18.87137,0.1132,0.0071,0.0000,0.20210,1089
16300,0,0.18871,18.87137,0.0605,0.0043,0.0000,0.19928,1095
16310,0,0.18970,18.87224,0.0701,0.0374,0.0000,0.20403,1083
16328,0,0.19044,18.87224,0.0450,0.0224,0.0000,0.20486,1132
16338,0,0.19100,18.87224,0.0286,0.0134,0.0000,0.20465,1081
16348,0,0.19163,18.87224,0.0413,0.0081,0.0000,0.20275,1087
16358,0,0.19181,18.87224,-0.0055,0.0048,0.0000,0.20364,1077
16368,0,0.19197,18.87224,0.0009,0.0029,0.0000,0.19940,1081
16378,0,0.19211,18.87224,-0.0071,0.0017,0.0000,0.20284,1079
16388,0,0.19226,18.87224,-0.0044,0.0010,0.0000,0.20173,1087
16398,0,0.19232,18.87137,-0.0114,-0.0342,0.0000,0.20120,1090
16408,0,0.19224,18.87137,-0.0183,-0.0205,0.0000,0.19747,1101
16418,0,0.19205,18.87050,-0.0108,-0.0471,0.0000,0.18768,1063
16428,0,0.19183,18.87050,-0.0039,-0.0283,0.0000,0.18261,1072
16438,0,0.19166,18.86963,-0.0002,-0.0517,0.0000,0.18334,1066
16448,0,0.19154,18.86876,0.0014,-0.0658,0.0000,0.18484,1078
16458,0,0.19134,18.86876,-0.0087,-0.0395,0.0000,0.18595,1085
16468,0,0.19136,18.86876,-0.0023,-0.0237,0.0000,0.19335,1090
16478,0,0.19130,18.86963,-0.0199,0.0206,0.0000,0.19826,1064
16488,0,0.19138,18.86963,-0.0066,0.0123,0.0000,0.19856,1072
16498,0,0.19132,18.86963,-0.0236,0.0074,0.0000,0.20044,1064
16508,0,0.19134,18.86963,-0.0167,0.0044,0.0000,0.20024,1074
16518,0,0.19124,18.86963,-0.0231,0.0027,0.0000,0.19789,1083
16537,0,0.19061,18.86787,-0.0566,-0.0686,0.0000,0.18752,1130
16547,0,0.19019,18.86876,-0.0454,-0.0058,0.0000,0.19184,1069
16557,0,0.18953,18.86787,-0.0576,-0.0389,0.0000,0.18539,1081
16567,0,0.18911,18.86787,-0.0300,-0.0233,0.0000,0.18302,1091
16577,0,0.18903,18.86787,-0.0023,-0.0140,0.0000,0.18607,1090
16587,0,0.18894,18.86787,-0.0119,-0.0084,0.0000,0.19056,1093
16597,0,0.18905,18.86787,-0.0007,-0.0050,0.0000,0.19510,1074
16607,0,0.18885,18.86787,-0.0263,-0.0030,0.0000,0.19189,1078
16617,0,0.18869,18.86787,-0.0358,-0.0018,0.0000,0.19868,1084
16627,0,0.18840,18.86787,-0.0539,-0.0011,0.0000,0.20048,1086
16637,0,0.18787,18.86787,-0.0731,-0.0007,0.0000,0.19838,1083
16647,0,0.18739,18.86787,-0.0614,-0.0004,0.0000,0.19386,1085
16657,0,0.18697,18.86700,-0.0502,-0.0350,0.0000,0.19103,1074
16667,0,0.18619,18.86700,-0.0704,-0.0210,0.0000,0.18268,1102
16677,0,0.18529,18.86613,-0.0550,-0.0474,0.0000,0.16750,1087
16687,0,0.18492,18.86613,-0.0023,-0.0284,0.0000,0.16767,1087
16697,0,0.18480,18.86440,-0.0039,-0.0866,0.0000,0.18071,1080
16707,0,0.18468,18.86440,-0.0247,-0.0520,0.0000,0.19107,1081
16717,0,0.18454,18.86440,-0.0433,-0.0312,0.0000,0.19904,1089
16727,0,0.18403,18.86526,-0.0704,0.0161,0.0000,0.19387,1069
16746,0,0.18337,18.86526,-0.1109,0.0096,0.0000,0.20560,1144
16756,0,0.18207,18.86526,-0.1167,0.0058,0.0000,0.17534,1078
16766,0,0.18099,18.86526,-0.1018,0.0035,0.0000,0.17795,1071
16776,0,0.18023,18.86440,-0.0928,-0.0327,0.0000,0.18875,1075
16786,0,0.17941,18.86440,-0.0933,-0.0196,0.0000,0.18488,1084
16796,0,0.17865,18.86351,-0.0922,-0.0472,0.0000,0.18707,1067
16806,0,0.17774,18.86351,-0.1157,-0.0283,0.0000,0.18981,1078
16816,0,0.17661,18.86264,-0.1343,-0.0518,0.0000,0.18738,1079
16826,0,0.17553,18.86177,-0.1141,-0.0659,0.0000,0.17845,1086
16836,0,0.17425,18.86003,-0.1178,-0.1091,0.0000,0.16903,1073
16846,0,0.17324,18.85828,-0.0922,-0.1356,0.0000,0.16894,1080
16856,0,0.17254,18.85654,-0.0566,-0.1510,0.0000,0.16599,1063
16866,0,0.17226,18.85304,-0.0481,-0.2304,0.0000,0.18216,1076
16876,0,0.17250,18.84868,-0.0470,-0.3128,0.0000,0.20817,1076
16886,0,0.17220,18.84605,-0.1268,-0.2926,0.0000,0.22049,1087
16896,0,0.17061,18.84431,-0.2375,-0.2452,0.0000,0.20971,1089
16906,0,0.16835,18.84431,-0.2694,-0.1471,0.0000,0.19038,1102
16916,0,0.16512,18.84431,-0.3301,-0.0883,0.0000,0.16882,1059
16926,0,0.16194,18.84344,-0.3194,-0.0877,0.0000,0.16220,1071
16936,0,0.15849,18.84258,-0.3450,-0.0874,0.0000,0.15846,1075
16954,0,0.15558,18.84258,-0.2854,-0.0525,0.0000,0.15296,1114
16964,0,0.15270,18.84258,-0.2907,-0.0315,0.0000,0.15396,1100
16974,0,0.14945,18.84258,-0.2912,-0.0189,0.0000,0.13254,1073
16984,0,0.14669,18.84258,-0.2428,-0.0113,0.0000,0.13051,1069
16994,0,0.14379,18.84169,-0.2593,-0.0422,0.0000,0.12834,1076
17004,0,0.14047,18.83995,-0.2795,-0.0949,0.0000,0.11425,1081
17014,0,0.13759,18.83995,-0.2450,-0.0569,0.0000,0.11602,1096
17024,0,0.13482,18.83821,-0.2327,-0.1037,0.0000,0.11257,1096
17034,0,0.13240,18.83733,-0.2178,-0.0976,0.0000,0.12025,1068
17044,0,0.13019,18.83647,-0.1987,-0.0928,0.0000,0.11887,1069
17054,0,0.12775,18.83647,-0.1811,-0.0557,0.0000,0.09675,1073
17064,0,0.12549,18.83647,-0.1412,-0.0334,0.0000,0.08282,1073
17074,0,0.12425,18.83647,-0.0576,-0.0200,0.0000,0.09098,1087
17084,0,0.12332,18.83647,-0.0188,-0.0120,0.0000,0.08662,1085
17094,0,0.12304,18.83559,0.0110,-0.0426,0.0000,0.10319,1073
17104,0,0.12312,18.83647,0.0349,0.0098,0.0000,0.10986,1069
17114,0,0.12324,18.83647,0.0259,0.0059,0.0000,0.11627,1073
17124,0,0.12328,18.83821,0.0004,0.0731,0.0000,0.12520,1075
17134,0,0.12333,18.83908,0.0089,0.0787,0.0000,0.12149,1083
17144,0,0.12346,18.84082,0.0142,0.1168,0.0000,0.12284,1088
17163,0,0.12414,18.84169,0.0541,0.1049,0.0000,0.13067,1115
17173,0,0.12505,18.84258,0.0578,0.0983,0.0000,0.14203,1065
17183,0,0.12565,18.84169,0.0355,0.0236,0.0000,0.13776,1075
17193,0,0.12600,18.84169,0.0307,0.0142,0.0000,0.12818,1073
17203,0,0.12624,18.84169,0.0344,0.0085,0.0000,0.12123,1085
17213,0,0.12674,18.84258,0.0557,0.0405,0.0000,0.12390,1083
17223,0,0.12720,18.84258,0.0589,0.0243,0.0000,0.12068,1093
17233,0,0.12758,18.84258,0.0621,0.0146,0.0000,0.11547,1065
17243,0,0.12865,18.84258,0.1169,0.0087,0.0000,0.12360,1077
17253,0,0.12980,18.84258,0.1015,0.0052,0.0000,0.13650,1080
17263,0,0.13082,18.84344,0.0727,0.0379,0.0000,0.14578,1075
17273,0,0.13186,18.84431,0.0557,0.0576,0.0000,0.15581,1076
17283,0,0.13233,18.84431,0.0243,0.0345,0.0000,0.14393,1091
17293,0,0.13279,18.84518,0.0301,0.0555,0.0000,0.14036,1091
17303,0,0.13346,18.84518,0.0599,0.0333,0.0000,0.13720,1098
17313,0,0.13416,18.84518,0.0599,0.0200,0.0000,0.13896,1065
17323,0,0.13500,18.84431,0.0855,-0.0228,0.0000,0.13449,1075
17333,0,0.13564,18.84431,0.0610,-0.0137,0.0000,0.13686,1069
17343,0,0.13656,18.84431,0.0807,-0.0082,0.0000,0.14248,1078
17353,0,0.13743,18.84431,0.0594,-0.0049,0.0000,0.15095,1084
17372,0,0.13839,18.84431,0.0525,-0.0030,0.0000,0.16053,1121
17382,0,0.13913,18.84518,0.0328,0.0330,0.0000,0.15964,1071
17392,0,0.13946,18.84518,0.0046,0.0198,0.0000,0.15352,1079
17402,0,0.13991,18.84518,0.0131,0.0119,0.0000,0.15600,1080
17412,0,0.14006,18.84518,-0.0028,0.0071,0.0000,0.14884,1088
17422,0,0.14017,18.84431,0.0025,-0.0305,0.0000,0.14450,1084
17432,0,0.14024,18.84431,-0.0119,-0.0183,0.0000,0.14941,1096
17442,0,0.14008,18.84431,-0.0273,-0.0110,0.0000,0.14603,1071
17452,0,0.14006,18.84431,-0.0140,-0.0066,0.0000,0.14587,1081
17462,0,0.13973,18.84431,-0.0433,-0.0040,0.0000,0.14486,1085
17472,0,0.13938,18.84344,-0.0438,-0.0372,0.0000,0.14372,1087
17482,0,0.13893,18.84344,-0.0364,-0.0223,0.0000,0.13477,1086
17492,0,0.13877,18.84344,-0.0044,-0.0134,0.0000,0.13324,1098
17502,0,0.13856,18.84258,-0.0028,-0.0428,0.0000,0.12934,1071
17512,0,0.13846,18.84169,-0.0082,-0.0611,0.0000,0.13725,1083
17522,0,0.13833,18.84258,-0.0066,-0.0013,0.0000,0.13548,1086
17532,0,0.13837,18.84258,-0.0023,-0.0008,0.0000,0.14137,1087
17542,0,0.13839,18.84344,-0.0140,0.0343,0.0000,0.14625,1081
17552,0,0.13831,18.84344,-0.0294,0.0206,0.0000,0.14939,1090
17562,0,0.13837,18.84344,-0.0225,0.0124,0.0000,0.15217,1071
17580,0,0.13824,18.84344,-0.0401,0.0074,0.0000,0.15224,1135
17590,0,0.13794,18.84344,-0.0576,0.0045,0.0000,0.15144,1077
17600,0,0.13743,18.84344,-0.0561,0.0027,0.0000,0.13984,1088
17610,0,0.13679,18.84258,-0.0662,-0.0332,0.0000,0.13810,1070
17620,0,0.13634,18.84169,-0.0470,-0.0553,0.0000,0.13738,1081
17630,0,0.13565,18.84169,-0.0736,-0.0332,0.0000,0.13775,1062
17640,0,0.13485,18.84169,-0.0741,-0.0199,0.0000,0.13195,1070
17650,0,0.13406,18.84169,-0.0587,-0.0119,0.0000,0.12422,1071
17660,0,0.13343,18.84169,-0.0417,-0.0072,0.0000,0.12252,1086
17670,0,0.13303,18.84169,-0.0204,-0.0043,0.0000,0.12318,1062
17680,0,0.13285,18.84169,-0.0012,-0.0026,0.0000,0.12444,1070
17690,0,0.13279,18.84169,-0.0002,-0.0015,0.0000,0.13006,1075
17700,0,0.13273,18.84169,0.0014,-0.0009,0.0000,0.12889,1087
17710,0,0.13269,18.84169,0.0004,-0.0006,0.0000,0.13065,1062
17720,0,0.13271,18.84258,-0.0055,0.0351,0.0000,0.13619,1072
17730,0,0.13288,18.84258,0.0078,0.0210,0.0000,0.13782,1076
17740,0,0.13273,18.84169,-0.0007,-0.0228,0.0000,0.12548,1090
17750,0,0.13277,18.84258,0.0004,0.0217,0.0000,0.13458,1082
17760,0,0.13330,18.84258,0.0403,0.0130,0.0000,0.13971,1089
17770,0,0.13364,18.84344,0.0195,0.0426,0.0000,0.14072,1067
17789,0,0.13402,18.84431,0.0238,0.0604,0.0000,0.14133,1131
17799,0,0.13430,18.84431,0.0051,0.0362,0.0000,0.14552,1080
17809,0,0.13445,18.84431,-0.0034,0.0217,0.0000,0.14378,1085
17819,0,0.13449,18.84344,-0.0087,-0.0218,0.0000,0.14083,1085
17829,0,0.13466,18.84344,0.0041,-0.0131,0.0000,0.14094,1074
17839,0,0.13472,18.84344,-0.0082,-0.0078,0.0000,0.14213,1068
17849,0,0.13452,18.84344,-0.0044,-0.0047,0.0000,0.12662,1074
17859,0,0.13437,18.84344,-0.0023,-0.0028,0.0000,0.12806,1071
17869,0,0.13441,18.84344,0.0004,-0.0017,0.0000,0.13624,1081
17879,0,0.13448,18.84344,0.0004,-0.0010,0.0000,0.13759,1086
17889,0,0.13453,18.84344,-0.0087,-0.0006,0.0000,0.14147,1091
17899,0,0.13457,18.84344,-0.0002,-0.0004,0.0000,0.13672,1068
17909,0,0.13453,18.84344,-0.0028,-0.0002,0.0000,0.13377,1081
17919,0,0.13463,18.84344,-0.0012,-0.0001,0.0000,0.14034,1073
17929,0,0.13468,18.84344,0.0041,-0.0001,0.0000,0.13526,1082
17939,0,0.13472,18.84344,-0.0007,-0.0000,0.0000,0.13702,1084
17949,0,0.13478,18.84344,-0.0039,-0.0000,0.0000,0.13989,1096
17959,0,0.13487,18.84344,0.0067,-0.0000,0.0000,0.13592,1068
17969,0,0.13494,18.84344,-0.0002,-0.0000,0.0000,0.13851,1074
17979,0,0.13491,18.84344,-0.0082,-0.0000,0.0000,0.13759,1068
17998,0,0.13489,18.84344,-0.0050,-0.0000,0.0000,0.13605,1129
18008,0,0.13480,18.84344,-0.0066,-0.0000,0.0000,0.13394,1084
18018,0,0.13483,18.84344,0.0004,-0.0000,0.0000,0.13622,1089
18028,0,0.13499,18.84344,0.0057,-0.0000,0.0000,0.13994,1079
18038,0,0.13495,18.84344,-0.0060,-0.0000,0.0000,0.13577,1088
18048,0,0.13501,18.84344,-0.0007,-0.0000,0.0000,0.13837,1063
18058,0,0.13488,18.84344,-0.0012,-0.0000,0.0000,0.12937,1072
18068,0,0.13494,18.84344,0.0057,-0.0000,0.0000,0.13500,1075
18078,0,0.13502,18.84344,0.0025,-0.0000,0.0000,0.13774,1093
18088,0,0.13493,18.84344,-0.0034,-0.0000,0.0000,0.13233,1077
18098,0,0.13492,18.84344,-0.0007,-0.0000,0.0000,0.13431,1089
18108,0,0.13485,18.84344,-0.0087,-0.0000,0.0000,0.13576,1063
18118,0,0.13499,18.84344,0.0009,-0.0000,0.0000,0.14162,1085
18128,0,0.13496,18.84344,-0.0012,-0.0000,0.0000,0.13412,1066
18138,0,0.13496,18.84344,-0.0130,-0.0000,0.0000,0.14132,1076
18148,0,0.13493,18.84344,-0.0012,-0.0000,0.0000,0.13414,1078
18158,0,0.13501,18.84344,0.0009,-0.0000,0.0000,0.13844,1088
18168,0,0.13500,18.84344,-0.0028,-0.0000,0.0000,0.13631,1100
18178,0,0.13497,18.84344,-0.0002,-0.0000,0.0000,0.13363,1103
18188,0,0.13496,18.84344,-0.0023,-0.0000,0.0000,0.13515,1063
18206,0,0.13499,18.84344,0.0014,-0.0000,0.0000,0.13577,1120
18216,0,0.13506,18.84344,-0.0007,-0.0000,0.0000,0.13907,1067
18226,0,0.13513,18.84344,0.0004,-0.0000,0.0000,0.13855,1071
18236,0,0.13520,18.84344,0.0025,-0.0000,0.0000,0.13760,1070
18246,0,0.13521,18.84344,-0.0007,-0.0000,0.0000,0.13568,1081
18256,0,0.13529,18.84344,0.0030,-0.0000,0.0000,0.13799,1070
18266,0,0.13537,18.84344,-0.0002,-0.0000,0.0000,0.13931,1083
18276,0,0.13535,18.84344,-0.0034,-0.0000,0.0000,0.13622,1083
18286,0,0.13535,18.84344,-0.0018,-0.0000,0.0000,0.13637,1097
18296,0,0.13515,18.84344,-0.0039,-0.0000,0.0000,0.12709,1067
18306,0,0.13531,18.84344,0.0168,-0.0000,0.0000,0.13462,1071
18316,0,0.13529,18.84344,0.0004,-0.0000,0.0000,0.13431,1071
18326,0,0.13526,18.84344,-0.0050,-0.0000,0.0000,0.13622,1085
18336,0,0.13542,18.84344,0.0121,-0.0000,0.0000,0.13759,1090
18346,0,0.13538,18.84344,-0.0055,-0.0000,0.0000,0.13577,1071
18356,0,0.13527,18.84344,-0.0145,-0.0000,0.0000,0.13730,1067
18366,0,0.13528,18.84344,-0.0002,-0.0000,0.0000,0.13558,1071
18376,0,0.13523,18.84344,-0.0034,-0.0000,0.0000,0.13465,1077
18386,0,0.13542,18.84344,0.0131,-0.0000,0.0000,0.13820,1086
18396,0,0.13545,18.84344,0.0019,-0.0000,0.0000,0.13616,1078
18415,0,0.13559,18.84344,0.0115,-0.0000,0.0000,0.13690,1137
18425,0,0.13566,18.84344,0.0004,-0.0000,0.0000,0.13881,1081
18435,0,0.13567,18.84344,-0.0034,-0.0000,0.0000,0.13792,1081
18445,0,0.13575,18.84344,-0.0034,-0.0000,0.0000,0.14150,1073
18455,0,0.13576,18.84344,-0.0012,-0.0000,0.0000,0.13682,1081
18465,0,0.13577,18.84344,-0.0023,-0.0000,0.0000,0.13736,1086
18475,0,0.13575,18.84344,-0.0002,-0.0000,0.0000,0.13489,1100
18485,0,0.13576,18.84344,-0.0012,-0.0000,0.0000,0.13701,1072
18495,0,0.13572,18.84344,-0.0092,-0.0000,0.0000,0.13800,1081
18505,0,0.13579,18.84344,0.0041,-0.0000,0.0000,0.13765,1072
18515,0,0.13594,18.84344,0.0078,-0.0000,0.0000,0.13940,1084
18525,0,0.13600,18.84344,-0.0055,-0.0000,0.0000,0.14168,1081
18535,0,0.13597,18.84344,-0.0071,-0.0000,0.0000,0.13794,1088
18545,0,0.13591,18.84344,-0.0034,-0.0000,0.0000,0.13448,1086
18555,0,0.13588,18.84344,-0.0055,-0.0000,0.0000,0.13749,1095
18565,0,0.13589,18.84344,-0.0039,-0.0000,0.0000,0.13793,1082
18575,0,0.13574,18.84344,-0.0071,-0.0000,0.0000,0.13224,1090
18585,0,0.13588,18.84344,0.0041,-0.0000,0.0000,0.14065,1072
18595,0,0.13588,18.84344,-0.0002,-0.0000,0.0000,0.13614,1087
18605,0,0.13582,18.84344,0.0019,-0.0000,0.0000,0.13180,1092
18624,0,0.13583,18.84344,0.0004,-0.0000,0.0000,0.13582,1119
18634,0,0.13575,18.84344,-0.0060,-0.0000,0.0000,0.13502,1067
18644,0,0.13576,18.84344,-0.0012,-0.0000,0.0000,0.13683,1082
18654,0,0.13576,18.84344,-0.0087,-0.0000,0.0000,0.14000,1084
18664,0,0.13581,18.84344,-0.0007,-0.0000,0.0000,0.13867,1094
18674,0,0.13579,18.84344,-0.0023,-0.0000,0.0000,0.13589,1067
18684,0,0.13572,18.84344,-0.0050,-0.0000,0.0000,0.13509,1071
18694,0,0.13570,18.84344,-0.0012,-0.0000,0.0000,0.13536,1075
18704,0,0.13567,18.84344,-0.0002,-0.0000,0.0000,0.13420,1083
18714,0,0.13577,18.84344,0.0078,-0.0000,0.0000,0.13671,1082
18724,0,0.13599,18.84344,0.0105,-0.0000,0.0000,0.14157,1071
18734,0,0.13588,18.84344,-0.0076,-0.0000,0.0000,0.13426,1067
18744,0,0.13583,18.84344,-0.0055,-0.0000,0.0000,0.13629,1078
18754,0,0.13583,18.84344,0.0025,-0.0000,0.0000,0.13472,1086
18764,0,0.13598,18.84344,0.0110,-0.0000,0.0000,0.13770,1081
18774,0,0.13590,18.84344,-0.0055,-0.0000,0.0000,0.13486,1087
18784,0,0.13583,18.84344,-0.0044,-0.0000,0.0000,0.13429,1087
18794,0,0.13589,18.84344,0.0025,-0.0000,0.0000,0.13760,1093
18804,0,0.13591,18.84344,-0.0044,-0.0000,0.0000,0.13944,1086
18814,0,0.13590,18.84344,-0.0018,-0.0000,0.0000,0.13589,1067
18832,0,0.13590,18.84344,0.0019,-0.0000,0.0000,0.13501,1129
18842,0,0.13579,18.84344,-0.0066,-0.0000,0.0000,0.13371,1075
18852,0,0.13573,18.84344,-0.0076,-0.0000,0.0000,0.13652,1083
18862,0,0.13578,18.84344,0.0019,-0.0000,0.0000,0.13716,1088
18872,0,0.13575,18.84344,-0.0087,-0.0000,0.0000,0.13862,1101
18882,0,0.13576,18.84344,0.0073,-0.0000,0.0000,0.13281,1064
18892,0,0.13570,18.84344,-0.0071,-0.0000,0.0000,0.13610,1071
18902,0,0.13577,18.84344,-0.0087,-0.0000,0.0000,0.14387,1071
18912,0,0.13575,18.84344,-0.0018,-0.0000,0.0000,0.13576,1079
18922,0,0.13582,18.84344,-0.0028,-0.0000,0.0000,0.14071,1081
18932,0,0.13593,18.84344,0.0105,-0.0000,0.0000,0.13585,1086
18942,0,0.13589,18.84344,-0.0028,-0.0000,0.0000,0.13568,1064
18952,0,0.13585,18.84344,-0.0098,-0.0000,0.0000,0.13868,1072
18962,0,0.13589,18.84344,0.0019,-0.0000,0.0000,0.13677,1067
18972,0,0.13583,18.84344,-0.0082,-0.0000,0.0000,0.13664,1080
18982,0,0.13572,18.84344,-0.0114,-0.0000,0.0000,0.13636,1075
18992,0,0.13568,18.84344,-0.0012,-0.0000,0.0000,0.13411,1083
19002,0,0.13577,18.84344,0.0019,-0.0000,0.0000,0.13921,1064
19012,0,0.13565,18.84344,-0.0076,-0.0000,0.0000,0.13354,1071
19022,0,0.13570,18.84344,0.0099,-0.0000,0.0000,0.13309,1076
19041,0,0.13562,18.84344,-0.0087,-0.0000,0.0000,0.13624,1131
19051,0,0.13562,18.84344,0.0004,-0.0000,0.0000,0.13517,1079
19061,0,0.13558,18.84344,-0.0055,-0.0000,0.0000,0.13641,1087
19071,0,0.13571,18.84344,0.0078,-0.0000,0.0000,0.13841,1087
19081,0,0.13579,18.84344,0.0019,-0.0000,0.0000,0.13882,1096
19091,0,0.13578,18.84344,-0.0034,-0.0000,0.0000,0.13670,1065
19101,0,0.13587,18.84344,0.0051,-0.0000,0.0000,0.13804,1069
19111,0,0.13592,18.84344,0.0057,-0.0000,0.0000,0.13553,1067
19121,0,0.13614,18.84344,0.0147,-0.0000,0.0000,0.13986,1079
19131,0,0.13621,18.84344,-0.0023,-0.0000,0.0000,0.14072,1086
19141,0,0.13628,18.84344,0.0094,-0.0000,0.0000,0.13517,1098
19151,0,0.13630,18.84344,0.0051,-0.0000,0.0000,0.13469,1065
19161,0,0.13634,18.84344,-0.0002,-0.0000,0.0000,0.13842,1076
19171,0,0.13649,18.84344,0.0078,-0.0000,0.0000,0.14010,1067
19181,0,0.13651,18.84344,-0.0012,-0.0000,0.0000,0.13841,1078
19191,0,0.13646,18.84344,0.0009,-0.0000,0.0000,0.13342,1079
19201,0,0.13627,18.84344,-0.0135,-0.0000,0.0000,0.13363,1090
19211,0,0.13625,18.84344,-0.0050,-0.0000,0.0000,0.13740,1065
19221,0,0.13632,18.84344,0.0004,-0.0000,0.0000,0.13997,1069
19231,0,0.13624,18.84344,-0.0082,-0.0000,0.0000,0.13617,1065
19250,0,0.13620,18.84344,-0.0087,-0.0000,0.0000,0.13841,1121
19260,0,0.13621,18.84344,-0.0002,-0.0000,0.0000,0.13688,1068
19270,0,0.13613,18.84344,-0.0012,-0.0000,0.0000,0.13271,1083
19280,0,0.13609,18.84344,-0.0060,-0.0000,0.0000,0.13722,1070
19290,0,0.13615,18.84344,0.0004,-0.0000,0.0000,0.13867,1085
19300,0,0.13622,18.84344,-0.0044,-0.0000,0.0000,0.14216,1064
19310,0,0.13625,18.84344,0.0004,-0.0000,0.0000,0.13760,1072
19320,0,0.13621,18.84344,-0.0039,-0.0000,0.0000,0.13638,1076
19330,0,0.13609,18.84344,-0.0082,-0.0000,0.0000,0.13385,1083
19340,0,0.13606,18.84344,0.0004,-0.0000,0.0000,0.13428,1070
19350,0,0.13602,18.84344,-0.0028,-0.0000,0.0000,0.13540,1080
19360,0,0.13602,18.84344,0.0004,-0.0000,0.0000,0.13606,1079
19370,0,0.13594,18.84344,0.0004,-0.0000,0.0000,0.13194,1072
19380,0,0.13604,18.84344,0.0004,-0.0000,0.0000,0.14079,1075
19390,0,0.13594,18.84344,-0.0135,-0.0000,0.0000,0.13779,1087
19400,0,0.13596,18.84344,0.0046,-0.0000,0.0000,0.13421,1068
19410,0,0.13602,18.84344,-0.0007,-0.0000,0.0000,0.13953,1080
19420,0,0.13615,18.84344,0.0110,-0.0000,0.0000,0.13707,1082
19430,0,0.13618,18.84344,0.0067,-0.0000,0.0000,0.13465,1087
19440,0,0.13626,18.84344,0.0009,-0.0000,0.0000,0.13942,1070
19458,0,0.13627,18.84344,-0.0018,-0.0000,0.0000,0.13804,1132
19468,0,0.13621,18.84344,-0.0071,-0.0000,0.0000,0.13649,1078
19478,0,0.13623,18.84344,0.0051,-0.0000,0.0000,0.13466,1086
19488,0,0.13624,18.84344,-0.0007,-0.0000,0.0000,0.13738,1087
19498,0,0.13612,18.84344,-0.0130,-0.0000,0.0000,0.13649,1098
19508,0,0.13621,18.84344,0.0062,-0.0000,0.0000,0.13743,1082
19518,0,0.13619,18.84344,-0.0007,-0.0000,0.0000,0.13557,1071
19528,0,0.13618,18.84344,0.0057,-0.0000,0.0000,0.13275,1069
19538,0,0.13615,18.84344,0.0009,-0.0000,0.0000,0.13432,1080
19548,0,0.13616,18.84344,-0.0007,-0.0000,0.0000,0.13727,1088
19558,0,0.13624,18.84344,0.0051,-0.0000,0.0000,0.13753,1072
19568,0,0.13622,18.84344,-0.0012,-0.0000,0.0000,0.13554,1074
19578,0,0.13621,18.84344,0.0025,-0.0000,0.0000,0.13468,1080
19588,0,0.13619,18.84344,0.0004,-0.0000,0.0000,0.13483,1082
19598,0,0.13630,18.84344,0.0019,-0.0000,0.0000,0.14111,1078
19608,0,0.13627,18.84344,-0.0050,-0.0000,0.0000,0.13728,1083
19618,0,0.13636,18.84344,0.0025,-0.0000,0.0000,0.13964,1071
19628,0,0.13628,18.84344,-0.0055,-0.0000,0.0000,0.13506,1067
19638,0,0.13620,18.84344,-0.0092,-0.0000,0.0000,0.13670,1072
19648,0,0.13620,18.84344,-0.0044,-0.0000,0.0000,0.13816,1076
19667,0,0.13629,18.84344,0.0067,-0.0000,0.0000,0.13790,1129
19677,0,0.13640,18.84344,0.0073,-0.0000,0.0000,0.13817,1078
19687,0,0.13637,18.84344,-0.0108,-0.0000,0.0000,0.14008,1086
19697,0,0.13637,18.84344,0.0121,-0.0000,0.0000,0.13033,1064
19707,0,0.13637,18.84344,0.0019,-0.0000,0.0000,0.13556,1071
19717,0,0.13620,18.84344,-0.0135,-0.0000,0.0000,0.13448,1064
19727,0,0.13620,18.84344,-0.0039,-0.0000,0.0000,0.13813,1071
19737,0,0.13629,18.84344,-0.0028,-0.0000,0.0000,0.14190,1079
19747,0,0.13640,18.84344,0.0089,-0.0000,0.0000,0.13747,1088
19757,0,0.13651,18.84344,0.0062,-0.0000,0.0000,0.13889,1064
19767,0,0.13644,18.84344,-0.0018,-0.0000,0.0000,0.13410,1071
19777,0,0.13650,18.84344,0.0057,-0.0000,0.0000,0.13659,1064
19787,0,0.13652,18.84344,-0.0007,-0.0000,0.0000,0.13789,1071
19797,0,0.13650,18.84344,-0.0076,-0.0000,0.0000,0.13926,1073
19807,0,0.13666,18.84344,0.0025,-0.0000,0.0000,0.14329,1080
19817,0,0.13655,18.84344,-0.0145,-0.0000,0.0000,0.13845,1085
19827,0,0.13662,18.84344,0.0083,-0.0000,0.0000,0.13622,1098
19837,0,0.13670,18.84344,0.0062,-0.0000,0.0000,0.13736,1064
19847,0,0.13670,18.84344,-0.0007,-0.0000,0.0000,0.13688,1071
19857,0,0.13660,18.84344,-0.0044,-0.0000,0.0000,0.13418,1075
19876,0,0.13655,18.84344,0.0009,-0.0000,0.0000,0.13364,1143
19886,0,0.13652,18.84344,-0.0044,-0.0000,0.0000,0.13708,1090
19896,0,0.13656,18.84344,-0.0007,-0.0000,0.0000,0.13914,1108
19906,0,0.13657,18.84344,0.0030,-0.0000,0.0000,0.13548,1091
19916,0,0.13658,18.84344,0.0004,-0.0000,0.0000,0.13696,1071
19926,0,0.13655,18.84344,0.0004,-0.0000,0.0000,0.13450,1071
19936,0,0.13656,18.84344,-0.0076,-0.0000,0.0000,0.14082,1091
19946,0,0.13643,18.84344,-0.0055,-0.0000,0.0000,0.13271,1083
19956,0,0.13638,18.84344,-0.0028,-0.0000,0.0000,0.13571,1071
19966,0,0.13652,18.84344,-0.0007,-0.0000,0.0000,0.14386,1073
19976,0,0.13645,18.84344,0.0009,-0.0000,0.0000,0.13232,1090
19986,0,0.13643,18.84344,0.0009,-0.0000,0.0000,0.13475,1095
19996,0,0.13638,18.84344,-0.0023,-0.0000,0.0000,0.13544,1082
20006,0,0.13644,18.84344,0.0014,-0.0000,0.0000,0.13847,1086
20016,0,0.13645,18.84344,-0.0018,-0.0000,0.0000,0.13811,1086
20026,0,0.13630,18.84344,-0.0050,-0.0000,0.0000,0.13121,1067
20036,0,0.13633,18.84344,-0.0018,-0.0000,0.0000,0.13878,1079
20046,0,0.13626,18.84344,-0.0071,-0.0000,0.0000,0.13625,1090
20056,0,0.13626,18.84344,0.0035,-0.0000,0.0000,0.13449,1071
20066,0,0.13626,18.84344,0.0014,-0.0000,0.0000,0.13560,1074
20084,0,0.13627,18.84344,-0.0023,-0.0000,0.0000,0.13752,1111
20094,0,0.13613,18.84344,-0.0108,-0.0000,0.0000,0.13459,1096
20104,0,0.13628,18.84344,0.0078,-0.0000,0.0000,0.14028,1071
20114,0,0.13621,18.84344,-0.0007,-0.0000,0.0000,0.13293,1063
20124,0,0.13611,18.84344,-0.0050,-0.0000,0.0000,0.13353,1071
20134,0,0.13610,18.84344,0.0009,-0.0000,0.0000,0.13524,1073
20144,0,0.13608,18.84344,-0.0034,-0.0000,0.0000,0.13660,1082
20154,0,0.13618,18.84344,0.0147,-0.0000,0.0000,0.13400,1080
20164,0,0.13620,18.84344,-0.0012,-0.0000,0.0000,0.13787,1086
20174,0,0.13615,18.84344,-0.0087,-0.0000,0.0000,0.13775,1063
20184,0,0.13621,18.84344,0.0041,-0.0000,0.0000,0.13729,1071
20194,0,0.13608,18.84344,-0.0050,-0.0000,0.0000,0.13209,1073
20204,0,0.13624,18.84344,0.0062,-0.0000,0.0000,0.14091,1084
20214,0,0.13620,18.84344,0.0019,-0.0000,0.0000,0.13350,1070
20224,0,0.13623,18.84344,-0.0028,-0.0000,0.0000,0.13918,1077
20234,0,0.13616,18.84344,-0.0050,-0.0000,0.0000,0.13489,1078
20244,0,0.13610,18.84344,-0.0082,-0.0000,0.0000,0.13751,1088
20254,0,0.13616,18.84344,0.0019,-0.0000,0.0000,0.13778,1093
20264,0,0.13614,18.84344,-0.0002,-0.0000,0.0000,0.13569,1107
20274,0,0.13617,18.84344,-0.0012,-0.0000,0.0000,0.13785,1063
20293,0,0.13623,18.84344,-0.0028,-0.0000,0.0000,0.14089,1122
20303,0,0.13628,18.84344,0.0035,-0.0000,0.0000,0.13717,1075
20313,0,0.13631,18.84344,-0.0028,-0.0000,0.0000,0.13914,1083
20323,0,0.13628,18.84344,-0.0135,-0.0000,0.0000,0.14146,1085
20333,0,0.13630,18.84344,0.0035,-0.0000,0.0000,0.13559,1090
20343,0,0.13634,18.84344,-0.0071,-0.0000,0.0000,0.14169,1095
20353,0,0.13630,18.84344,0.0014,-0.0000,0.0000,0.13375,1107
20363,0,0.13634,18.84344,-0.0012,-0.0000,0.0000,0.13875,1067
20373,0,0.13619,18.84344,-0.0087,-0.0000,0.0000,0.13304,1072
20383,0,0.13613,18.84344,0.0030,-0.0000,0.0000,0.13175,1081
20393,0,0.13605,18.84344,-0.0012,-0.0000,0.0000,0.13290,1088
20403,0,0.13598,18.84344,0.0030,-0.0000,0.0000,0.13100,1098
20413,0,0.13605,18.84344,-0.0002,-0.0000,0.0000,0.13916,1106
20423,0,0.13591,18.84344,-0.0039,-0.0000,0.0000,0.13119,1067
20433,0,0.13597,18.84344,0.0057,-0.0000,0.0000,0.13608,1074
20443,0,0.13599,18.84344,-0.0092,-0.0000,0.0000,0.14157,1082
20453,0,0.13617,18.84344,0.0174,-0.0000,0.0000,0.13653,1087
20463,0,0.13612,18.84344,0.0004,-0.0000,0.0000,0.13335,1090
20473,0,0.13619,18.84344,0.0019,-0.0000,0.0000,0.13864,1100
20483,0,0.13626,18.84344,0.0009,-0.0000,0.0000,0.13962,1084
20501,0,0.13607,18.84344,-0.0060,-0.0000,0.0000,0.12934,1144
20511,0,0.13600,18.84344,-0.0034,-0.0000,0.0000,0.13425,1097
20521,0,0.13604,18.84344,-0.0018,-0.0000,0.0000,0.13879,1105
20531,0,0.13613,18.84344,0.0089,-0.0000,0.0000,0.13618,1110
20541,0,0.13615,18.84344,0.0014,-0.0000,0.0000,0.13658,1114
20551,0,0.13622,18.84344,0.0057,-0.0000,0.0000,0.13702,1075
20561,0,0.13626,18.84344,0.0078,-0.0000,0.0000,0.13411,1084
20571,0,0.13639,18.84344,0.0083,-0.0000,0.0000,0.13874,1087
20581,0,0.13644,18.84431,-0.0087,0.0348,0.0000,0.14321,1101
20591,0,0.13645,18.84431,-0.0082,0.0209,0.0000,0.14100,1101
20601,0,0.13653,18.84431,-0.0044,0.0125,0.0000,0.14301,1113
20611,0,0.13648,18.84431,-0.0114,0.0075,0.0000,0.13968,1075
20621,0,0.13650,18.84431,-0.0012,0.0045,0.0000,0.13819,1084
20631,0,0.13660,18.84431,0.0062,0.0027,0.0000,0.13827,1087
20641,0,0.13658,18.84344,-0.0002,-0.0332,0.0000,0.13592,1099
20651,0,0.13669,18.84344,-0.0087,-0.0199,0.0000,0.14648,1106
20661,0,0.13668,18.84344,-0.0092,-0.0119,0.0000,0.14048,1114
20671,0,0.13660,18.84344,-0.0289,-0.0072,0.0000,0.14721,1075
20681,0,0.13647,18.84344,-0.0199,-0.0043,0.0000,0.13988,1084
20691,0,0.13620,18.84344,-0.0449,-0.0026,0.0000,0.14536,1084
20710,0,0.13571,18.84344,-0.0640,-0.0015,0.0000,0.14335,1114
20720,0,0.13512,18.84258,-0.0773,-0.0357,0.0000,0.14402,1093
20730,0,0.13432,18.84258,-0.0843,-0.0214,0.0000,0.13631,1071
20740,0,0.13374,18.84258,-0.0885,-0.0129,0.0000,0.14915,1072
20750,0,0.13305,18.84344,-0.1391,0.0271,0.0000,0.16803,1071
20760,0,0.13117,18.84344,-0.1822,0.0162,0.0000,0.12857,1079
20770,0,0.12954,18.84431,-0.1300,0.0445,0.0000,0.11300,1091
20780,0,0.12841,18.84344,-0.0837,-0.0081,0.0000,0.11335,1079
20790,0,0.12768,18.84258,-0.0672,-0.0396,0.0000,0.12488,1087
20800,0,0.12701,18.84169,-0.0694,-0.0592,0.0000,0.12844,1067
20810,0,0.12602,18.84169,-0.0874,-0.0355,0.0000,0.12020,1075
20820,0,0.12476,18.84169,-0.1008,-0.0213,0.0000,0.11223,1079
20830,0,0.12369,18.84169,-0.0688,-0.0128,0.0000,0.10458,1085
20840,0,0.12271,18.84169,-0.0342,-0.0077,0.0000,0.09069,1070
20850,0,0.12231,18.84169,0.0275,-0.0046,0.0000,0.08856,1080
20860,0,0.12273,18.84082,0.0530,-0.0376,0.0000,0.11703,1085
20870,0,0.12277,18.84169,0.0025,0.0123,0.0000,0.12380,1094
20880,0,0.12273,18.84258,0.0014,0.0428,0.0000,0.11977,1102
20890,0,0.12262,18.84431,0.0152,0.0952,0.0000,0.10958,1071
20900,0,0.12311,18.84431,0.0536,0.0571,0.0000,0.12067,1067
20919,0,0.12396,18.84518,0.0578,0.0691,0.0000,0.13777,1119
20929,0,0.12483,18.84518,0.0349,0.0414,0.0000,0.15106,1074
20939,0,0.12516,18.84518,-0.0012,0.0249,0.0000,0.14200,1084
20949,0,0.12550,18.84518,-0.0087,0.0149,0.0000,0.14676,1082
20959,0,0.12570,18.84518,0.0009,0.0090,0.0000,0.13561,1089
20969,0,0.12557,18.84344,-0.0114,-0.0642,0.0000,0.12471,1068
20979,0,0.12533,18.84344,-0.0060,-0.0385,0.0000,0.11611,1076
20989,0,0.12511,18.84258,-0.0119,-0.0579,0.0000,0.12016,1075
20999,0,0.12482,18.84258,-0.0130,-0.0347,0.0000,0.11685,1085
21009,0,0.12429,18.84169,-0.0252,-0.0562,0.0000,0.11019,1075
21019,0,0.12376,18.84258,-0.0247,0.0017,0.0000,0.10983,1086
21029,0,0.12352,18.84258,-0.0082,0.0010,0.0000,0.11562,1068
21039,0,0.12328,18.84258,-0.0044,0.0006,0.0000,0.11353,1076
21049,0,0.12323,18.84344,0.0057,0.0351,0.0000,0.11766,1080
21059,0,0.12362,18.84431,0.0461,0.0559,0.0000,0.12011,1089
21069,0,0.12393,18.84431,0.0126,0.0335,0.0000,0.13308,1070
21079,0,0.12447,18.84518,0.0179,0.0549,0.0000,0.14241,1079
21089,0,0.12458,18.84518,-0.0055,0.0329,0.0000,0.13281,1083
21099,0,0.12473,18.84518,-0.0124,0.0198,0.0000,0.13854,1092
21109,0,0.12475,18.84518,-0.0167,0.0119,0.0000,0.13444,1097
21127,0,0.12461,18.84518,-0.0119,0.0071,0.0000,0.12329,1122
21137,0,0.12449,18.84431,0.0105,-0.0305,0.0000,0.11335,1067
21147,0,0.12444,18.84431,0.0190,-0.0183,0.0000,0.11222,1075
21157,0,0.12452,18.84344,0.0270,-0.0458,0.0000,0.11524,1081
21167,0,0.12441,18.84431,0.0035,0.0073,0.0000,0.11707,1087
21177,0,0.12442,18.84518,0.0057,0.0392,0.0000,0.12214,1090
21187,0,0.12484,18.84518,0.0536,0.0235,0.0000,0.11880,1067
21197,0,0.12520,18.84518,0.0424,0.0141,0.0000,0.12229,1064
21207,0,0.12583,18.84605,0.0573,0.0433,0.0000,0.12852,1067
21217,0,0.12637,18.84605,0.0589,0.0260,0.0000,0.12417,1072
21227,0,0.12673,18.84605,0.0317,0.0156,0.0000,0.12877,1080
21237,0,0.12707,18.84605,0.0195,0.0093,0.0000,0.13416,1081
21247,0,0.12755,18.84605,0.0472,0.0056,0.0000,0.12787,1067
21257,0,0.12768,18.84605,0.0568,0.0034,0.0000,0.10624,1063
21267,0,0.12850,18.84518,0.0892,-0.0328,0.0000,0.12452,1067
21277,0,0.12919,18.84518,0.0951,-0.0197,0.0000,0.11645,1072
21287,0,0.12995,18.84518,0.0988,-0.0118,0.0000,0.11827,1082
21297,0,0.13100,18.84518,0.1233,-0.0071,0.0000,0.12185,1072
21307,0,0.13202,18.84518,0.1227,-0.0042,0.0000,0.12178,1081
21317,0,0.13332,18.84518,0.1291,-0.0025,0.0000,0.13376,1064
21336,0,0.13474,18.84518,0.1451,-0.0015,0.0000,0.13335,1137
21346,0,0.13631,18.84518,0.1547,-0.0009,0.0000,0.13724,1084
21356,0,0.13790,18.84518,0.1483,-0.0006,0.0000,0.14354,1092
21366,0,0.13956,18.84518,0.1360,-0.0003,0.0000,0.15453,1074
21376,0,0.14099,18.84518,0.0956,-0.0002,0.0000,0.16439,1080
21386,0,0.14217,18.84605,0.0536,0.0347,0.0000,0.17432,1084
21396,0,0.14304,18.84694,0.0392,0.0562,0.0000,0.16736,1093
21406,0,0.14391,18.84694,0.0254,0.0337,0.0000,0.17437,1075
21416,0,0.14439,18.84781,0.0019,0.0550,0.0000,0.16749,1084
21426,0,0.14455,18.84781,-0.0209,0.0330,0.0000,0.16312,1086
21436,0,0.14454,18.84694,-0.0140,-0.0150,0.0000,0.15084,1099
21446,0,0.14444,18.84605,-0.0066,-0.0444,0.0000,0.14302,1068
21456,0,0.14430,18.84605,0.0051,-0.0266,0.0000,0.13441,1077
21466,0,0.14419,18.84518,0.0030,-0.0508,0.0000,0.13715,1068
21476,0,0.14404,18.84518,-0.0066,-0.0305,0.0000,0.14007,1078
21486,0,0.14398,18.84518,0.0004,-0.0183,0.0000,0.14076,1087
21496,0,0.14384,18.84518,-0.0071,-0.0110,0.0000,0.14053,1099
21506,0,0.14386,18.84518,-0.0039,-0.0066,0.0000,0.14696,1071
21516,0,0.14391,18.84518,-0.0092,-0.0039,0.0000,0.15092,1077
21526,0,0.14398,18.84518,-0.0023,-0.0024,0.0000,0.14832,1068
21545,0,0.14400,18.84518,-0.0066,-0.0014,0.0000,0.14822,1115
21555,0,0.14392,18.84518,-0.0044,-0.0009,0.0000,0.14260,1067
21565,0,0.14387,18.84518,-0.0028,-0.0005,0.0000,0.14261,1070
21575,0,0.14382,18.84518,-0.0076,-0.0003,0.0000,0.14491,1067
21585,0,0.14388,18.84518,-0.0076,-0.0002,0.0000,0.15112,1073
21595,0,0.14394,18.84518,-0.0018,-0.0001,0.0000,0.14782,1084
21605,0,0.14391,18.84518,-0.0220,-0.0001,0.0000,0.15318,1095
21615,0,0.14365,18.84518,-0.0236,-0.0000,0.0000,0.14241,1067
21625,0,0.14337,18.84518,-0.0209,-0.0000,0.0000,0.14008,1070
21635,0,0.14311,18.84518,0.0004,-0.0000,0.0000,0.12969,1067
21645,0,0.14306,18.84518,0.0046,-0.0000,0.0000,0.13855,1070
21655,0,0.14301,18.84518,0.0057,-0.0000,0.0000,0.13750,1076
21665,0,0.14320,18.84518,0.0035,-0.0000,0.0000,0.15093,1091
21675,0,0.14331,18.84605,-0.0028,0.0348,0.0000,0.15023,1067
21685,0,0.14317,18.84605,-0.0209,0.0209,0.0000,0.14675,1070
21695,0,0.14299,18.84605,-0.0316,0.0125,0.0000,0.14946,1067
21705,0,0.14312,18.84605,0.0014,0.0075,0.0000,0.14900,1070
21715,0,0.14285,18.84518,-0.0188,-0.0303,0.0000,0.13880,1076
21725,0,0.14286,18.84518,-0.0018,-0.0182,0.0000,0.14431,1089
21735,0,0.14268,18.84518,-0.0071,-0.0109,0.0000,0.13737,1067
21753,0,0.14275,18.84605,-0.0023,0.0282,0.0000,0.14718,1117
21763,0,0.14279,18.84605,-0.0034,0.0169,0.0000,0.14654,1068
21773,0,0.14285,18.84605,-0.0002,0.0102,0.0000,0.14601,1079
21783,0,0.14284,18.84605,-0.0092,0.0061,0.0000,0.14684,1079
21793,0,0.14273,18.84605,-0.0124,0.0037,0.0000,0.14364,1088
21803,0,0.14258,18.84694,-0.0023,0.0376,0.0000,0.13602,1064
21813,0,0.14233,18.84694,-0.0156,0.0226,0.0000,0.13759,1072
21823,0,0.14223,18.84605,0.0051,-0.0219,0.0000,0.13483,1064
21833,0,0.14205,18.84605,-0.0098,-0.0131,0.0000,0.13761,1080
21843,0,0.14199,18.84605,0.0035,-0.0079,0.0000,0.13743,1080
21853,0,0.14209,18.84605,0.0041,-0.0047,0.0000,0.14516,1087
21863,0,0.14223,18.84605,0.0158,-0.0028,0.0000,0.14137,1076
21873,0,0.14223,18.84781,0.0004,0.0685,0.0000,0.14220,1086
21883,0,0.14226,18.84781,0.0025,0.0411,0.0000,0.14227,1064
21893,0,0.14228,18.84781,-0.0050,0.0247,0.0000,0.14555,1075
21903,0,0.14234,18.84781,0.0062,0.0148,0.0000,0.14268,1080
21913,0,0.14241,18.84781,0.0041,0.0089,0.0000,0.14349,1088
21923,0,0.14228,18.84781,-0.0023,0.0053,0.0000,0.13732,1070
21933,0,0.14235,18.84781,0.0131,0.0032,0.0000,0.13929,1080
21943,0,0.14248,18.84781,0.0030,0.0019,0.0000,0.14723,1081
21962,0,0.14246,18.84781,0.0035,0.0012,0.0000,0.13957,1140
21972,0,0.14246,18.84781,-0.0039,0.0007,0.0000,0.14464,1092
21982,0,0.14228,18.84781,-0.0055,0.0004,0.0000,0.13615,1098
21992,0,0.14252,18.84781,0.0291,0.0002,0.0000,0.13974,1101
22002,0,0.14269,18.84781,0.0046,0.0001,0.0000,0.14891,1109
22012,0,0.14287,18.84781,0.0131,0.0001,0.0000,0.14540,1075
22022,0,0.14311,18.84868,0.0137,0.0348,0.0000,0.14825,1079
22032,0,0.14328,18.84868,0.0062,0.0209,0.0000,0.14870,1085
22042,0,0.14346,18.84868,0.0051,0.0125,0.0000,0.14992,1094
22052,0,0.14349,18.84868,-0.0044,0.0075,0.0000,0.14697,1075
22062,0,0.14357,18.84955,-0.0012,0.0393,0.0000,0.14818,1086
22072,0,0.14357,18.84955,-0.0039,0.0236,0.0000,0.14544,1092
22082,0,0.14364,18.84955,-0.0044,0.0142,0.0000,0.14955,1091
22092,0,0.14338,18.84955,-0.0273,0.0085,0.0000,0.14395,1080
22102,0,0.14312,18.84868,-0.0263,-0.0297,0.0000,0.14348,1090
22112,0,0.14305,18.84868,-0.0012,-0.0178,0.0000,0.14023,1089
22122,0,0.14285,18.84868,-0.0087,-0.0107,0.0000,0.13680,1098
22132,0,0.14276,18.84868,-0.0034,-0.0064,0.0000,0.14043,1104
22142,0,0.14266,18.84868,0.0004,-0.0038,0.0000,0.13736,1091
22152,0,0.14246,18.84868,-0.0044,-0.0023,0.0000,0.13442,1075
22171,0,0.14254,18.84868,0.0083,-0.0014,0.0000,0.14251,1120
